timestep,episode,reward,length
152,1,-6.45,19
208,2,5.47,26
208,3,-8.07,26
248,4,-10.15,31
256,5,1.08,32
264,6,-15.84,33
288,7,19.69,36
288,8,-0.97,17
320,9,-8.64,14
384,10,-7.64,17
408,11,-8.10,18
424,12,0.17,27
488,13,-10.82,21
496,14,-3.75,26
528,15,-13.14,34
544,16,0.67,32
576,17,-7.94,19
584,18,0.53,25
616,19,-18.73,26
616,20,-8.68,16
640,21,-16.11,18
704,22,-10.04,15
704,23,-19.15,20
736,24,-13.24,26
744,25,-12.51,13
752,26,-2.22,17
784,27,220.69,98
816,28,-18.52,30
856,29,-15.47,19
864,30,-3.82,15
992,31,-16.41,26
1032,32,8.79,35
1056,33,-26.79,40
1072,34,25.02,32
1128,35,-20.92,64
1176,36,-9.84,18
1216,37,4.97,28
1256,38,-1.83,69
1280,39,3.42,26
1288,40,47.24,53
1320,41,-30.25,33
1336,42,-15.11,15
1344,43,2.23,27
1400,44,137.98,68
1408,45,-7.69,16
1440,46,-7.61,33
1456,47,7.64,25
1496,48,-9.15,22
1504,49,-4.25,20
1536,50,-8.31,17
1576,51,-12.47,15
1592,52,-3.09,19
1656,53,-12.44,19
1664,54,2.00,32
1704,55,17.67,26
1744,56,124.75,57
1760,57,-11.95,13
1768,58,-4.65,24
1776,59,7.17,30
1840,60,12.63,63
1856,61,-11.38,19
1896,62,6.56,29
1904,63,-14.24,16
1928,64,-6.98,21
1928,65,-7.48,23
1968,66,28.20,47
2008,67,-7.96,14
2040,68,-7.54,17
2072,69,-8.73,18
2096,70,-28.04,30
2112,71,-21.83,43
2120,72,-0.52,19
2144,73,-5.88,17
2144,74,1.11,38
2168,75,-11.56,16
2184,76,-6.24,14
2264,77,-7.84,19
2296,78,-29.48,46
2304,79,-20.35,20
2304,80,3.32,26
2376,81,-23.16,32
2384,82,4.25,27
2408,83,-22.17,33
2408,84,-9.42,18
2496,85,-6.97,24
2520,86,-9.37,27
2544,87,-8.29,45
2552,88,13.71,32
2560,89,3.32,19
2664,90,4.76,36
2704,91,0.37,23
2704,92,-9.25,18
2712,93,-48.58,41
2720,94,-13.65,22
2728,95,-30.65,40
2736,96,-4.03,23
2808,97,-11.50,13
2840,98,33.33,43
2888,99,1.72,20
2896,100,-15.03,23
2904,101,-5.50,25
2952,102,-3.55,27
3000,103,-12.10,20
3008,104,-9.53,15
3032,105,-12.70,16
3040,106,-14.83,29
3080,107,3.23,45
3136,108,-13.01,17
3144,109,-1.12,31
3144,110,12.17,60
3200,111,-7.14,20
3224,112,-6.16,18
3264,113,-4.96,29
3288,114,-10.64,18
3328,115,-14.11,23
3344,116,27.90,49
3368,117,5.60,21
3368,118,-12.79,29
3432,119,-7.75,21
3440,120,47.57,54
3472,121,-20.91,31
3488,122,-11.22,18
3512,123,-6.50,28
3512,124,8.02,23
3544,125,-13.41,22
3568,126,-32.17,25
3576,127,-10.53,17
3640,128,9.02,26
3704,129,-12.39,17
3712,130,-4.48,28
3784,131,-14.00,34
3808,132,-24.86,37
3864,133,-3.47,20
3864,134,-8.49,19
3864,135,-4.73,28
3896,136,-14.07,14
3936,137,-16.18,16
3968,138,-0.51,49
3976,139,43.18,63
4064,140,-21.18,25
4088,141,-29.42,28
4096,142,3.81,25
4096,143,-17.85,29
4104,144,-7.93,17
4136,145,178.85,74
4152,146,-5.83,22
4224,147,1.88,36
4240,148,-13.25,17
4248,149,-5.93,20
4280,150,-8.97,16
4296,151,-20.07,25
4320,152,9.36,32
4336,153,-10.94,25
4352,154,-3.49,32
4392,155,-11.15,18
4424,156,-18.56,25
4448,157,-10.28,21
4464,158,4.24,21
4480,159,-1.79,18
4520,160,-13.39,16
4560,161,-7.16,17
4592,162,-32.82,34
4608,163,-12.38,18
4608,164,-7.93,32
4688,165,-3.09,21
4688,166,-4.47,16
4736,167,-3.49,16
4736,168,126.24,62
4768,169,12.84,36
4784,170,30.94,42
4800,171,2.15,24
4864,172,-12.16,22
4896,173,-0.38,20
4936,174,-14.67,19
4984,175,-6.71,15
4992,176,-8.16,32
5008,177,-10.22,30
5048,178,10.81,45
5112,179,93.30,65
5144,180,2.87,31
5176,181,-4.29,23
5248,182,-5.19,39
5248,183,11.15,33
5280,184,1.60,34
5288,185,-12.56,18
5328,186,163.27,66
5344,187,-4.56,21
5368,188,-13.60,32
5384,189,-2.34,17
5448,190,-0.61,20
5480,191,-10.37,25
5536,192,-18.73,24
5536,193,2.57,26
5536,194,-0.68,21
5584,195,14.85,42
5608,196,-13.51,16
5608,197,-1.81,70
5648,198,-11.03,14
5712,199,-1.37,22
5736,200,-12.01,19
5784,201,-5.72,22
5832,202,7.21,56
5832,203,-7.83,12
5840,204,0.71,29
5848,205,-9.20,25
5960,206,0.90,31
6016,207,-0.02,23
6032,208,61.08,73
6040,209,-2.23,24
6056,210,92.14,65
6064,211,-15.61,29
6088,212,-11.97,16
6112,213,-13.54,41
6192,214,-6.48,20
6232,215,-5.64,18
6248,216,-8.90,17
6288,217,-33.96,31
6344,218,1.20,35
6360,219,-17.67,21
6400,220,-8.71,14
6400,221,-6.74,43
6448,222,-7.49,13
6456,223,-45.94,55
6456,224,151.10,77
6536,225,-12.57,10
6552,226,-15.77,40
6600,227,-13.52,19
6632,228,-0.52,29
6656,229,-5.53,32
6728,230,-9.93,16
6768,231,78.81,65
6776,232,-51.12,52
6784,233,-11.31,16
6808,234,21.36,44
6816,235,14.81,35
6824,236,-6.87,24
6880,237,16.74,41
6912,238,-13.63,13
6912,239,-12.04,17
7000,240,-29.96,34
7016,241,21.33,31
7040,242,1.97,32
7056,243,-5.92,30
7056,244,-7.79,22
7080,245,-13.09,32
7216,246,-5.07,25
7224,247,-10.12,18
7240,248,-7.41,23
7280,249,1.36,30
7296,250,1.09,30
7304,251,-17.15,38
7320,252,38.39,51
7328,253,-7.84,13
7376,254,-12.58,20
7432,255,-4.04,17
7480,256,5.93,25
7480,257,-9.69,22
7496,258,-8.92,15
7496,259,-4.14,32
7568,260,10.48,82
7608,261,-29.27,35
7616,262,4.26,37
7680,263,-1.77,25
7728,264,15.26,31
7736,265,4.64,21
7768,266,-0.07,34
7840,267,-12.95,20
7864,268,0.17,31
7888,269,-7.36,19
7944,270,-42.93,42
7944,271,2.41,22
7944,272,72.20,56
7984,273,82.37,69
8064,274,6.08,28
8096,275,-10.12,26
8104,276,-2.02,20
8104,277,0.99,30
8128,278,-6.48,18
8144,279,25.09,52
8176,280,0.05,29
8184,281,-11.29,15
8200,282,1.44,32
8240,283,-7.36,17
8264,284,-5.43,20
8304,285,-6.15,20
8328,286,-4.02,19
8336,287,-1.53,19
8344,288,-11.20,18
8416,289,27.42,40
8448,290,-20.33,40
8464,291,-4.37,17
8480,292,-2.01,27
8568,293,-14.02,29
8568,294,-2.60,19
8584,295,9.54,35
8592,296,-10.59,18
8600,297,-8.15,17
8656,298,21.30,39
8720,299,-2.33,19
8728,300,-3.75,20
8768,301,-20.75,22
8776,302,-6.45,37
8776,303,-10.30,15
8800,304,118.14,70
8808,305,-9.16,28
8864,306,-8.53,18
8872,307,-18.31,34
8920,308,-7.17,24
8928,309,-8.60,19
8960,310,-7.87,19
8992,311,-6.30,24
9040,312,-6.47,15
9064,313,6.21,24
9080,314,1.19,38
9168,315,4.61,26
9184,316,-5.00,40
9224,317,-4.94,29
9248,318,-1.28,26
9296,319,-8.64,14
9344,320,144.31,72
9352,321,144.13,53
9408,322,1.42,30
9456,323,-3.02,20
9496,324,-10.89,19
9496,325,146.03,54
9528,326,137.02,56
9616,327,-12.58,20
9624,328,12.94,27
9648,329,36.19,50
9664,330,145.27,55
9672,331,-12.57,18
9680,332,-20.56,23
9744,333,2.08,31
9816,334,-4.44,18
9840,335,-11.73,20
9840,336,-25.55,27
9904,337,184.13,69
9912,338,-16.54,21
9952,339,-1.35,38
10032,340,-3.75,24
10040,341,-1.95,25
10048,342,-2.76,29
10080,343,-7.52,21
10144,344,161.67,60
10176,345,18.04,34
10192,346,-8.28,20
10216,347,-1.22,22
10224,348,10.28,34
10248,349,212.15,79
10256,350,-2.14,26
10352,351,-6.04,22
10360,352,-9.35,18
10368,353,-23.51,36
10384,354,-4.52,24
10392,355,-10.18,18
10408,356,-5.08,19
10464,357,-8.60,30
10472,358,3.29,41
10472,359,-11.89,15
10568,360,13.20,20
10616,361,-13.06,18
10624,362,-12.04,20
10704,363,-0.62,29
10760,364,-12.98,24
10768,365,-15.13,18
10776,366,39.72,49
10808,367,43.42,56
10856,368,12.81,30
10872,369,-13.15,13
10928,370,2.34,19
10944,371,66.50,72
10992,372,167.01,75
11008,373,-11.41,38
11016,374,2.79,32
11048,375,-0.70,24
11104,376,-6.27,22
11128,377,10.16,40
11136,378,-10.97,15
11160,379,-3.90,19
11176,380,-11.52,23
11240,381,-10.45,24
11248,382,-45.49,47
11280,383,-9.51,18
11320,384,-10.99,24
11336,385,-6.32,20
11384,386,164.50,55
11416,387,-7.24,21
11440,388,138.75,42
11464,389,-12.20,16
11504,390,-6.24,33
11592,391,-7.74,26
11632,392,8.70,39
11640,393,-6.57,22
11672,394,51.28,49
11712,395,170.41,69
11712,396,15.02,26
11784,397,-11.31,14
11832,398,-8.29,25
11864,399,144.74,53
11872,400,4.23,29
11880,401,-14.75,21
11920,402,-0.37,26
11944,403,-3.38,20
11984,404,-2.74,19
12032,405,-10.31,19
12064,406,-7.63,18
12072,407,10.30,26
12072,408,-11.54,16
12152,409,40.76,92
12152,410,-7.42,21
12168,411,-12.86,17
12192,412,-8.90,15
12200,413,-2.36,17
12240,414,155.57,81
12264,415,20.91,49
12288,416,-13.03,27
12296,417,-9.65,18
12320,418,-0.14,19
12400,419,-10.81,14
12416,420,-7.97,22
12424,421,-12.24,16
12432,422,-3.13,30
12440,423,-9.15,15
12464,424,-12.85,33
12544,425,-5.84,18
12568,426,3.80,19
12576,427,-0.98,19
12656,428,145.95,49
12664,429,15.87,64
12688,430,-13.94,32
12744,431,-43.98,38
12768,432,-14.14,25
12776,433,0.21,25
12784,434,-5.92,16
12816,435,-7.02,16
12872,436,-1.20,26
12888,437,-11.00,14
12904,438,7.43,45
12912,439,-15.45,21
12920,440,-12.56,17
13024,441,-0.82,26
13032,442,2.74,20
13032,443,-15.84,15
13056,444,156.81,74
13080,445,-2.88,24
13080,446,-5.93,20
13152,447,-9.70,16
13192,448,12.82,36
13200,449,20.73,54
13224,450,-7.23,18
13240,451,-0.79,26
13240,452,-18.50,26
13272,453,-12.73,15
13360,454,-8.52,20
13368,455,-6.99,16
13384,456,-3.46,20
13408,457,0.31,41
13424,458,-1.30,19
13432,459,-4.77,24
13464,460,10.12,34
13536,461,-11.80,21
13544,462,-16.24,15
13552,463,-8.16,18
13680,464,-10.22,18
13688,465,101.40,79
13720,466,-11.34,45
13736,467,-20.47,38
13784,468,-15.21,30
13792,469,-12.12,41
13840,470,-17.62,36
13872,471,17.95,61
13888,472,0.63,26
13888,473,-3.72,21
13904,474,-14.56,14
13928,475,-4.36,24
13936,476,0.83,31
13960,477,-8.44,15
14024,478,-15.29,17
14040,479,-8.37,13
14048,480,-10.38,20
14056,481,-7.55,23
14096,482,-10.17,24
14096,483,-2.18,17
14112,484,-10.03,23
14216,485,-4.20,21
14256,486,-8.91,20
14256,487,4.58,29
14264,488,1.10,28
14272,489,-10.78,20
14280,490,-20.68,62
14304,491,3.06,26
14360,492,11.70,38
14368,493,-9.39,19
14376,494,-14.48,15
14376,495,-2.88,15
14392,496,-15.48,16
14424,497,-8.78,18
14440,498,-3.99,17
14488,499,-30.76,27
14496,500,-14.00,17
14568,501,-8.43,16
14568,502,-4.98,25
14592,503,14.53,27
14608,504,-17.46,27
14680,505,-0.12,32
14720,506,-6.03,19
14752,507,-5.22,20
14752,508,-10.72,33
14752,509,1.01,23
14768,510,-13.53,49
14888,511,15.87,35
14928,512,-2.42,22
14952,513,-12.42,25
14960,514,-9.59,26
14976,515,23.07,32
14984,516,-17.88,38
15104,517,163.54,76
15112,518,-0.50,20
15144,519,-15.87,27
15224,520,16.91,33
15248,521,-12.27,17
15272,522,194.69,63
15296,523,54.66,51
15312,524,6.29,41
15424,525,-10.70,16
15440,526,-12.02,16
15464,527,-8.79,24
15496,528,55.52,65
15504,529,-63.19,50
15600,530,-8.46,20
15648,531,-10.48,18
15696,532,-17.62,25
15736,533,-5.92,61
15744,534,-1.71,40
15744,535,11.75,35
15792,536,-7.55,18
15800,537,166.81,82
15832,538,135.11,76
15896,539,-8.80,19
15920,540,-6.72,28
16000,541,-1.42,25
16000,542,-26.76,32
16000,543,-11.65,13
16008,544,-7.41,22
16088,545,-15.78,44
16136,546,-10.56,16
16136,547,-36.34,43
16144,548,-9.11,28
16152,549,-10.95,19
16240,550,195.44,80
16280,551,-67.30,35
16280,552,-10.84,18
16288,553,-10.22,19
16296,554,-7.90,18
16368,555,5.66,35
16424,556,-2.38,18
16440,557,-41.29,37
16448,558,18.77,56
16464,559,5.39,22
16576,560,-5.21,16
16576,561,-12.95,17
16600,562,-0.92,38
16608,563,16.12,41
16704,564,-6.69,16
16712,565,-37.73,59
16736,566,36.92,39
16808,567,78.68,55
16840,568,-6.93,30
16928,569,9.56,40
16952,570,0.35,61
16992,571,22.01,52
16992,572,-27.53,35
17000,573,21.20,37
17168,574,-20.51,54
17200,575,-0.92,26
17272,576,98.81,58
17320,577,-13.06,41
17328,578,3.66,41
17400,579,22.44,56
17464,580,160.84,78
17488,581,-7.88,21
17488,582,10.45,27
17496,583,47.89,71
17544,584,8.33,27
17616,585,-20.73,27
17624,586,-5.12,17
17624,587,98.05,53
17720,588,198.41,69
17736,589,3.10,34
17808,590,-1.57,23
17904,591,-7.70,21
17920,592,-13.71,38
17992,593,22.62,62
18008,594,-11.92,36
18064,595,-1.30,32
18104,596,136.63,70
18104,597,9.93,77
18144,598,-4.42,30
18152,599,-11.77,29
18192,600,2.98,23
18240,601,-2.05,22
18248,602,40.67,78
18296,603,17.55,38
18312,604,3.26,26
18392,605,-8.67,31
18392,606,-7.04,19
18424,607,-31.82,40
18440,608,-9.65,24
18504,609,7.14,26
18536,610,-3.13,43
18584,611,-18.20,24
18624,612,-11.18,29
18664,613,36.93,44
18744,614,14.70,40
18760,615,44.97,76
18784,616,-3.36,25
18792,617,-24.04,36
18824,618,9.67,25
18880,619,16.43,43
18880,620,33.49,55
18928,621,-6.22,21
18936,622,-3.21,24
18944,623,-2.32,35
18968,624,-6.67,18
18976,625,-12.02,12
18976,626,0.96,24
19080,627,-9.88,13
19104,628,-15.90,17
19112,629,-7.19,21
19192,630,-48.88,39
19208,631,2.10,34
19224,632,-11.71,15
19240,633,-25.98,56
19264,634,30.06,42
19288,635,1.43,26
19304,636,18.35,24
19368,637,109.56,49
19392,638,-8.10,16
19400,639,-6.16,24
19408,640,-10.89,13
19512,641,-8.08,14
19576,642,12.38,48
19592,643,-12.15,44
19616,644,-36.20,41
19648,645,-11.16,17
19688,646,-6.17,37
19728,647,-13.76,14
19736,648,23.67,41
19744,649,-5.29,19
19792,650,117.24,71
19872,651,166.43,63
19912,652,-7.02,21
19912,653,5.60,28
20008,654,99.40,54
20024,655,19.57,47
20128,656,-8.32,49
20168,657,-15.42,47
20168,658,23.69,55
20176,659,0.98,33
20232,660,-17.56,26
20304,661,18.93,37
20336,662,-15.51,26
20432,663,-2.42,33
20448,664,184.16,67
20456,665,7.53,28
20472,666,-7.59,17
20472,667,-6.54,37
20592,668,2.25,20
20592,669,141.74,90
20608,670,-9.15,20
20608,671,-5.12,17
20616,672,-31.99,39
20648,673,-12.48,24
20656,674,147.84,61
20704,675,-2.98,14
20712,676,-9.34,15
20744,677,-2.75,34
20784,678,-2.74,17
20808,679,-14.26,12
20840,680,10.02,29
20888,681,-11.53,13
20920,682,9.88,33
20976,683,-7.86,17
20992,684,-0.05,31
21000,685,37.06,48
21088,686,-74.19,48
21136,687,-0.43,27
21168,688,-4.98,21
21176,689,5.78,36
21216,690,5.02,28
21216,691,3.88,30
21256,692,-57.65,56
21280,693,-1.69,24
21328,694,-6.42,14
21328,695,-2.96,19
21392,696,34.16,98
21424,697,-8.27,36
21440,698,-21.96,28
21448,699,-12.52,15
21448,700,18.42,35
21456,701,-17.73,22
21560,702,23.52,38
21576,703,-7.10,17
21600,704,-13.01,34
21656,705,3.63,25
21664,706,-0.94,27
21696,707,36.95,34
21704,708,8.77,39
21760,709,-7.66,25
21856,710,-0.11,51
21864,711,-4.91,25
21912,712,-14.12,42
21928,713,-9.78,34
21960,714,1.11,25
22000,715,-10.98,18
22008,716,-9.64,18
22120,717,-12.99,15
22120,718,-10.94,26
22136,719,-4.94,54
22176,720,140.19,72
22216,721,64.07,65
22232,722,22.91,34
22272,723,-14.69,17
22360,724,11.06,30
22384,725,-4.81,26
22408,726,56.04,50
22424,727,174.80,62
22448,728,-26.13,41
22480,729,-16.43,31
22536,730,3.54,22
22544,731,2.41,34
22568,732,-9.15,18
22616,733,-14.18,26
22648,734,-33.19,54
22680,735,-18.80,29
22688,736,-9.30,15
22712,737,-10.89,22
22800,738,-1.08,40
22832,739,-7.11,23
22848,740,0.28,29
22856,741,-2.50,18
22912,742,-1.13,29
22944,743,155.58,70
22960,744,-8.43,20
22968,745,-10.13,35
23016,746,-10.95,20
23040,747,173.64,62
23088,748,-8.14,15
23088,749,8.94,32
23120,750,-10.33,26
23152,751,-19.23,38
23192,752,1.32,29
23216,753,-5.71,22
23216,754,-10.61,16
23272,755,-30.15,41
23376,756,-7.64,32
23392,757,-6.25,15
23408,758,6.80,24
23496,759,23.99,38
23504,760,-50.68,36
23576,761,-109.17,61
23616,762,34.54,58
23616,763,-9.28,28
23632,764,147.80,77
23752,765,16.35,32
23752,766,-7.32,17
23776,767,-3.45,18
23816,768,-59.00,51
23824,769,-51.40,40
23856,770,-22.79,30
23904,771,-6.71,66
23904,772,2.02,19
23944,773,-1.96,21
23976,774,-43.45,50
24072,775,6.28,32
24080,776,-37.35,41
24088,777,-7.61,33
24088,778,-0.86,29
24168,779,-7.06,24
24208,780,-9.19,33
24272,781,10.00,23
24352,782,15.80,33
24360,783,-13.10,24
24392,784,1.06,40
24464,785,49.07,70
24472,786,12.35,25
24488,787,-28.12,35
24520,788,-11.29,16
24552,789,6.25,25
24616,790,17.74,32
24640,791,183.97,92
24664,792,174.01,73
24720,793,-12.19,31
24736,794,6.29,27
24784,795,-4.09,37
24816,796,4.70,22
24848,797,-4.77,23
24880,798,-13.16,12
24912,799,-3.72,24
24944,800,0.68,26
25008,801,37.27,49
25024,802,-4.68,18
25032,803,19.36,60
25056,804,-15.67,30
25064,805,-28.83,27
25080,806,150.06,77
25216,807,-3.71,20
25264,808,-4.00,32
25312,809,15.81,36
25352,810,-3.89,40
25352,811,-1.25,36
25416,812,146.56,59
25472,813,19.60,49
25488,814,5.29,34
25488,815,49.19,72
25520,816,3.16,21
25576,817,12.40,28
25608,818,10.66,37
25664,819,15.80,50
25672,820,2.48,19
25728,821,-13.26,15
25728,822,-2.85,19
25744,823,-2.19,32
25776,824,-5.78,36
25808,825,-1.60,18
25848,826,-1.88,22
25872,827,-13.15,16
25888,828,-6.93,20
25904,829,3.53,22
26080,830,-1.82,38
26088,831,6.50,25
26104,832,3.07,32
26128,833,174.06,89
26128,834,72.78,82
26136,835,-6.12,29
26224,836,14.37,44
26248,837,-6.19,21
26256,838,-12.89,16
26296,839,-11.58,20
26344,840,-25.42,27
26368,841,100.96,70
26376,842,25.32,36
26480,843,-8.93,17
26496,844,-7.79,30
26512,845,-17.33,36
26520,846,-3.11,19
26640,847,108.99,43
26640,848,-15.32,18
26704,849,7.55,24
26752,850,10.90,29
26760,851,-6.50,15
26776,852,114.32,66
26784,853,190.24,85
26808,854,-9.14,54
26840,855,-22.71,45
26912,856,-7.46,16
26912,857,-5.83,17
26928,858,-35.86,36
27008,859,-7.41,32
27064,860,-5.72,32
27184,861,172.98,60
27200,862,-18.33,36
27248,863,-15.44,61
27256,864,-41.32,41
27264,865,-41.20,44
27312,866,145.99,59
27320,867,-10.48,32
27352,868,-12.61,19
27368,869,108.72,45
27384,870,-12.69,16
27536,871,-13.73,28
27608,872,8.60,32
27616,873,5.07,46
27640,874,6.79,47
27672,875,16.87,36
27672,876,-8.26,17
27672,877,-11.99,38
27752,878,-5.06,18
27760,879,-7.30,15
27816,880,-12.58,18
27840,881,-13.93,28
27848,882,-14.21,12
27872,883,1.84,25
27888,884,194.41,88
27896,885,170.96,72
28080,886,-11.00,24
28088,887,-2.69,24
28088,888,-30.57,34
28144,889,-14.62,59
28160,890,32.76,40
28160,891,-3.11,39
28224,892,1.20,17
28232,893,-13.07,19
28240,894,104.60,60
28264,895,-15.41,22
28312,896,-3.31,19
28368,897,34.11,62
28400,898,-5.90,22
28536,899,-1.71,34
28560,900,-9.01,20
28592,901,7.21,44
28592,902,8.01,35
28672,903,144.60,64
28712,904,37.68,60
28736,905,3.18,46
28744,906,-13.86,26
28808,907,11.30,27
28808,908,163.05,83
28832,909,4.79,30
28848,910,-7.07,17
28856,911,-8.11,37
28952,912,-6.61,18
29000,913,-8.99,19
29056,914,-11.85,40
29088,915,-29.15,32
29152,916,1.55,25
29152,917,18.71,37
29192,918,-14.07,56
29208,919,-21.15,26
29216,920,-13.12,16
29224,921,-8.91,21
29280,922,-5.42,16
29336,923,-22.22,66
29352,924,220.05,85
29392,925,2.55,23
29440,926,8.01,36
29440,927,7.61,31
29488,928,7.05,34
29544,929,-8.76,19
29608,930,0.96,21
29624,931,13.21,34
29632,932,10.30,37
29728,933,-12.26,36
29744,934,3.33,32
29776,935,-3.16,62
29784,936,33.66,70
29864,937,10.66,29
30008,938,24.55,35
30056,939,10.89,35
30064,940,136.24,57
30080,941,127.56,57
30088,942,-4.70,38
30184,943,28.96,55
30216,944,-11.56,16
30232,945,106.07,86
30296,946,-7.72,30
30312,947,50.77,56
30312,948,-14.17,31
30440,949,-24.37,45
30464,950,-1.53,57
30472,951,1.15,30
30496,952,-17.74,35
30512,953,-4.14,41
30552,954,-18.07,32
30552,955,2.78,30
30584,956,-9.05,34
30640,957,-12.12,18
30648,958,-3.21,23
30696,959,-4.42,18
30760,960,4.16,26
30800,961,5.69,27
30816,962,-3.82,21
30848,963,-28.40,42
30864,964,104.31,53
30928,965,-1.10,21
30928,966,-8.85,16
30984,967,-6.77,15
31024,968,-20.82,41
31064,969,-6.70,17
31088,970,-36.31,30
31088,971,152.47,77
31136,972,4.61,62
31192,973,-14.95,26
31216,974,4.24,24
31216,975,-17.55,36
31304,976,82.89,61
31352,977,-9.80,33
31360,978,-0.87,34
31376,979,-6.87,20
31432,980,12.72,37
31448,981,-9.55,48
31480,982,-4.41,22
31600,983,-13.92,51
31648,984,34.37,34
31656,985,81.50,55
31680,986,35.63,40
31688,987,8.15,32
31744,988,-50.01,49
31792,989,-6.89,39
31792,990,-20.84,43
31816,991,-4.19,20
31824,992,-8.26,17
31992,993,-6.65,43
32024,994,12.71,29
32048,995,-14.25,38
32120,996,9.42,65
32152,997,-5.89,20
32192,998,9.50,47
32240,999,0.58,27
32272,1000,-24.75,56
32304,1001,212.22,78
32344,1002,15.01,37
32376,1003,-3.84,28
32384,1004,-0.00,24
32472,1005,-0.12,16
32504,1006,-4.70,25
32520,1007,-3.97,17
32560,1008,-11.64,23
32608,1009,128.59,61
32616,1010,166.55,103
32656,1011,-10.59,52
32664,1012,-3.54,24
32688,1013,0.82,21
32696,1014,21.74,53
32704,1015,1.03,18
32768,1016,0.86,19
32784,1017,-5.49,22
32856,1018,0.09,25
32888,1019,7.10,48
32904,1020,3.05,27
32952,1021,3.47,32
33008,1022,-8.57,28
33016,1023,-16.79,44
33072,1024,-7.01,46
33216,1025,15.37,39
33392,1026,180.89,78
33416,1027,143.87,51
33472,1028,11.81,65
33488,1029,19.65,52
33504,1030,101.88,81
33576,1031,40.30,86
33664,1032,0.07,34
33728,1033,238.88,89
33752,1034,26.47,35
33840,1035,190.46,78
33928,1036,34.88,55
33944,1037,8.21,35
33968,1038,-10.43,16
34016,1039,157.20,64
34048,1040,47.84,59
34080,1041,131.38,83
34120,1042,-24.13,46
34264,1043,142.57,67
34448,1044,15.79,60
34464,1045,14.11,43
34512,1046,-7.65,31
34560,1047,142.97,60
34608,1048,22.43,74
34648,1049,231.33,88
34664,1050,196.11,92
34728,1051,17.94,33
34816,1052,3.59,46
34872,1053,35.01,45
34896,1054,5.53,21
34960,1055,-18.52,39
35008,1056,109.11,56
35080,1057,40.27,52
35104,1058,282.57,132
35128,1059,2.25,32
35152,1060,195.89,68
35224,1061,157.85,51
35256,1062,4.59,31
35312,1063,2.50,29
35368,1064,46.53,59
35368,1065,-1.47,33
35392,1066,-9.34,17
35440,1067,4.47,27
35472,1068,22.02,40
35472,1069,-12.55,43
35560,1070,-1.31,24
35576,1071,142.93,77
35592,1072,-7.78,19
35648,1073,140.93,42
35696,1074,-14.44,13
35704,1075,3.07,29
35784,1076,-19.28,49
35912,1077,134.96,68
35920,1078,30.20,45
35944,1079,110.05,59
36104,1080,105.94,57
36112,1081,8.66,41
36168,1082,23.82,31
36168,1083,107.06,59
36200,1084,179.26,62
36280,1085,-3.39,22
36360,1086,82.76,98
36432,1087,44.37,65
36432,1088,-9.39,19
36464,1089,-16.02,65
36472,1090,37.45,38
36520,1091,-4.95,20
36528,1092,1.55,52
36552,1093,-19.15,44
36560,1094,-10.67,49
36712,1095,-1.94,23
36768,1096,8.94,27
36816,1097,19.86,37
36856,1098,16.36,48
36960,1099,149.06,66
36992,1100,7.63,28
37104,1101,15.62,31
37112,1102,198.62,69
37224,1103,206.53,99
37248,1104,222.80,67
37296,1105,18.98,38
37312,1106,-0.40,25
37376,1107,143.20,52
37384,1108,18.51,71
37504,1109,145.36,130
37536,1110,-7.04,19
37664,1111,10.80,44
37696,1112,-0.31,20
37784,1113,121.49,67
37784,1114,154.81,70
37848,1115,194.64,93
37864,1116,120.46,61
37968,1117,-2.72,23
37968,1118,202.17,84
38008,1119,-22.81,43
38008,1120,181.69,63
38024,1121,41.83,41
38032,1122,-11.99,31
38232,1123,6.63,26
38256,1124,-8.39,49
38336,1125,-2.99,41
38368,1126,33.03,45
38464,1127,79.88,62
38464,1128,96.25,62
38480,1129,18.00,31
38504,1130,-14.99,17
38504,1131,36.67,82
38640,1132,38.20,76
38664,1133,-11.45,20
38688,1134,1.37,23
38856,1135,190.66,65
38872,1136,43.19,51
38872,1137,173.88,77
38920,1138,5.15,29
38960,1139,25.98,60
39024,1140,165.50,70
39040,1141,-43.68,47
39056,1142,112.08,52
39096,1143,-8.13,28
39200,1144,-5.82,35
39240,1145,26.62,46
39288,1146,-1.90,24
39320,1147,5.05,37
39352,1148,95.43,49
39440,1149,12.96,50
39496,1150,4.36,26
39504,1151,167.08,81
39584,1152,114.72,66
39600,1153,4.24,20
39672,1154,123.04,54
39752,1155,-9.52,19
39824,1156,180.74,78
39856,1157,5.37,67
39880,1158,-15.02,26
39928,1159,-5.76,13
40008,1160,13.07,64
40024,1161,163.15,84
40032,1162,188.92,66
40048,1163,10.62,37
40080,1164,-1.86,25
40112,1165,8.93,32
40112,1166,-10.26,13
40160,1167,123.94,72
40272,1168,16.01,43
40336,1169,-1.21,32
40352,1170,39.78,40
40360,1171,0.42,42
40384,1172,-4.80,28
40424,1173,23.80,39
40520,1174,-12.89,12
40528,1175,-6.09,18
40584,1176,7.38,29
40640,1177,183.27,74
40704,1178,-2.85,22
40736,1179,4.86,27
40752,1180,185.95,80
40832,1181,138.04,59
40832,1182,145.50,70
40848,1183,-10.05,14
40864,1184,3.44,28
40952,1185,220.84,77
40984,1186,-4.53,15
41080,1187,26.22,29
41088,1188,70.19,63
41144,1189,3.43,39
41248,1190,36.21,68
41248,1191,-0.11,20
41304,1192,-6.22,20
41304,1193,121.12,69
41304,1194,-1.07,40
41328,1195,29.03,47
41336,1196,182.74,63
41504,1197,22.66,53
41528,1198,6.37,25
41536,1199,0.87,29
41600,1200,7.63,44
41616,1201,31.19,39
41752,1202,2.22,19
41768,1203,129.86,58
41784,1204,133.12,56
41808,1205,13.87,38
41824,1206,-2.90,37
41880,1207,-9.79,14
41984,1208,72.83,92
42008,1209,-11.38,23
42064,1210,3.86,32
42136,1211,-9.85,19
42160,1212,13.19,35
42160,1213,215.55,78
42208,1214,11.37,25
42312,1215,27.06,66
42336,1216,216.54,73
42392,1217,19.99,32
42416,1218,16.88,32
42432,1219,235.81,102
42480,1220,-6.95,52
42544,1221,113.55,48
42552,1222,-3.01,27
42568,1223,-3.19,45
42640,1224,10.56,28
42648,1225,2.90,21
42712,1226,44.30,50
42728,1227,1.70,23
42856,1228,-31.37,53
42864,1229,10.82,27
42936,1230,8.48,48
42992,1231,-0.29,33
42992,1232,-12.98,17
43104,1233,-15.21,49
43120,1234,4.98,23
43128,1235,212.89,92
43160,1236,104.03,74
43248,1237,38.89,48
43264,1238,212.25,78
43296,1239,-14.44,22
43400,1240,92.91,51
43400,1241,4.60,34
43504,1242,25.16,43
43584,1243,-65.37,74
43624,1244,6.88,28
43640,1245,6.04,49
43680,1246,-19.88,35
43680,1247,177.02,72
43768,1248,198.40,63
43768,1249,1.05,33
43824,1250,-6.07,23
43832,1251,150.77,67
43840,1252,-3.65,20
43880,1253,14.96,32
43936,1254,-14.34,44
43984,1255,-13.43,18
44016,1256,-6.61,17
44040,1257,9.62,27
44048,1258,29.50,35
44088,1259,-0.35,19
44152,1260,62.46,59
44216,1261,-8.50,16
44232,1262,-4.12,24
44272,1263,21.58,32
44304,1264,156.63,59
44312,1265,28.73,41
44328,1266,208.61,70
44360,1267,-4.32,18
44480,1268,3.23,31
44544,1269,-14.47,23
44544,1270,33.74,62
44592,1271,-8.43,36
44624,1272,6.20,39
44672,1273,4.95,24
44744,1274,4.66,25
44744,1275,-5.27,15
44800,1276,-19.99,32
44872,1277,-2.04,75
44880,1278,177.08,91
44936,1279,123.62,76
45072,1280,-7.86,17
45088,1281,3.52,62
45136,1282,43.80,49
45184,1283,8.97,38
45232,1284,228.29,70
45344,1285,191.11,68
45360,1286,-7.16,28
45368,1287,3.97,23
45384,1288,204.82,80
45400,1289,-4.18,21
45408,1290,209.60,67
45536,1291,20.57,58
45592,1292,14.98,29
45600,1293,-3.61,29
45632,1294,185.65,68
45656,1295,10.73,39
45664,1296,-7.80,16
45728,1297,18.13,41
45744,1298,113.61,45
45784,1299,-11.43,16
45888,1300,1.91,32
45888,1301,-11.02,36
45912,1302,-3.77,21
45944,1303,23.44,44
45968,1304,-12.57,30
46008,1305,139.80,75
46024,1306,10.50,45
46096,1307,-15.95,16
46144,1308,-11.69,15
46184,1309,18.20,37
46200,1310,-7.76,32
46336,1311,30.92,53
46352,1312,3.43,26
46352,1313,29.28,71
46368,1314,-1.86,45
46440,1315,23.46,43
46456,1316,26.29,34
46488,1317,67.28,75
46504,1318,-3.58,17
46576,1319,3.46,30
46632,1320,7.62,24
46784,1321,176.48,54
46816,1322,9.90,45
46848,1323,258.63,81
46896,1324,-0.10,49
46920,1325,24.24,43
46928,1326,-11.25,18
46960,1327,43.64,41
47104,1328,24.99,94
47104,1329,193.56,77
47232,1330,21.40,48
47240,1331,-4.25,17
47248,1332,151.49,54
47272,1333,28.42,39
47352,1334,0.56,31
47360,1335,57.98,55
47384,1336,-10.44,17
47400,1337,-7.31,20
47416,1338,181.12,65
47440,1339,-5.93,21
47488,1340,61.38,70
47512,1341,-2.20,20
47520,1342,3.45,20
47656,1343,18.35,34
47656,1344,18.73,53
47720,1345,12.31,40
47744,1346,-8.45,38
47800,1347,13.90,35
47864,1348,-25.00,44
47888,1349,-7.95,59
47888,1350,-9.24,21
47912,1351,-1.84,32
47912,1352,6.36,32
47936,1353,-3.18,17
48016,1354,144.95,66
48064,1355,14.91,40
48072,1356,-7.34,23
48120,1357,-9.48,23
48136,1358,-2.08,28
48144,1359,-2.51,32
48208,1360,-6.36,18
48264,1361,42.99,50
48320,1362,-5.57,22
48320,1363,-0.50,51
48328,1364,11.98,39
48368,1365,-6.28,37
48504,1366,10.41,48
48552,1367,8.68,28
48608,1368,-14.64,36
48632,1369,21.15,46
48640,1370,24.02,40
48640,1371,-2.54,17
48672,1372,222.39,67
48688,1373,-16.20,17
48704,1374,-33.05,62
48760,1375,-1.90,49
48792,1376,-16.65,23
48816,1377,-10.40,23
48880,1378,-6.28,22
48912,1379,34.09,34
48976,1380,-15.78,23
49032,1381,-15.41,45
49040,1382,36.60,50
49168,1383,122.75,51
49208,1384,-12.54,22
49272,1385,-36.18,57
49280,1386,58.47,50
49304,1387,195.75,77
49360,1388,169.98,56
49408,1389,3.90,54
49448,1390,-0.57,21
49480,1391,40.82,55
49528,1392,25.73,32
49552,1393,156.33,48
49696,1394,-4.00,21
49752,1395,211.32,68
49848,1396,-16.42,37
49872,1397,125.20,64
49904,1398,-7.40,19
50016,1399,-19.70,67
50024,1400,-3.54,19
50040,1401,207.78,79
50048,1402,-15.56,18
50144,1403,238.68,105
50216,1404,3.04,96
50344,1405,8.29,41
50352,1406,194.48,82
50392,1407,190.69,68
50424,1408,100.65,48
50648,1409,211.33,63
50664,1410,-3.31,30
50704,1411,217.65,85
50752,1412,212.45,88
50800,1413,145.85,51
50896,1414,196.16,85
50912,1415,153.00,71
51048,1416,5.84,50
51128,1417,92.34,47
51152,1418,152.76,61
51232,1419,144.89,54
51296,1420,192.15,74
51312,1421,144.13,50
51312,1422,-12.21,52
51544,1423,243.28,149
51584,1424,200.48,67
51592,1425,85.89,55
51616,1426,20.63,38
51696,1427,151.90,71
51712,1428,136.53,52
51720,1429,151.69,61
51904,1430,-12.21,26
51936,1431,17.77,43
51976,1432,19.56,32
52064,1433,19.41,65
52096,1434,204.40,60
52112,1435,7.80,50
52232,1436,178.81,115
52272,1437,200.82,86
52288,1438,67.38,48
52304,1439,38.47,41
52360,1440,-20.93,37
52408,1441,-1.68,17
52592,1442,-4.55,23
52608,1443,210.87,62
52672,1444,225.89,92
52728,1445,209.05,79
52728,1446,161.41,55
52752,1447,107.66,56
52760,1448,15.12,50
52816,1449,67.95,73
52936,1450,11.68,26
53040,1451,145.50,54
53128,1452,16.97,47
53160,1453,29.02,50
53216,1454,17.44,35
53240,1455,188.20,71
53344,1456,154.12,94
53376,1457,102.75,70
53416,1458,-5.48,86
53528,1459,156.59,61
53656,1460,91.04,66
53688,1461,53.60,56
53696,1462,2.48,35
53760,1463,24.32,48
53768,1464,222.79,76
53792,1465,208.59,72
53928,1466,-14.37,21
53944,1467,212.17,75
53992,1468,-0.82,28
54016,1469,7.40,28
54040,1470,8.55,48
54112,1471,78.18,73
54168,1472,150.38,60
54176,1473,124.08,60
54304,1474,116.89,47
54344,1475,24.70,50
54376,1476,32.76,42
54512,1477,179.51,65
54560,1478,110.19,68
54648,1479,115.88,59
54760,1480,-20.51,31
54768,1481,7.35,26
54768,1482,60.73,53
54784,1483,40.65,77
54832,1484,179.03,90
54952,1485,163.26,72
54960,1486,-4.74,22
55016,1487,31.55,31
55048,1488,130.10,93
55064,1489,19.20,37
55072,1490,11.41,39
55080,1491,15.79,31
55208,1492,-3.71,20
55232,1493,246.92,73
55312,1494,8.92,30
55480,1495,-2.55,21
55496,1496,181.62,68
55504,1497,12.13,61
55568,1498,148.62,76
55600,1499,20.82,46
55696,1500,148.24,77
55704,1501,226.05,80
55728,1502,161.77,65
55816,1503,2.00,39
55872,1504,29.04,34
55968,1505,159.58,61
56000,1506,167.46,63
56056,1507,47.44,44
56080,1508,20.77,44
56160,1509,-6.43,20
56200,1510,195.99,79
56216,1511,23.25,43
56240,1512,187.37,68
56312,1513,10.16,62
56456,1514,171.57,61
56464,1515,9.22,28
56504,1516,7.18,43
56520,1517,-3.99,26
56560,1518,143.85,63
56624,1519,11.94,68
56688,1520,-11.83,61
56800,1521,8.67,35
56856,1522,140.58,49
56912,1523,20.05,57
56928,1524,-13.70,38
56968,1525,217.86,94
57024,1526,14.60,42
57096,1527,190.19,67
57136,1528,4.04,35
57184,1529,1.02,20
57216,1530,-4.60,15
57224,1531,207.50,90
57224,1532,31.89,39
57288,1533,176.33,61
57368,1534,19.97,29
57416,1535,-12.50,25
57424,1536,15.34,30
57488,1537,171.01,70
57488,1538,89.47,65
57744,1539,161.28,65
57752,1540,166.15,66
57792,1541,-22.56,46
57840,1542,34.57,69
58032,1543,22.28,30
58032,1544,-11.84,35
58048,1545,224.34,70
58072,1546,188.94,73
58128,1547,169.31,95
58136,1548,205.99,90
58240,1549,4.88,26
58264,1550,194.55,65
58400,1551,11.39,46
58440,1552,6.46,25
58560,1553,112.58,53
58600,1554,44.92,59
58632,1555,155.47,73
58752,1556,250.42,114
58792,1557,165.26,66
58832,1558,-13.02,49
58840,1559,218.53,96
58992,1560,90.17,74
59024,1561,170.65,53
59040,1562,3.75,31
59056,1563,4.74,38
59088,1564,5.13,32
59192,1565,211.29,79
59200,1566,-0.71,20
59208,1567,-5.44,23
59264,1568,6.43,34
59312,1569,222.24,85
59456,1570,14.10,31
59504,1571,139.24,52
59608,1572,-16.48,52
59608,1573,-1.69,37
59648,1574,179.23,101
59656,1575,51.97,57
59744,1576,120.84,60
59800,1577,225.89,93
59912,1578,196.89,57
60016,1579,21.08,46
60048,1580,176.83,68
60072,1581,56.78,58
60104,1582,26.57,38
60128,1583,117.41,65
60152,1584,142.53,62
60424,1585,228.29,85
60488,1586,-6.01,45
60512,1587,125.56,62
60680,1588,0.22,21
60696,1589,151.59,74
60712,1590,220.81,80
60744,1591,224.02,74
60768,1592,257.59,107
60872,1593,205.99,103
60960,1594,126.57,67
61008,1595,177.38,65
61032,1596,6.32,20
61064,1597,31.76,48
61080,1598,-32.81,42
61104,1599,37.44,51
61176,1600,189.44,58
61192,1601,-3.42,23
61224,1602,28.08,57
61296,1603,12.37,29
61352,1604,13.78,31
61440,1605,-7.60,18
61576,1606,103.84,68
61600,1607,137.63,47
61624,1608,166.14,56
61736,1609,-0.84,17
61760,1610,22.85,100
61816,1611,237.66,92
61824,1612,-4.34,31
61840,1613,150.61,81
61864,1614,2.17,30
61912,1615,174.59,59
62016,1616,5.52,19
62024,1617,221.68,84
62088,1618,15.61,33
62136,1619,20.10,37
62200,1620,155.10,58
62256,1621,11.11,30
62264,1622,180.93,63
62296,1623,47.10,60
62328,1624,10.91,30
62360,1625,31.33,42
62448,1626,6.70,31
62544,1627,-7.77,23
62568,1628,1.79,30
62576,1629,149.19,83
62584,1630,-31.61,56
62648,1631,-16.88,48
62672,1632,-23.71,28
62728,1633,150.24,54
62792,1634,-1.61,18
62872,1635,21.30,38
62960,1636,-16.17,29
62976,1637,103.63,90
62984,1638,15.14,55
63016,1639,-8.35,18
63024,1640,139.27,55
63040,1641,60.92,58
63152,1642,103.84,45
63192,1643,3.97,26
63272,1644,221.52,75
63320,1645,-11.07,16
63552,1646,176.06,67
63584,1647,174.70,54
63600,1648,118.48,78
63616,1649,224.21,74
63656,1650,-35.98,87
63712,1651,-9.28,16
63720,1652,-7.10,21
63728,1653,192.76,86
63784,1654,68.65,58
63864,1655,187.40,74
63952,1656,2.18,29
64016,1657,18.17,45
64128,1658,200.38,66
64152,1659,-8.37,17
64200,1660,8.78,31
64232,1661,187.68,77
64280,1662,62.84,62
64336,1663,134.41,78
64336,1664,155.76,76
64488,1665,120.15,78
64512,1666,2.23,35
64592,1667,99.27,55
64608,1668,18.41,34
64728,1669,140.50,66
64744,1670,11.52,32
64744,1671,186.69,51
64888,1672,19.95,76
64896,1673,20.37,38
64936,1674,0.51,24
65032,1675,42.14,65
65056,1676,18.91,41
65088,1677,232.25,120
65192,1678,-8.83,38
65272,1679,-9.63,30
65280,1680,32.41,84
65288,1681,107.91,68
65304,1682,19.97,31
65416,1683,190.90,65
65480,1684,14.46,36
65480,1685,16.44,26
65496,1686,172.30,70
65552,1687,-1.99,31
65680,1688,222.47,74
65808,1689,6.32,41
65848,1690,193.61,71
65880,1691,69.34,50
65912,1692,178.06,78
65928,1693,35.10,64
66088,1694,227.53,74
66096,1695,124.57,68
66224,1696,120.77,68
66272,1697,163.55,53
66360,1698,31.18,54
66384,1699,174.50,72
66392,1700,11.95,38
66560,1701,193.59,58
66608,1702,0.51,27
66624,1703,164.16,89
66632,1704,1.63,51
66656,1705,-6.41,34
66720,1706,133.39,105
66800,1707,154.96,55
66872,1708,21.99,31
66952,1709,173.92,85
67024,1710,20.33,49
67080,1711,148.22,59
67176,1712,-24.53,65
67256,1713,120.38,67
67360,1714,151.02,70
67368,1715,218.56,101
67464,1716,196.13,64
67496,1717,171.07,59
67528,1718,98.67,82
67592,1719,-12.48,28
67632,1720,170.59,57
67672,1721,142.88,74
67832,1722,172.66,72
67840,1723,154.57,60
67984,1724,164.91,61
68008,1725,179.79,60
68112,1726,198.43,65
68120,1727,117.72,61
68240,1728,118.33,97
68304,1729,138.11,58
68312,1730,194.88,60
68352,1731,225.99,85
68440,1732,165.70,54
68624,1733,181.22,80
68640,1734,152.48,50
68672,1735,1.03,29
68688,1736,-46.78,72
68688,1737,48.01,71
68760,1738,146.54,56
68880,1739,185.73,72
68976,1740,28.64,42
69008,1741,121.05,82
69064,1742,-12.15,47
69232,1743,88.64,68
69288,1744,227.60,83
69312,1745,188.74,69
69336,1746,204.60,83
69400,1747,123.60,49
69504,1748,163.39,66
69520,1749,135.87,57
69680,1750,94.43,100
69736,1751,140.46,50
69792,1752,77.58,49
69832,1753,158.75,65
69872,1754,198.56,80
69928,1755,193.15,80
70072,1756,188.74,71
70232,1757,265.85,89
70296,1758,67.60,53
70296,1759,23.67,58
70328,1760,257.49,81
70336,1761,13.84,33
70352,1762,198.48,77
70368,1763,167.89,72
70488,1764,4.49,24
70504,1765,-1.71,19
70528,1766,214.82,75
70608,1767,28.31,39
70840,1768,236.46,76
70848,1769,167.96,65
70912,1770,157.28,53
70920,1771,200.29,69
70936,1772,241.29,75
70968,1773,123.82,55
71008,1774,130.69,63
71064,1775,170.72,57
71248,1776,-10.59,35
71296,1777,182.51,57
71424,1778,198.69,64
71448,1779,208.72,64
71472,1780,168.60,69
71480,1781,5.78,23
71544,1782,199.20,87
71600,1783,212.60,67
71640,1784,1.30,24
71656,1785,3.46,23
71656,1786,108.28,81
71816,1787,148.57,71
71856,1788,-0.11,27
71888,1789,201.42,58
71912,1790,14.49,54
71976,1791,29.12,40
72064,1792,146.26,58
72120,1793,114.83,58
72168,1794,136.75,44
72200,1795,234.64,82
72216,1796,-11.87,12
72384,1797,155.88,62
72408,1798,223.81,69
72416,1799,-12.75,55
72608,1800,273.45,87
72632,1801,138.00,58
72688,1802,164.35,59
72752,1803,44.12,43
72776,1804,42.04,72
72832,1805,123.31,56
72872,1806,153.70,57
72880,1807,67.38,102
73088,1808,48.98,60
73128,1809,84.34,62
73136,1810,98.26,56
73192,1811,156.84,52
73216,1812,16.69,58
73296,1813,143.30,53
73376,1814,169.88,68
73448,1815,-0.61,19
73520,1816,129.26,80
73640,1817,181.47,63
73640,1818,12.99,53
73656,1819,132.51,66
73760,1820,145.28,84
73768,1821,-11.26,40
73776,1822,206.30,73
73864,1823,96.93,61
74008,1824,144.37,61
74080,1825,129.73,55
74120,1826,152.12,60
74176,1827,53.10,65
74232,1828,123.09,59
74272,1829,230.06,63
74296,1830,-21.17,54
74544,1831,217.09,96
74576,1832,41.49,71
74576,1833,183.01,57
74656,1834,155.78,72
74736,1835,190.50,63
74840,1836,162.16,83
74840,1837,143.27,71
74904,1838,31.28,45
74976,1839,221.64,85
75080,1840,156.89,63
75144,1841,193.77,61
75232,1842,87.27,82
75248,1843,180.29,64
75312,1844,155.26,51
75312,1845,179.78,59
75376,1846,156.91,67
75448,1847,72.14,59
75480,1848,-6.70,31
75496,1849,10.18,31
75552,1850,66.93,59
75680,1851,140.32,46
75768,1852,153.90,57
75824,1853,227.46,85
75952,1854,188.78,57
75968,1855,181.23,74
75968,1856,154.98,61
76056,1857,144.10,76
76136,1858,164.96,57
76192,1859,116.66,80
76408,1860,150.70,55
76440,1861,190.39,61
76528,1862,134.01,42
76544,1863,141.63,51
76592,1864,221.86,78
76608,1865,31.59,98
76632,1866,162.47,72
76824,1867,129.86,52
76864,1868,34.12,137
76928,1869,127.68,61
77048,1870,181.77,63
77056,1871,129.69,56
77128,1872,223.06,75
77208,1873,151.04,77
77224,1874,242.81,74
77296,1875,162.75,54
77328,1876,209.43,63
77440,1877,165.30,49
77448,1878,203.00,65
77544,1879,103.80,61
77560,1880,148.96,54
77640,1881,9.34,24
77696,1882,14.46,61
77800,1883,160.27,63
77816,1884,203.61,74
77864,1885,8.33,67
77896,1886,156.04,57
77968,1887,-9.11,19
78096,1888,157.84,67
78128,1889,-26.79,54
78152,1890,189.97,64
78200,1891,224.81,82
78248,1892,33.83,48
78408,1893,253.70,76
78440,1894,133.04,59
78472,1895,0.48,43
78584,1896,72.63,54
78640,1897,79.03,49
78664,1898,24.58,32
78712,1899,-0.52,77
78816,1900,3.21,47
78880,1901,263.95,123
78888,1902,1.46,31
78888,1903,199.89,86
78928,1904,156.45,57
79040,1905,183.54,57
79112,1906,144.98,50
79208,1907,-9.29,41
79232,1908,135.25,71
79312,1909,127.02,48
79328,1910,168.03,55
79336,1911,191.66,65
79424,1912,186.69,67
79536,1913,195.61,62
79680,1914,192.87,71
79752,1915,31.00,53
79752,1916,9.24,65
79760,1917,14.43,42
79768,1918,151.59,57
79792,1919,180.52,73
80000,1920,113.27,58
80072,1921,239.14,92
80184,1922,154.34,63
80232,1923,-1.63,20
80288,1924,45.12,67
80304,1925,226.85,69
80440,1926,62.57,81
80488,1927,230.94,61
80544,1928,189.97,97
80560,1929,203.37,100
80672,1930,127.72,55
80704,1931,174.29,65
80752,1932,9.08,39
80920,1933,85.06,54
80928,1934,-25.40,80
80944,1935,57.95,80
80944,1936,25.98,48
81120,1937,173.37,56
81152,1938,-9.39,29
81168,1939,218.30,78
81312,1940,136.47,48
81328,1941,153.40,48
81424,1942,10.64,84
81432,1943,158.20,61
81528,1944,128.37,103
81688,1945,128.66,67
81704,1946,162.61,67
81720,1947,65.69,51
81776,1948,143.31,56
81800,1949,44.21,85
81888,1950,138.74,58
82040,1951,221.16,64
82112,1952,-43.60,85
82224,1953,169.68,65
82256,1954,147.29,71
82312,1955,127.47,53
82392,1956,189.12,77
82392,1957,212.46,74
82408,1958,184.18,86
82528,1959,201.44,61
82720,1960,198.18,62
82760,1961,71.39,63
82776,1962,140.75,48
82864,1963,261.48,94
82880,1964,184.41,61
82888,1965,244.37,72
82904,1966,158.71,62
83072,1967,23.03,68
83144,1968,22.12,30
83208,1969,182.90,61
83240,1970,144.54,60
83360,1971,170.99,60
83400,1972,216.64,78
83440,1973,173.41,72
83456,1974,180.87,71
83616,1975,239.36,68
83728,1976,235.73,73
83752,1977,209.29,64
83776,1978,237.51,71
83888,1979,173.63,54
83920,1980,157.82,65
83936,1981,158.96,62
83968,1982,254.34,76
84136,1983,226.88,65
84192,1984,161.64,52
84240,1985,135.38,61
84240,1986,141.80,44
84264,1987,128.70,43
84272,1988,184.54,68
84488,1989,107.08,44
84520,1990,213.60,73
84592,1991,210.87,78
84688,1992,160.65,53
84704,1993,151.88,58
84752,1994,207.37,70
84800,1995,147.49,70
84880,1996,235.62,76
84944,1997,138.41,53
84992,1998,130.01,63
85176,1999,142.20,53
85240,2000,165.72,69
85296,2001,225.20,88
85312,2002,167.07,54
85312,2003,189.12,64
85352,2004,196.89,81
85416,2005,164.58,53
85640,2006,131.12,87
85736,2007,199.74,70
85736,2008,148.66,62
85824,2009,199.54,51
85848,2010,172.26,67
85856,2011,141.55,68
85888,2012,-8.52,19
85944,2013,240.45,81
85992,2014,155.47,80
86096,2015,7.91,31
86128,2016,143.44,49
86152,2017,26.10,64
86232,2018,7.09,30
86240,2019,140.25,52
86248,2020,152.32,49
86360,2021,-3.98,16
86424,2022,209.29,67
86456,2023,178.25,64
86592,2024,148.37,58
86640,2025,133.61,68
86688,2026,156.68,55
86736,2027,247.15,73
86752,2028,168.02,64
86864,2029,194.48,63
86904,2030,160.01,60
87056,2031,226.30,75
87056,2032,168.74,58
87144,2033,193.07,57
87160,2034,203.49,65
87256,2035,16.42,49
87312,2036,156.87,70
87352,2037,207.05,77
87416,2038,210.11,64
87448,2039,138.54,49
87544,2040,52.58,61
87616,2041,164.11,59
87752,2042,131.05,50
87880,2043,203.29,71
87920,2044,216.37,63
87920,2045,208.18,83
87984,2046,76.49,67
87984,2047,209.77,103
87984,2048,154.94,55
88200,2049,192.15,73
88312,2050,215.79,70
88352,2051,141.21,54
88392,2052,21.87,59
88496,2053,186.14,64
88520,2054,-10.69,21
88600,2055,233.65,90
88640,2056,219.70,82
88664,2057,153.63,85
88720,2058,123.20,65
88800,2059,134.26,61
88984,2060,201.57,74
89024,2061,186.11,66
89032,2062,222.63,64
89096,2063,159.87,54
89112,2064,186.17,64
89128,2065,141.23,51
89208,2066,219.89,71
89280,2067,175.59,60
89456,2068,3.98,22
89592,2069,172.05,62
89616,2070,209.35,74
89632,2071,143.11,53
89672,2072,210.85,86
89728,2073,231.49,87
89736,2074,76.52,78
89752,2075,228.27,78
89928,2076,105.09,37
89984,2077,65.47,66
90024,2078,132.39,51
90104,2079,201.92,64
90152,2080,13.44,28
90168,2081,170.00,62
90176,2082,186.62,56
90232,2083,166.23,60
90240,2084,192.39,63
90360,2085,43.24,42
90472,2086,148.43,61
90576,2087,162.87,59
90592,2088,37.41,45
90680,2089,137.98,55
90704,2090,194.62,67
90728,2091,234.74,72
90800,2092,246.07,78
90840,2093,29.88,60
90880,2094,147.15,51
91072,2095,132.46,60
91104,2096,193.23,66
91144,2097,190.30,58
91192,2098,208.12,61
91200,2099,161.11,59
91224,2100,140.78,53
91392,2101,232.02,69
91456,2102,210.04,72
91464,2103,147.69,49
91488,2104,14.31,37
91584,2105,154.52,55
91624,2106,0.91,17
91648,2107,148.87,53
91688,2108,226.48,73
91800,2109,171.78,75
91904,2110,177.85,55
91912,2111,127.46,57
91968,2112,196.52,72
92024,2113,188.80,55
92064,2114,149.86,47
92176,2115,203.83,69
92240,2116,115.86,74
92296,2117,172.27,62
92384,2118,196.16,59
92424,2119,-9.40,16
92424,2120,181.87,65
92528,2121,26.13,70
92624,2122,199.40,75
92656,2123,178.92,74
92688,2124,160.28,64
92808,2125,128.11,48
92816,2126,165.90,54
92832,2127,220.76,74
92840,2128,-4.70,23
92984,2129,127.03,45
92984,2130,174.42,57
93176,2131,226.97,94
93216,2132,188.98,66
93224,2133,145.42,49
93264,2134,133.78,56
93320,2135,166.85,60
93344,2136,212.92,67
93376,2137,143.23,49
93384,2138,63.55,50
93640,2139,103.38,58
93688,2140,145.67,58
93816,2141,158.56,55
93872,2142,181.62,69
93872,2143,221.09,61
93920,2144,162.52,88
93960,2145,-8.39,18
94048,2146,261.04,88
94064,2147,191.58,100
94120,2148,229.06,60
94168,2149,140.35,60
94208,2150,128.21,42
94344,2151,116.64,59
94368,2152,9.86,51
94504,2153,139.78,55
94520,2154,161.17,75
94544,2155,148.37,53
94600,2156,183.31,69
94664,2157,173.62,57
94800,2158,203.92,79
94896,2159,156.49,49
94928,2160,82.60,70
94968,2161,204.00,78
94976,2162,198.31,57
95032,2163,169.99,54
95080,2164,225.49,67
95312,2165,79.45,81
95336,2166,206.37,67
95416,2167,166.57,65
95432,2168,197.60,57
95488,2169,183.27,65
95488,2170,0.63,19
95528,2171,188.73,62
95576,2172,169.97,62
95600,2173,166.49,84
95704,2174,148.96,49
95872,2175,123.25,48
95920,2176,112.38,54
95928,2177,113.27,44
95960,2178,231.18,68
95960,2179,204.97,54
96032,2180,199.08,75
96112,2181,147.84,51
96152,2182,215.92,69
96208,2183,-9.46,31
96368,2184,124.08,62
96472,2185,213.34,69
96480,2186,229.66,65
96488,2187,156.33,70
96504,2188,173.25,59
96640,2189,134.25,66
96760,2190,130.77,76
96872,2191,198.14,83
96888,2192,-14.92,31
96888,2193,143.57,52
96904,2194,152.19,52
96936,2195,123.64,54
96936,2196,216.24,71
97080,2197,228.47,75
97216,2198,122.74,57
97368,2199,168.13,62
97376,2200,80.03,59
97392,2201,189.67,63
97440,2202,172.41,63
97448,2203,256.63,70
97456,2204,110.59,65
97744,2205,107.77,44
97776,2206,144.60,70
97840,2207,129.58,49
97856,2208,208.52,61
97872,2209,162.27,52
97896,2210,202.16,65
97912,2211,239.08,104
98040,2212,219.64,75
98144,2213,11.63,34
98232,2214,163.44,57
98256,2215,154.89,64
98344,2216,41.96,54
98416,2217,230.79,72
98464,2218,213.69,71
98504,2219,160.31,45
98560,2220,211.83,65
98624,2221,194.52,96
98808,2222,219.30,69
98816,2223,215.80,59
98824,2224,213.32,74
98864,2225,209.66,56
99048,2226,217.63,68
99048,2227,246.38,73
99080,2228,226.42,65
99200,2229,30.99,72
99272,2230,151.26,56
99336,2231,106.07,59
99368,2232,210.33,69
99392,2233,134.70,43
99504,2234,165.57,57
99576,2235,191.32,62
99632,2236,209.40,103
99680,2237,201.93,60
99824,2238,229.54,69
99976,2239,252.70,73
99984,2240,222.86,77
100088,2241,207.21,64
100120,2242,271.51,98
100136,2243,151.73,57
100144,2244,206.27,64
100152,2245,232.79,81
100336,2246,197.98,64
100472,2247,205.94,62
100552,2248,184.49,58
100584,2249,211.36,58
100608,2250,241.27,78
100680,2251,210.42,66
100688,2252,224.10,69
100808,2253,77.31,83
100912,2254,-7.72,72
101008,2255,209.01,67
101088,2256,172.46,67
101168,2257,188.23,60
101192,2258,207.45,73
101240,2259,203.20,70
101248,2260,175.42,55
101264,2261,147.18,85
101352,2262,133.38,55
101592,2263,182.50,73
101616,2264,183.98,53
101688,2265,98.92,65
101736,2266,90.12,59
101744,2267,201.86,62
101824,2268,227.80,73
101824,2269,233.43,92
101960,2270,221.52,76
102096,2271,208.67,60
102104,2272,221.62,64
102152,2273,167.57,52
102208,2274,207.47,65
102224,2275,147.78,50
102272,2276,156.83,56
102328,2277,173.00,46
102352,2278,184.04,76
102360,2279,26.94,33
102520,2280,136.07,52
102632,2281,165.90,53
102648,2282,36.64,36
102656,2283,170.67,63
102696,2284,121.22,46
102784,2285,238.67,70
102816,2286,189.76,68
102920,2287,135.01,50
103016,2288,237.70,83
103104,2289,167.79,56
103104,2290,183.37,57
103176,2291,184.95,68
103208,2292,211.97,64
103224,2293,151.21,51
103392,2294,200.12,76
103536,2295,211.00,65
103552,2296,201.18,79
103608,2297,150.65,63
103608,2298,207.20,63
103696,2299,182.96,61
103736,2300,232.36,70
103848,2301,207.68,78
103960,2302,204.05,71
104000,2303,177.59,58
104072,2304,163.72,58
104080,2305,212.44,66
104240,2306,213.91,79
104256,2307,251.50,70
104272,2308,200.64,67
104376,2309,236.64,66
104448,2310,190.57,56
104456,2311,193.12,62
104616,2312,160.83,67
104624,2313,205.37,69
104744,2314,160.51,63
104816,2315,69.79,55
104864,2316,215.97,76
104936,2317,174.13,60
104952,2318,168.43,63
104960,2319,216.63,86
104976,2320,136.06,44
105064,2321,137.52,56
105264,2322,225.26,65
105296,2323,194.35,60
105432,2324,210.45,62
105440,2325,217.60,72
105480,2326,172.96,66
105544,2327,238.72,73
105592,2328,139.85,66
105656,2329,213.23,85
105808,2330,-3.28,19
105816,2331,202.21,65
105840,2332,145.57,72
105856,2333,157.20,52
106024,2334,208.22,74
106048,2335,175.07,57
106056,2336,224.66,72
106112,2337,165.10,71
106208,2338,162.23,50
106344,2339,195.32,61
106360,2340,189.23,68
106376,2341,134.84,44
106392,2342,196.57,69
106608,2343,25.98,69
106616,2344,212.02,71
106712,2345,162.48,63
106760,2346,9.24,52
106840,2347,249.59,91
106896,2348,190.75,63
106928,2349,192.58,69
106976,2350,227.07,77
107128,2351,212.70,64
107176,2352,251.13,71
107256,2353,132.60,52
107304,2354,203.56,74
107344,2355,208.70,73
107384,2356,209.83,61
107432,2357,221.40,63
107528,2358,199.91,69
107592,2359,176.70,58
107768,2360,164.23,58
107776,2361,150.46,54
107808,2362,196.06,69
107848,2363,207.80,84
107984,2364,205.00,75
108024,2365,221.32,74
108032,2366,155.20,63
108152,2367,118.53,43
108160,2368,-21.37,71
108200,2369,133.12,44
108208,2370,166.00,54
108216,2371,184.82,56
108416,2372,154.50,54
108472,2373,171.92,56
108512,2374,40.79,39
108624,2375,147.60,59
108720,2376,163.24,70
108760,2377,246.18,91
108832,2378,240.33,78
108904,2379,176.65,54
108920,2380,37.89,88
108944,2381,123.77,66
109032,2382,192.76,65
109104,2383,28.47,48
109144,2384,186.58,65
109280,2385,206.89,56
109344,2386,151.21,53
109360,2387,177.14,75
109448,2388,188.41,63
109456,2389,108.99,69
109560,2390,197.56,66
109616,2391,172.99,64
109760,2392,187.51,60
109760,2393,223.36,77
109888,2394,248.79,68
109928,2395,176.30,60
110016,2396,260.91,82
110032,2397,166.26,59
110136,2398,242.37,85
110160,2399,252.56,68
110168,2400,176.07,51
110328,2401,188.02,71
110352,2402,191.97,58
110408,2403,72.13,49
110448,2404,145.54,52
110480,2405,204.59,69
110600,2406,189.38,55
110608,2407,161.53,59
110632,2408,144.93,58
110840,2409,179.74,61
110888,2410,212.79,60
110896,2411,164.24,52
110904,2412,185.24,57
110920,2413,208.55,74
111032,2414,169.50,50
111088,2415,251.24,61
111120,2416,227.18,64
111304,2417,154.46,52
111328,2418,165.86,54
111352,2419,162.30,64
111400,2420,200.19,60
111416,2421,223.17,64
111536,2422,178.71,56
111616,2423,190.95,62
111656,2424,15.61,41
111696,2425,181.18,83
111760,2426,131.52,45
111824,2427,220.10,65
111832,2428,136.41,52
111904,2429,153.02,69
112104,2430,156.54,56
112168,2431,102.31,43
112176,2432,220.83,80
112304,2433,156.01,76
112352,2434,197.31,65
112400,2435,282.63,80
112456,2436,237.05,69
112488,2437,155.23,48
112520,2438,277.95,113
112568,2439,156.47,50
112736,2440,219.46,70
112832,2441,173.17,60
112896,2442,216.14,74
112920,2443,175.28,65
112928,2444,165.70,51
112976,2445,223.78,65
113080,2446,210.35,64
113280,2447,215.21,68
113400,2448,234.49,71
113408,2449,138.61,54
113448,2450,186.65,65
113488,2451,196.85,71
113488,2452,233.48,74
113504,2453,288.73,127
113512,2454,177.96,54
113736,2455,125.07,41
113736,2456,215.50,57
113848,2457,135.45,50
113856,2458,143.84,57
114040,2459,191.96,66
114096,2460,216.42,76
114112,2461,204.65,76
114168,2462,201.03,85
114232,2463,212.67,62
114264,2464,172.18,51
114272,2465,168.15,53
114296,2466,199.13,70
114464,2467,119.13,44
114472,2468,196.09,54
114560,2469,26.46,41
114728,2470,219.64,79
114768,2471,213.89,75
114800,2472,177.46,66
114840,2473,228.99,72
114888,2474,218.68,74
114968,2475,222.78,63
114976,2476,211.32,63
115032,2477,209.24,59
115272,2478,217.48,68
115272,2479,197.05,59
115352,2480,134.01,58
115384,2481,243.21,77
115392,2482,187.91,69
115440,2483,218.15,59
115496,2484,213.67,65
115576,2485,227.43,68
115736,2486,125.73,43
115760,2487,212.43,61
115784,2488,214.26,64
115888,2489,217.47,63
115896,2490,204.05,68
115896,2491,156.36,57
116008,2492,170.82,64
116176,2493,219.96,55
116232,2494,167.41,82
116256,2495,128.52,45
116280,2496,189.42,62
116304,2497,170.55,52
116360,2498,160.47,58
116464,2499,193.19,57
116464,2500,279.22,88
116552,2501,151.83,47
116736,2502,233.86,63
116752,2503,183.46,59
116848,2504,219.17,74
116864,2505,243.20,63
116896,2506,260.41,74
116992,2507,222.47,66
116992,2508,179.38,66
117224,2509,205.47,84
117328,2510,170.57,74
117352,2511,241.06,75
117352,2512,240.53,61
117352,2513,151.05,57
117360,2514,180.80,64
117440,2515,179.15,56
117520,2516,210.63,66
117752,2517,146.90,50
117784,2518,222.95,70
117816,2519,224.47,61
117832,2520,217.15,60
117848,2521,153.44,61
117848,2522,187.08,62
117976,2523,202.28,67
118088,2524,260.97,71
118288,2525,174.15,67
118312,2526,222.91,60
118336,2527,254.20,69
118352,2528,221.08,63
118384,2529,206.59,71
118464,2530,215.74,77
118488,2531,213.11,64
118544,2532,201.23,57
118816,2533,180.77,54
118864,2534,176.09,64
118864,2535,207.82,72
118872,2536,152.13,48
118872,2537,223.63,70
118992,2538,251.18,82
119008,2539,216.82,68
119072,2540,205.63,66
119248,2541,146.13,54
119344,2542,217.57,59
119376,2543,208.01,64
119376,2544,220.61,64
119416,2545,183.26,51
119440,2546,169.13,56
119528,2547,229.02,82
119600,2548,209.28,66
119760,2549,124.56,43
119792,2550,236.83,68
119864,2551,179.58,53
119896,2552,237.04,65
119952,2553,230.24,76
119976,2554,211.93,56
120024,2555,249.14,81
120208,2556,274.91,76
120280,2557,169.31,65
120304,2558,173.61,64
120400,2559,192.61,63
120400,2560,225.43,67
120472,2561,190.90,62
120488,2562,183.10,67
120528,2563,187.20,63
120656,2564,215.61,56
120784,2565,62.34,48
120816,2566,185.47,64
120856,2567,229.66,72
120904,2568,178.01,52
120984,2569,167.17,73
120992,2570,193.25,65
121072,2571,235.52,68
121232,2572,262.73,72
121320,2573,201.52,67
121328,2574,182.01,64
121392,2575,201.93,67
121416,2576,175.21,64
121488,2577,207.23,62
121488,2578,205.90,63
121624,2579,177.89,69
121792,2580,212.05,70
121840,2581,172.80,56
121848,2582,240.37,65
121920,2583,240.93,75
121952,2584,164.96,67
122024,2585,246.77,67
122048,2586,183.69,70
122328,2587,213.95,60
122352,2588,248.78,91
122368,2589,228.49,72
122400,2590,237.84,70
122448,2591,199.86,66
122576,2592,176.13,78
122584,2593,157.83,67
122656,2594,205.26,79
122840,2595,226.69,61
122864,2596,192.20,62
122912,2597,220.04,64
122944,2598,242.72,77
122960,2599,219.52,64
123024,2600,194.93,55
123032,2601,166.29,57
123080,2602,153.05,53
123272,2603,179.72,54
123336,2604,155.83,53
123400,2605,217.76,67
123456,2606,158.73,47
123488,2607,209.54,58
123496,2608,215.95,67
123496,2609,216.46,69
123536,2610,211.62,63
123784,2611,224.64,64
123824,2612,238.14,61
123960,2613,219.74,70
123960,2614,232.30,63
123976,2615,188.47,60
124016,2616,182.47,60
124048,2617,243.46,70
124096,2618,215.06,75
124224,2619,166.53,50
124264,2620,186.91,60
124472,2621,194.83,64
124488,2622,192.04,55
124496,2623,213.41,65
124600,2624,237.60,73
124616,2625,229.20,65
124688,2626,180.76,91
124752,2627,231.45,66
124792,2628,253.74,66
124976,2629,134.41,47
125016,2630,241.11,66
125016,2631,213.10,65
125040,2632,235.59,71
125056,2633,199.59,55
125144,2634,155.44,49
125232,2635,190.33,55
125232,2636,240.48,68
125440,2637,173.53,53
125520,2638,226.32,60
125528,2639,198.38,59
125568,2640,188.07,53
125584,2641,246.07,76
125600,2642,240.52,73
125744,2643,220.98,64
125960,2644,177.24,55
125960,2645,196.07,65
125984,2646,146.65,52
126048,2647,193.87,65
126064,2648,195.24,58
126072,2649,245.47,105
126120,2650,215.94,67
126304,2651,216.49,70
126352,2652,143.85,49
126352,2653,147.20,46
126360,2654,168.74,50
126496,2655,137.98,47
126528,2656,169.00,57
126568,2657,229.62,65
126592,2658,195.28,66
126792,2659,160.55,54
126808,2660,217.24,63
126928,2661,230.26,72
126928,2662,217.30,72
126968,2663,115.89,47
127032,2664,221.72,67
127072,2665,190.22,68
127296,2666,144.92,46
127304,2667,189.69,62
127312,2668,280.02,93
127344,2669,187.58,69
127440,2670,193.99,59
127568,2671,239.85,80
127624,2672,232.50,74
127704,2673,243.92,79
127752,2674,189.91,56
127784,2675,182.00,61
127880,2676,231.13,71
127936,2677,199.16,74
128032,2678,160.86,74
128112,2679,193.41,68
128144,2680,230.84,65
128208,2681,196.06,63
128296,2682,223.08,64
128400,2683,247.14,81
128408,2684,132.58,59
128424,2685,172.63,68
128456,2686,165.05,53
128616,2687,185.33,63
128696,2688,216.79,69
128832,2689,262.81,78
128856,2690,91.78,54
128872,2691,232.57,72
128888,2692,189.12,60
128896,2693,200.88,62
128992,2694,193.11,67
129088,2695,191.50,59
129200,2696,170.65,63
129392,2697,228.64,70
129400,2698,226.63,63
129408,2699,164.70,69
129416,2700,219.99,68
129432,2701,215.80,68
129464,2702,207.71,59
129600,2703,183.12,64
129768,2704,245.10,71
129872,2705,232.46,60
129896,2706,205.99,60
129968,2707,202.74,71
129992,2708,209.91,73
130008,2709,139.34,72
130120,2710,250.02,82
130168,2711,211.60,71
130368,2712,122.58,75
130488,2713,219.67,62
130504,2714,209.02,67
130520,2715,247.49,81
130536,2716,212.18,66
130624,2717,210.80,91
130640,2718,204.01,65
130808,2719,236.80,80
130888,2720,198.69,65
130968,2721,207.26,56
131000,2722,207.19,62
131064,2723,208.04,55
131072,2724,248.71,73
131104,2725,240.49,71
131208,2726,191.85,71
131384,2727,195.08,72
131480,2728,204.09,64
131496,2729,239.83,76
131552,2730,240.06,61
131568,2731,218.71,71
131584,2732,189.50,60
131608,2733,247.00,67
131736,2734,180.34,66
131936,2735,222.56,57
132016,2736,249.08,79
132032,2737,231.46,67
132056,2738,226.44,61
132064,2739,220.03,60
132104,2740,240.67,62
132160,2741,253.97,76
132288,2742,214.59,69
132384,2743,192.93,56
132528,2744,189.53,59
132544,2745,217.15,66
132592,2746,246.33,66
132656,2747,246.62,78
132696,2748,180.31,51
132760,2749,231.52,75
132816,2750,259.54,89
132824,2751,150.01,55
133016,2752,190.76,59
133048,2753,228.10,65
133088,2754,171.64,54
133176,2755,206.99,60
133224,2756,201.90,58
133232,2757,221.09,80
133328,2758,220.66,63
133368,2759,260.06,69
133560,2760,232.36,68
133632,2761,167.90,51
133640,2762,179.95,58
133640,2763,223.96,74
133640,2764,213.74,69
133704,2765,172.41,59
133744,2766,190.27,52
133968,2767,222.55,75
134016,2768,216.25,57
134032,2769,166.19,49
134160,2770,238.72,65
134160,2771,215.55,65
134240,2772,194.70,62
134248,2773,229.23,77
134304,2774,239.45,75
134392,2775,174.86,53
134488,2776,174.74,57
134648,2777,211.22,79
134680,2778,223.28,65
134704,2779,229.96,68
134704,2780,212.09,58
134736,2781,201.46,54
134744,2782,238.08,62
134832,2783,192.00,55
134992,2784,228.14,63
135216,2785,227.21,64
135232,2786,218.70,66
135232,2787,254.10,62
135240,2788,211.45,74
135272,2789,249.86,74
135288,2790,224.61,68
135328,2791,229.30,62
135552,2792,234.80,70
135728,2793,189.26,62
135736,2794,214.43,63
135752,2795,232.66,67
135760,2796,220.52,61
135776,2797,220.38,61
135792,2798,202.46,58
135808,2799,210.05,71
136000,2800,197.88,56
136224,2801,183.71,58
136240,2802,179.25,64
136304,2803,220.87,66
136312,2804,200.73,70
136320,2805,219.47,66
136344,2806,181.60,67
136352,2807,235.37,77
136544,2808,211.54,68
136680,2809,122.41,41
136680,2810,166.09,55
136736,2811,222.42,64
136784,2812,221.55,60
136824,2813,185.84,63
136968,2814,233.09,82
137032,2815,229.01,61
137184,2816,211.33,63
137216,2817,233.98,67
137224,2818,236.37,110
137256,2819,206.19,59
137296,2820,200.59,70
137336,2821,235.13,64
137520,2822,218.73,61
137608,2823,251.17,80
137704,2824,211.64,60
137752,2825,256.27,71
137752,2826,231.70,67
137816,2827,219.06,65
137816,2828,243.90,70
137840,2829,228.53,63
138032,2830,192.42,64
138120,2831,212.32,64
138216,2832,156.69,47
138216,2833,209.69,64
138216,2834,213.24,58
138224,2835,199.46,59
138280,2836,205.60,58
138360,2837,213.97,68
138464,2838,178.95,54
138656,2839,222.49,67
138664,2840,152.39,56
138680,2841,180.12,58
138752,2842,154.65,49
138832,2843,237.06,76
138848,2844,210.13,71
138904,2845,205.89,55
138944,2846,285.52,91
139144,2847,205.83,60
139144,2848,182.91,58
139176,2849,228.99,65
139200,2850,202.39,56
139304,2851,171.15,57
139344,2852,233.24,64
139424,2853,226.29,65
139440,2854,212.72,62
139624,2855,233.86,60
139704,2856,220.60,66
139720,2857,234.89,72
139752,2858,183.82,56
139792,2859,240.10,74
139824,2860,200.33,60
139952,2861,220.46,66
139976,2862,245.82,67
140072,2863,224.76,56
140112,2864,157.83,49
140216,2865,209.66,58
140280,2866,193.68,57
140288,2867,228.62,73
140440,2868,121.99,61
140448,2869,253.28,82
140512,2870,180.49,55
140536,2871,138.32,70
140648,2872,208.34,67
140688,2873,197.32,59
140776,2874,207.09,61
140904,2875,233.84,78
140936,2876,170.04,61
140952,2877,229.67,64
140992,2878,207.66,60
141120,2879,257.43,73
141232,2880,207.48,68
141256,2881,211.79,60
141264,2882,233.31,77
141392,2883,191.94,57
141392,2884,194.51,61
141432,2885,220.35,60
141504,2886,208.57,64
141552,2887,175.31,54
141688,2888,207.80,57
141784,2889,217.56,65
141824,2890,238.66,71
141824,2891,160.45,54
141864,2892,186.14,59
141928,2893,160.99,47
141944,2894,214.76,64
141960,2895,155.61,57
142200,2896,190.92,64
142288,2897,203.35,58
142320,2898,224.92,67
142400,2899,220.95,67
142416,2900,214.64,59
142488,2901,240.48,83
142512,2902,243.69,73
142536,2903,258.10,72
142624,2904,190.44,53
142744,2905,217.78,57
142880,2906,198.78,60
142880,2907,174.81,58
142928,2908,224.48,55
142968,2909,207.35,81
143000,2910,201.57,61
143040,2911,181.59,52
143136,2912,235.27,75
143144,2913,179.96,50
143248,2914,140.76,46
143328,2915,189.34,56
143400,2916,215.32,59
143432,2917,207.50,58
143512,2918,198.56,64
143560,2919,181.59,65
143560,2920,186.80,52
143568,2921,149.24,54
143752,2922,230.95,63
143832,2923,186.66,54
143832,2924,236.17,63
143888,2925,206.16,57
144016,2926,216.57,57
144048,2927,219.90,67
144056,2928,233.77,62
144160,2929,250.00,74
144280,2930,225.60,66
144344,2931,168.94,57
144392,2932,236.28,70
144440,2933,213.54,76
144472,2934,229.08,57
144600,2935,233.16,69
144648,2936,228.39,61
144648,2937,208.81,74
144728,2938,191.12,56
144824,2939,206.74,60
144872,2940,210.74,60
144912,2941,198.85,59
144984,2942,209.89,64
145064,2943,219.83,58
145112,2944,207.68,58
145136,2945,197.30,61
145200,2946,213.82,59
145288,2947,195.15,52
145384,2948,209.53,70
145416,2949,242.64,63
145496,2950,190.99,64
145560,2951,183.19,56
145576,2952,229.16,64
145648,2953,230.03,64
145712,2954,193.98,64
145840,2955,229.75,69
145968,2956,253.65,69
146000,2957,217.47,63
146000,2958,177.09,55
146016,2959,218.06,79
146032,2960,138.46,57
146112,2961,161.53,50
146128,2962,191.89,60
146368,2963,233.14,66
146488,2964,179.56,61
146536,2965,200.57,63
146536,2966,221.04,71
146544,2967,191.72,66
146600,2968,243.10,61
146632,2969,259.54,79
146712,2970,187.66,73
146792,2971,129.40,53
146992,2972,205.62,56
147008,2973,181.61,65
147016,2974,197.65,60
147024,2975,155.17,49
147096,2976,230.66,70
147152,2977,240.45,69
147256,2978,199.90,58
147312,2979,233.58,75
147448,2980,223.65,53
147496,2981,176.84,63
147520,2982,207.68,63
147560,2983,229.67,69
147608,2984,217.33,64
147696,2985,216.76,68
147752,2986,204.42,62
147816,2987,135.91,63
147944,2988,200.91,62
148024,2989,231.41,63
148040,2990,199.87,68
148112,2991,251.91,69
148144,2992,214.69,67
148264,2993,227.55,64
148296,2994,231.85,75
148312,2995,233.37,62
148496,2996,227.54,69
148512,2997,234.19,61
148592,2998,199.04,56
148632,2999,236.22,65
148648,3000,265.92,76
148816,3001,242.72,63
148832,3002,254.81,67
148840,3003,250.37,72
149016,3004,219.07,65
149056,3005,256.27,68
149096,3006,188.16,56
149128,3007,210.55,62
149168,3008,251.75,72
149288,3009,207.99,57
149336,3010,243.45,62
149392,3011,242.10,72
149504,3012,207.94,61
149544,3013,233.05,61
149608,3014,235.52,60
149632,3015,185.28,58
149664,3016,141.81,47
149664,3017,246.93,71
149888,3018,242.10,69
149928,3019,228.64,67
149968,3020,198.30,58
150096,3021,219.67,69
150096,3022,207.21,61
150096,3023,213.21,58
150128,3024,185.61,58
150192,3025,216.96,66
150352,3026,190.54,58
150432,3027,216.99,63
150456,3028,86.95,45
150528,3029,231.56,70
150536,3030,188.26,55
150672,3031,245.19,72
150696,3032,231.18,71
150712,3033,234.74,65
150896,3034,239.19,68
150920,3035,219.12,58
150968,3036,161.56,67
151016,3037,226.85,61
151040,3038,221.00,63
151216,3039,265.69,68
151256,3040,220.63,68
151312,3041,234.93,77
151424,3042,200.43,57
151432,3043,238.13,67
151448,3044,203.64,54
151488,3045,184.62,56
151584,3046,300.28,83
151720,3047,206.14,58
151792,3048,204.33,60
151928,3049,229.73,63
151936,3050,255.57,90
151936,3051,219.26,61
151960,3052,195.22,66
151992,3053,215.92,63
152056,3054,194.62,59
152176,3055,200.09,57
152296,3056,235.26,63
152400,3057,5.68,28
152408,3058,228.63,60
152440,3059,213.54,60
152448,3060,221.86,64
152488,3061,220.19,62
152496,3062,232.19,70
152568,3063,204.72,64
152776,3064,238.09,60
152872,3065,213.31,59
152904,3066,214.18,62
152944,3067,189.10,63
152960,3068,221.36,64
152960,3069,195.72,59
153040,3070,230.66,68
153064,3071,233.29,62
153304,3072,201.95,66
153400,3073,245.75,66
153424,3074,211.36,65
153456,3075,246.40,64
153456,3076,234.20,62
153480,3077,195.59,65
153584,3078,229.15,68
153624,3079,228.44,70
153888,3080,218.03,73
153896,3081,193.93,55
153928,3082,221.77,59
153928,3083,210.53,63
153960,3084,215.43,70
154000,3085,251.78,65
154048,3086,148.59,53
154072,3087,234.31,61
154424,3088,222.99,67
154440,3089,230.70,64
154456,3090,185.12,62
154464,3091,241.92,71
154536,3092,229.63,67
154552,3093,223.02,63
154584,3094,238.61,64
154584,3095,227.19,82
154864,3096,218.65,55
154912,3097,218.10,59
154912,3098,200.78,57
154984,3099,229.07,65
155064,3100,225.51,64
155064,3101,221.08,66
155160,3102,222.23,72
155184,3103,225.54,75
155352,3104,216.80,55
155384,3105,227.49,65
155416,3106,211.72,63
155424,3107,149.42,55
155600,3108,219.73,67
155648,3109,204.20,61
155656,3110,230.96,59
155680,3111,202.38,77
155824,3112,159.49,59
155872,3113,223.08,61
155904,3114,205.09,60
156000,3115,177.56,73
156072,3116,196.72,59
156120,3117,222.54,58
156184,3118,214.67,67
156184,3119,191.99,63
156344,3120,207.68,65
156344,3121,213.06,55
156384,3122,211.61,64
156464,3123,213.13,58
156584,3124,205.75,58
156640,3125,228.22,71
156656,3126,225.66,59
156664,3127,206.14,60
156832,3128,198.77,61
156872,3129,213.06,61
156880,3130,206.73,67
156912,3131,212.71,56
157144,3132,228.40,63
157168,3133,252.35,73
157168,3134,234.58,64
157224,3135,219.44,70
157352,3136,227.62,60
157376,3137,258.32,68
157416,3138,219.05,63
157480,3139,267.52,75
157656,3140,251.98,61
157712,3141,226.92,61
157712,3142,208.12,68
157768,3143,262.83,78
157840,3144,195.98,61
157856,3145,219.07,60
157976,3146,234.88,62
158000,3147,209.04,73
158208,3148,217.60,62
158224,3149,221.09,71
158288,3150,195.40,56
158376,3151,274.61,83
158384,3152,227.40,66
158472,3153,237.87,88
158496,3154,247.90,65
158536,3155,244.69,67
158696,3156,241.31,61
158720,3157,215.44,62
158832,3158,260.77,68
158848,3159,215.06,58
158880,3160,227.09,63
159024,3161,188.14,61
159120,3162,227.53,81
159200,3163,242.63,88
159208,3164,225.88,61
159256,3165,217.47,70
159280,3166,190.86,56
159352,3167,245.66,63
159368,3168,238.11,61
159504,3169,185.67,60
159600,3170,196.56,60
159624,3171,134.95,53
159744,3172,233.30,67
159752,3173,227.21,62
159792,3174,175.37,55
159808,3175,193.39,66
159832,3176,205.11,58
160080,3177,235.06,72
160104,3178,218.67,60
160216,3179,236.37,77
160280,3180,243.09,67
160288,3181,197.71,67
160312,3182,243.92,65
160336,3183,207.07,63
160376,3184,234.86,71
160616,3185,226.90,64
160624,3186,250.15,68
160712,3187,232.23,62
160760,3188,223.24,60
160808,3189,195.74,62
160824,3190,164.76,56
160888,3191,243.27,75
160952,3192,247.12,77
161112,3193,216.96,62
161176,3194,235.16,69
161200,3195,201.92,55
161320,3196,213.41,64
161328,3197,229.68,77
161344,3198,166.86,57
161480,3199,231.32,82
161528,3200,229.53,72
161648,3201,202.78,67
161752,3202,232.86,72
161768,3203,250.75,71
161808,3204,205.60,60
161824,3205,202.56,60
161872,3206,218.70,69
162008,3207,228.43,60
162032,3208,236.17,69
162224,3209,242.47,72
162240,3210,205.59,59
162240,3211,232.73,61
162264,3212,197.88,55
162328,3213,203.54,65
162416,3214,216.16,68
162448,3215,190.15,55
162568,3216,221.14,67
162704,3217,197.51,60
162712,3218,204.02,59
162752,3219,241.74,64
162784,3220,178.08,65
162904,3221,219.79,57
162944,3222,221.11,66
162952,3223,283.65,78
163072,3224,204.32,63
163176,3225,225.53,59
163192,3226,196.60,55
163264,3227,255.66,69
163320,3228,197.89,67
163384,3229,180.62,54
163384,3230,175.73,60
163488,3231,209.29,68
163568,3232,178.34,62
163688,3233,218.78,64
163704,3234,259.11,64
163720,3235,217.57,57
163768,3236,197.62,56
163864,3237,189.35,60
163936,3238,229.95,69
163992,3239,190.46,63
164128,3240,225.79,70
164152,3241,204.66,58
164160,3242,227.34,57
164304,3243,249.32,67
164328,3244,194.53,49
164376,3245,229.28,64
164376,3246,261.72,82
164488,3247,231.35,62
164600,3248,191.53,55
164624,3249,197.68,59
164672,3250,230.96,68
164816,3251,216.67,61
164832,3252,251.20,66
164864,3253,246.12,61
164864,3254,225.58,61
165016,3255,237.52,66
165120,3256,224.61,62
165184,3257,239.61,73
165208,3258,221.62,67
165288,3259,215.46,57
165312,3260,209.37,62
165336,3261,181.38,59
165400,3262,216.34,67
165488,3263,231.38,59
165592,3264,227.01,59
165728,3265,175.29,68
165768,3266,240.30,70
165856,3267,221.62,68
165856,3268,220.18,71
165896,3269,238.48,70
165960,3270,208.35,70
165976,3271,212.37,61
166240,3272,227.86,59
166248,3273,245.63,82
166256,3274,217.76,66
166384,3275,234.14,66
166408,3276,245.60,69
166440,3277,238.88,68
166488,3278,210.55,66
166496,3279,207.22,65
166704,3280,213.71,57
166720,3281,196.56,60
166768,3282,248.09,64
166896,3283,210.62,64
166896,3284,219.31,61
166920,3285,171.33,53
166944,3286,227.53,63
166952,3287,210.85,58
167208,3288,225.31,61
167232,3289,205.90,58
167272,3290,243.35,71
167408,3291,218.03,57
167408,3292,227.33,64
167496,3293,226.74,75
167504,3294,219.75,70
167544,3295,228.67,78
167672,3296,215.71,58
167752,3297,227.34,65
167816,3298,206.46,68
167848,3299,136.27,55
167856,3300,213.30,56
167992,3301,224.23,61
168064,3302,221.81,65
168080,3303,254.03,73
168192,3304,217.46,65
168248,3305,205.00,62
168320,3306,211.14,63
168352,3307,217.40,62
168368,3308,208.20,65
168456,3309,229.13,58
168544,3310,218.62,60
168648,3311,234.85,71
168720,3312,227.53,66
168768,3313,240.65,65
168824,3314,191.55,59
168880,3315,217.85,70
168896,3316,226.32,66
169040,3317,223.83,62
169056,3318,233.71,75
169112,3319,169.37,58
169224,3320,215.79,63
169304,3321,238.29,67
169336,3322,192.59,57
169360,3323,186.99,58
169560,3324,268.72,92
169592,3325,225.49,67
169608,3326,209.71,62
169640,3327,278.00,75
169744,3328,234.67,65
169808,3329,242.47,63
169856,3330,198.03,62
169864,3331,257.41,66
170056,3332,237.09,62
170136,3333,212.73,66
170144,3334,244.22,69
170240,3335,236.41,75
170304,3336,232.90,62
170352,3337,210.76,76
170368,3338,237.35,64
170408,3339,241.25,68
170536,3340,199.98,60
170624,3341,209.42,61
170664,3342,223.46,65
170704,3343,199.63,58
170832,3344,216.56,60
170848,3345,220.45,60
170896,3346,262.03,74
170936,3347,209.57,66
171072,3348,242.97,67
171176,3349,218.39,59
171184,3350,224.81,70
171200,3351,262.37,67
171360,3352,227.11,66
171384,3353,228.99,67
171456,3354,242.39,70
171472,3355,230.39,67
171552,3356,224.25,60
171672,3357,216.92,59
171672,3358,216.72,62
171696,3359,217.16,64
171944,3360,232.95,61
171944,3361,265.53,73
171960,3362,260.24,72
172120,3363,256.80,81
172160,3364,226.86,61
172176,3365,226.95,63
172232,3366,234.86,85
172240,3367,250.13,68
172392,3368,232.54,56
172504,3369,244.33,68
172560,3370,274.21,77
172560,3371,115.92,40
172632,3372,253.77,64
172648,3373,208.25,61
172688,3374,223.69,64
172768,3375,242.20,67
172888,3376,216.16,62
173072,3377,267.40,71
173104,3378,209.86,68
173144,3379,238.34,73
173152,3380,198.56,63
173200,3381,273.45,64
173232,3382,265.86,75
173280,3383,247.98,64
173376,3384,192.15,61
173632,3385,227.08,70
173640,3386,245.57,67
173656,3387,231.89,63
173688,3388,204.87,68
173728,3389,218.29,66
173744,3390,215.19,58
173752,3391,190.62,65
173808,3392,179.96,54
174112,3393,204.55,57
174128,3394,232.82,62
174144,3395,224.10,63
174168,3396,92.40,60
174176,3397,198.13,56
174176,3398,189.52,54
174272,3399,229.50,65
174352,3400,211.68,68
174608,3401,215.47,60
174624,3402,181.05,60
174648,3403,133.54,47
174696,3404,221.69,65
174696,3405,261.60,73
174768,3406,241.95,74
174776,3407,244.43,76
174872,3408,227.23,65
175136,3409,228.28,64
175144,3410,250.24,67
175160,3411,212.36,58
175176,3412,187.73,60
175224,3413,260.28,72
175256,3414,234.93,61
175312,3415,248.57,67
175376,3416,237.67,63
175656,3417,228.15,64
175656,3418,227.25,62
175672,3419,193.35,62
175680,3420,261.86,68
175696,3421,188.49,59
175800,3422,243.32,61
175816,3423,257.88,70
175824,3424,216.74,56
176104,3425,200.83,56
176168,3426,235.14,64
176240,3427,238.04,71
176256,3428,251.24,72
176264,3429,246.00,71
176296,3430,240.04,62
176336,3431,228.18,64
176376,3432,237.52,70
176608,3433,204.31,63
176744,3434,205.39,63
176752,3435,207.33,61
176784,3436,247.74,77
176792,3437,226.68,67
176832,3438,212.20,57
176848,3439,246.75,69
176856,3440,202.02,65
177168,3441,252.04,70
177224,3442,202.58,55
177232,3443,193.73,60
177264,3444,227.25,65
177320,3445,206.19,61
177336,3446,221.50,60
177336,3447,226.01,68
177416,3448,252.01,71
177664,3449,197.51,54
177728,3450,211.96,58
177736,3451,227.46,64
177808,3452,218.08,61
177840,3453,183.82,53
177840,3454,255.31,84
177872,3455,259.24,67
177936,3456,237.73,75
178152,3457,225.88,61
178232,3458,239.96,62
178232,3459,226.26,63
178280,3460,196.92,59
178296,3461,210.25,57
178344,3462,242.29,63
178392,3463,196.79,57
178424,3464,265.03,69
178728,3465,216.61,62
178768,3466,219.78,77
178776,3467,210.51,60
178808,3468,227.56,66
178824,3469,245.09,74
178856,3470,224.54,58
178904,3471,212.92,70
178920,3472,238.86,62
179224,3473,212.12,56
179264,3474,224.17,67
179280,3475,218.46,64
179336,3476,191.01,64
179360,3477,220.47,57
179376,3478,220.98,71
179456,3479,239.14,75
179552,3480,234.62,79
179744,3481,217.91,60
179768,3482,234.30,61
179832,3483,265.63,76
179856,3484,219.50,65
179912,3485,245.99,69
179936,3486,225.44,70
180008,3487,251.75,69
180160,3488,178.27,76
180312,3489,235.81,71
180336,3490,252.60,71
180344,3491,222.98,61
180352,3492,229.64,65
180448,3493,259.86,67
180456,3494,196.91,56
180472,3495,228.76,67
180608,3496,187.53,56
180760,3497,184.49,56
180784,3498,186.52,55
180848,3499,234.67,62
180912,3500,199.48,72
180936,3501,218.42,58
180976,3502,231.71,66
181000,3503,254.42,68
181088,3504,208.04,60
181280,3505,198.75,62
181288,3506,248.83,66
181376,3507,225.05,66
181400,3508,241.34,61
181472,3509,231.99,67
181472,3510,207.55,62
181496,3511,198.56,62
181656,3512,237.10,71
181760,3513,222.01,60
181776,3514,250.02,61
181872,3515,209.13,62
181936,3516,203.98,58
181944,3517,210.65,56
181952,3518,183.41,60
182032,3519,274.09,79
182216,3520,167.63,57
182240,3521,253.90,73
182312,3522,240.08,67
182392,3523,243.12,65
182400,3524,211.14,56
182400,3525,218.63,58
182432,3526,206.06,61
182568,3527,253.42,67
182704,3528,223.06,58
182752,3529,229.94,67
182832,3530,254.86,65
182872,3531,238.99,59
182928,3532,193.63,66
182928,3533,217.14,67
182952,3534,233.08,65
183064,3535,216.72,62
183136,3536,220.94,54
183224,3537,231.74,59
183360,3538,229.02,66
183368,3539,214.30,55
183424,3540,230.57,69
183480,3541,258.36,66
183552,3542,243.56,78
183592,3543,197.00,66
183608,3544,230.08,59
183744,3545,248.30,65
183848,3546,222.88,60
183888,3547,253.39,66
184000,3548,227.42,72
184008,3549,222.98,66
184032,3550,217.78,60
184072,3551,214.54,58
184088,3552,201.92,62
184320,3553,236.51,72
184344,3554,185.06,62
184416,3555,206.20,66
184504,3556,239.16,62
184552,3557,232.17,69
184568,3558,220.03,67
184584,3559,220.81,62
184680,3560,262.38,76
184840,3561,187.11,62
184872,3562,240.91,69
184920,3563,228.53,63
185048,3564,247.49,62
185056,3565,227.63,61
185064,3566,222.22,60
185080,3567,274.26,72
185136,3568,212.56,57
185360,3569,252.52,65
185376,3570,175.66,63
185440,3571,218.23,65
185544,3572,223.22,58
185576,3573,246.49,66
185600,3574,223.86,68
185616,3575,238.36,60
185632,3576,266.79,71
185856,3577,203.16,62
185864,3578,201.58,53
185976,3579,243.99,75
186000,3580,216.56,57
186040,3581,199.58,58
186072,3582,216.11,59
186160,3583,241.42,68
186176,3584,211.31,68
186320,3585,202.15,58
186416,3586,226.45,69
186504,3587,214.93,63
186544,3588,241.74,71
186576,3589,239.29,63
186624,3590,219.00,73
186672,3591,228.93,64
186736,3592,243.54,70
186816,3593,188.13,62
186920,3594,217.16,63
187008,3595,255.64,63
187032,3596,192.30,57
187112,3597,228.11,71
187152,3598,229.96,66
187248,3599,221.19,72
187360,3600,185.71,55
187360,3601,261.19,78
187400,3602,267.55,73
187496,3603,230.38,58
187504,3604,237.00,62
187552,3605,160.03,50
187712,3606,263.93,75
187760,3607,234.98,64
187784,3608,146.26,48
187856,3609,224.77,62
187880,3610,211.19,65
188032,3611,199.53,60
188088,3612,256.32,73
188120,3613,250.26,78
188216,3614,205.15,63
188280,3615,162.13,50
188296,3616,213.28,64
188328,3617,237.61,71
188392,3618,239.80,67
188536,3619,195.27,63
188616,3620,222.43,62
188672,3621,230.34,73
188736,3622,218.44,57
188768,3623,178.86,55
188800,3624,267.95,73
188808,3625,220.89,64
188840,3626,155.19,56
189016,3627,241.65,60
189184,3628,226.63,71
189208,3629,196.56,67
189232,3630,189.27,58
189288,3631,252.86,69
189288,3632,222.19,60
189328,3633,238.24,66
189344,3634,216.63,63
189704,3635,202.27,65
189720,3636,226.62,61
189720,3637,254.52,88
189760,3638,228.43,69
189816,3639,211.60,61
189824,3640,248.33,67
189872,3641,244.13,66
189888,3642,280.22,75
190192,3643,188.67,59
190200,3644,214.30,60
190312,3645,212.20,62
190320,3646,232.60,70
190320,3647,226.05,77
190392,3648,244.80,65
190416,3649,250.48,74
190424,3650,243.96,67
190616,3651,173.96,52
190704,3652,229.09,64
190760,3653,201.44,56
190792,3654,209.14,59
190864,3655,235.12,68
190896,3656,215.20,59
190928,3657,244.32,67
190936,3658,245.80,65
191136,3659,254.53,65
191176,3660,219.29,59
191192,3661,190.97,54
191272,3662,238.59,60
191344,3663,180.39,56
191376,3664,244.81,64
191456,3665,240.84,65
191512,3666,257.43,73
191680,3667,232.34,68
191688,3668,231.52,64
191688,3669,214.95,62
191800,3670,225.77,66
191848,3671,253.77,63
191880,3672,202.23,63
192008,3673,249.27,69
192048,3674,230.14,67
192208,3675,245.33,65
192216,3676,237.07,66
192264,3677,195.92,58
192320,3678,192.62,55
192336,3679,219.04,82
192400,3680,232.45,69
192544,3681,224.73,62
192560,3682,231.61,69
192624,3683,105.74,38
192736,3684,229.70,66
192752,3685,150.03,52
192880,3686,223.57,60
192912,3687,274.78,81
192928,3688,271.30,89
193064,3689,218.16,63
193096,3690,202.06,59
193120,3691,247.30,72
193264,3692,197.89,66
193288,3693,234.93,67
193376,3694,207.66,62
193400,3695,225.99,61
193440,3696,234.10,64
193544,3697,207.19,60
193592,3698,233.59,62
193616,3699,203.56,62
193752,3700,242.67,61
193904,3701,218.84,63
193912,3702,197.85,78
193984,3703,261.91,76
194000,3704,226.69,70
194016,3705,213.35,59
194056,3706,193.61,58
194080,3707,221.02,58
194248,3708,218.16,62
194320,3709,203.45,51
194432,3710,234.14,66
194432,3711,234.04,56
194512,3712,246.01,62
194528,3713,181.80,59
194536,3714,241.08,67
194600,3715,205.59,65
194728,3716,223.44,60
194848,3717,228.93,66
194880,3718,214.99,56
194920,3719,218.00,61
195024,3720,211.27,62
195056,3721,213.78,65
195064,3722,236.47,58
195072,3723,190.39,70
195176,3724,225.50,56
195320,3725,198.14,55
195336,3726,199.01,61
195400,3727,217.13,60
195568,3728,243.03,68
195640,3729,270.53,71
195664,3730,279.35,76
195672,3731,255.83,76
195712,3732,250.71,67
195776,3733,215.09,55
195808,3734,245.01,61
195960,3735,224.55,70
196008,3736,182.84,55
196080,3737,187.63,55
196152,3738,214.72,61
196160,3739,223.70,61
196280,3740,235.19,63
196312,3741,223.41,63
196312,3742,268.39,75
196448,3743,201.50,61
196552,3744,200.16,59
196584,3745,248.40,72
196616,3746,211.21,57
196656,3747,257.95,63
196808,3748,238.46,66
196824,3749,216.01,64
196848,3750,246.23,67
196944,3751,231.25,62
196984,3752,168.96,54
197112,3753,243.00,62
197128,3754,235.62,68
197192,3755,246.11,67
197304,3756,236.46,60
197328,3757,211.24,60
197368,3758,232.56,70
197488,3759,236.97,68
197560,3760,246.36,72
197592,3761,195.95,60
197688,3762,242.45,70
197688,3763,235.52,62
197752,3764,194.33,53
197792,3765,183.02,53
197800,3766,231.30,62
197992,3767,222.51,54
198040,3768,268.51,69
198056,3769,225.80,58
198128,3770,207.00,55
198192,3771,218.40,63
198248,3772,217.96,56
198272,3773,229.13,60
198352,3774,259.64,75
198512,3775,230.12,59
198576,3776,250.98,73
198600,3777,229.09,68
198624,3778,208.63,62
198704,3779,234.59,64
198744,3780,255.61,62
198808,3781,224.22,57
198832,3782,259.11,70
198968,3783,201.22,57
199104,3784,243.91,66
199128,3785,240.38,63
199176,3786,254.81,72
199216,3787,220.42,59
199240,3788,242.37,67
199256,3789,204.90,56
199328,3790,243.53,62
199456,3791,224.77,61
199560,3792,208.61,54
199656,3793,259.79,69
199664,3794,217.73,56
199744,3795,244.80,63
199768,3796,227.00,64
199800,3797,228.42,59
199808,3798,253.49,79
199912,3799,192.04,57
199992,3800,206.45,54
200120,3801,230.97,58
200160,3802,236.48,62
200224,3803,227.70,60
200272,3804,210.04,63
200280,3805,229.91,59
200360,3806,267.29,70
200432,3807,256.93,65
200472,3808,230.89,60
200568,3809,222.24,56
200664,3810,247.86,63
200704,3811,215.57,60
200768,3812,232.00,61
200808,3813,255.90,67
200928,3814,234.98,62
200936,3815,267.58,72
200944,3816,213.30,59
201016,3817,217.28,56
201152,3818,224.07,56
201208,3819,270.53,68
201288,3820,226.79,60
201312,3821,245.88,68
201384,3822,195.62,57
201400,3823,240.00,58
201464,3824,225.12,65
201608,3825,260.40,74
201688,3826,250.36,67
201720,3827,220.89,64
201800,3828,208.47,64
201832,3829,196.16,56
201888,3830,222.72,61
201912,3831,264.73,75
201976,3832,215.27,64
202096,3833,230.56,61
202160,3834,222.87,59
202288,3835,236.40,71
202296,3836,202.50,58
202336,3837,259.60,67
202368,3838,238.83,60
202448,3839,254.33,67
202536,3840,246.19,70
202640,3841,205.04,60
202688,3842,265.54,74
202768,3843,214.50,60
202800,3844,236.05,63
202856,3845,236.08,65
202888,3846,232.42,65
202944,3847,238.23,62
203112,3848,229.22,72
203168,3849,246.01,66
203184,3850,241.96,62
203240,3851,196.53,55
203272,3852,199.78,63
203320,3853,213.86,58
203400,3854,220.03,57
203408,3855,202.59,65
203544,3856,194.51,54
203640,3857,232.75,59
203728,3858,223.16,68
203752,3859,236.49,64
203752,3860,234.78,60
203864,3861,192.86,68
203880,3862,194.25,60
203952,3863,244.98,68
203984,3864,166.59,55
204152,3865,229.01,64
204168,3866,174.05,52
204256,3867,246.87,66
204296,3868,241.32,68
204360,3869,219.37,62
204456,3870,233.22,59
204456,3871,236.28,72
204472,3872,178.05,65
204672,3873,218.08,65
204688,3874,249.25,65
204752,3875,206.77,57
204832,3876,244.11,72
204928,3877,280.04,71
204960,3878,251.22,63
204968,3879,226.52,64
205000,3880,240.29,66
205224,3881,261.88,69
205264,3882,247.42,64
205288,3883,224.82,57
205336,3884,253.02,81
205384,3885,211.31,57
205480,3886,233.43,64
205488,3887,263.43,66
205536,3888,230.85,67
205784,3889,251.33,62
205792,3890,214.22,71
205816,3891,217.83,69
205848,3892,222.99,64
205912,3893,227.19,66
205960,3894,224.86,59
206000,3895,218.61,65
206056,3896,223.48,65
206280,3897,207.04,58
206296,3898,232.44,64
206320,3899,233.62,66
206400,3900,229.77,61
206440,3901,231.13,60
206448,3902,275.85,75
206488,3903,230.00,61
206600,3904,260.71,68
206768,3905,221.74,61
206784,3906,240.64,61
206808,3907,221.57,61
206896,3908,217.72,57
206904,3909,172.10,52
206936,3910,238.35,67
206936,3911,229.40,61
207096,3912,237.17,62
207232,3913,197.34,58
207264,3914,192.60,60
207328,3915,252.15,65
207336,3916,200.98,54
207432,3917,235.41,62
207464,3918,253.73,66
207512,3919,267.59,77
207560,3920,218.42,58
207776,3921,241.61,68
207784,3922,216.16,56
207800,3923,238.13,67
207808,3924,212.95,60
207928,3925,229.16,62
207952,3926,176.80,61
207984,3927,232.67,59
208032,3928,216.75,59
208256,3929,209.57,60
208272,3930,187.15,59
208320,3931,273.10,67
208360,3932,250.39,69
208392,3933,180.67,58
208424,3934,218.21,59
208480,3935,207.57,56
208568,3936,213.71,73
208720,3937,222.23,58
208824,3938,220.29,69
208848,3939,253.11,66
208920,3940,209.17,66
208944,3941,238.46,65
208952,3942,219.91,74
209024,3943,200.65,68
209192,3944,258.11,78
209216,3945,237.16,62
209288,3946,223.82,55
209352,3947,225.99,66
209400,3948,216.74,60
209504,3949,203.25,69
209504,3950,246.06,60
209512,3951,261.01,71
209736,3952,252.90,65
209752,3953,244.67,70
209848,3954,257.13,62
209872,3955,223.84,59
209888,3956,258.49,75
209976,3957,207.63,59
210008,3958,237.80,62
210008,3959,208.40,63
210208,3960,231.39,59
210248,3961,230.88,62
210336,3962,192.16,56
210344,3963,218.52,62
210448,3964,240.57,72
210448,3965,206.94,55
210464,3966,198.00,61
210472,3967,207.13,58
210736,3968,241.67,66
210768,3969,231.68,65
210824,3970,228.37,61
210832,3971,246.45,61
210904,3972,206.01,57
210928,3973,235.94,60
210928,3974,212.91,58
210952,3975,240.59,60
211192,3976,200.93,57
211224,3977,187.85,49
211280,3978,257.95,64
211328,3979,214.84,63
211392,3980,225.92,61
211472,3981,231.98,68
211488,3982,258.29,70
211528,3983,253.31,72
211744,3984,241.25,65
211760,3985,234.56,71
211816,3986,222.98,61
211824,3987,207.90,54
211840,3988,255.95,70
211960,3989,222.72,61
211984,3990,231.87,62
212024,3991,232.79,62
212272,3992,206.32,64
212296,3993,272.33,69
212304,3994,218.40,60
212368,3995,258.13,69
212384,3996,216.29,68
212448,3997,234.40,61
212520,3998,221.93,67
212560,3999,215.27,67
212736,4000,204.81,54
212840,4001,219.14,57
212864,4002,239.68,62
212864,4003,251.79,71
212912,4004,241.00,80
212992,4005,231.82,68
213008,4006,217.37,61
213016,4007,200.72,57
213224,4008,236.02,61
213320,4009,223.75,60
213344,4010,216.43,60
213376,4011,201.79,58
213384,4012,238.29,65
213512,4013,241.28,63
213520,4014,237.49,63
213528,4015,242.59,67
213760,4016,220.03,67
213824,4017,239.03,63
213888,4018,245.81,68
213936,4019,264.57,69
213960,4020,272.09,73
214008,4021,238.43,60
214016,4022,207.34,63
214120,4023,213.74,75
214280,4024,215.91,57
214280,4025,176.93,65
214304,4026,176.00,52
214464,4027,263.35,66
214480,4028,230.08,58
214480,4029,238.11,65
214488,4030,239.89,60
214576,4031,207.80,57
214744,4032,218.80,58
214824,4033,250.31,68
214824,4034,211.76,65
214920,4035,212.32,55
214928,4036,199.76,56
214960,4037,221.06,59
214976,4038,238.80,64
215048,4039,221.14,59
215320,4040,223.82,62
215328,4041,257.77,63
215408,4042,240.12,83
215432,4043,221.27,64
215464,4044,201.74,61
215472,4045,260.39,68
215472,4046,213.93,64
215528,4047,242.55,60
215784,4048,210.65,57
215816,4049,221.79,62
215848,4050,197.07,52
215912,4051,261.70,63
215944,4052,218.53,59
215984,4053,227.37,65
216024,4054,261.05,69
216056,4055,257.59,66
216272,4056,229.57,57
216280,4057,232.84,62
216296,4058,217.13,56
216384,4059,208.00,59
216416,4060,240.07,59
216464,4061,165.31,55
216504,4062,244.11,65
216640,4063,277.90,73
216792,4064,234.05,62
216800,4065,220.65,65
216800,4066,263.96,66
216920,4067,245.22,67
216944,4068,187.50,55
216960,4069,217.74,62
216968,4070,254.57,69
217144,4071,233.31,63
217320,4072,229.97,65
217344,4073,259.66,68
217368,4074,199.54,56
217368,4075,238.99,72
217400,4076,209.21,57
217416,4077,229.14,57
217432,4078,208.71,58
217584,4079,198.05,55
217800,4080,206.80,54
217824,4081,226.05,63
217824,4082,179.78,60
217880,4083,258.79,64
217904,4084,223.14,59
217928,4085,224.26,66
218040,4086,260.65,78
218040,4087,211.95,57
218264,4088,225.01,58
218280,4089,221.42,57
218336,4090,259.13,64
218376,4091,223.40,59
218384,4092,222.63,57
218400,4093,239.98,65
218496,4094,219.30,57
218560,4095,258.32,65
218760,4096,246.72,62
218768,4097,217.33,61
218840,4098,227.19,63
218848,4099,218.52,56
218904,4100,237.48,66
218960,4101,200.24,72
218992,4102,244.57,62
219112,4103,259.30,69
219264,4104,245.49,63
219304,4105,254.25,67
219376,4106,242.82,66
219384,4107,248.52,68
219416,4108,250.31,64
219448,4109,212.21,61
219504,4110,245.56,64
219600,4111,233.19,61
219784,4112,231.99,60
219792,4113,242.19,66
219840,4114,212.05,53
219856,4115,200.07,59
219896,4116,244.50,65
219952,4117,237.51,63
220064,4118,258.04,70
220080,4119,215.80,60
220280,4120,222.44,61
220328,4121,251.32,68
220344,4122,246.46,61
220368,4123,258.99,66
220400,4124,239.71,63
220448,4125,237.15,62
220560,4126,220.58,60
220592,4127,234.54,66
220816,4128,243.15,67
220816,4129,247.89,59
220864,4130,249.71,67
220896,4131,230.25,62
221016,4132,260.17,71
221024,4133,258.49,82
221040,4134,228.70,60
221080,4135,213.38,61
221304,4136,230.28,61
221336,4137,229.31,65
221344,4138,211.16,56
221400,4139,269.53,67
221520,4140,220.07,60
221528,4141,251.03,64
221560,4142,232.36,60
221576,4143,241.92,69
221784,4144,197.92,60
221832,4145,237.82,62
221880,4146,251.67,67
221896,4147,229.92,62
222000,4148,246.10,60
222056,4149,232.36,66
222064,4150,232.07,61
222096,4151,217.31,67
222320,4152,235.12,61
222328,4153,248.39,68
222384,4154,244.43,61
222408,4155,258.34,66
222464,4156,226.64,58
222552,4157,228.04,62
222592,4158,240.63,62
222600,4159,225.56,67
222776,4160,227.61,57
222776,4161,226.06,56
222848,4162,176.45,55
222888,4163,231.67,63
223008,4164,208.18,68
223048,4165,218.73,57
223104,4166,252.50,63
223152,4167,246.05,75
223248,4168,231.46,59
223296,4169,200.39,56
223296,4170,252.46,65
223392,4171,227.24,63
223480,4172,236.03,59
223552,4173,242.06,63
223584,4174,211.47,60
223584,4175,211.19,54
223784,4176,233.16,67
223808,4177,220.96,64
223832,4178,228.05,67
223936,4179,247.40,68
223968,4180,232.15,61
224112,4181,240.28,66
224112,4182,252.28,66
224144,4183,271.34,74
224288,4184,208.23,60
224320,4185,238.68,61
224344,4186,247.94,70
224432,4187,220.88,62
224496,4188,223.51,66
224584,4189,229.17,59
224616,4190,242.03,59
224632,4191,248.28,65
224776,4192,246.02,61
224808,4193,221.88,58
224808,4194,229.44,61
224864,4195,206.27,54
224968,4196,235.53,59
225032,4197,173.55,50
225088,4198,240.11,63
225104,4199,227.31,61
225256,4200,217.01,56
225264,4201,197.85,57
225320,4202,257.22,68
225352,4203,226.54,61
225400,4204,218.37,54
225552,4205,267.50,65
225560,4206,218.60,59
225616,4207,249.85,64
225720,4208,205.56,57
225824,4209,274.41,71
225824,4210,228.30,63
225864,4211,270.04,64
225864,4212,226.23,58
226064,4213,246.55,64
226072,4214,245.98,64
226176,4215,269.89,70
226192,4216,208.59,59
226280,4217,195.45,52
226304,4218,233.22,60
226328,4219,203.70,58
226384,4220,257.11,70
226512,4221,200.30,55
226576,4222,242.80,64
226648,4223,210.88,59
226664,4224,217.42,59
226776,4225,235.65,59
226840,4226,228.34,64
226848,4227,240.04,71
226920,4228,243.82,67
227016,4229,230.08,63
227096,4230,207.60,54
227096,4231,195.81,65
227160,4232,247.07,64
227296,4233,204.22,57
227304,4234,244.59,66
227352,4235,242.25,63
227400,4236,191.63,60
227544,4237,245.24,66
227560,4238,211.55,58
227624,4239,236.52,66
227640,4240,228.45,60
227792,4241,243.37,61
227816,4242,231.70,65
227856,4243,222.03,57
227904,4244,258.71,69
228024,4245,205.95,60
228040,4246,210.77,60
228080,4247,218.29,57
228136,4248,226.40,62
228280,4249,191.44,58
228304,4250,247.85,64
228304,4251,221.23,56
228408,4252,220.25,63
228512,4253,223.28,61
228600,4254,252.71,65
228608,4255,257.89,71
228680,4256,241.36,68
228776,4257,230.55,59
228792,4258,233.79,64
228800,4259,238.66,62
228928,4260,196.73,52
228936,4261,227.55,66
229104,4262,251.02,63
229144,4263,246.86,67
229232,4264,237.08,69
229280,4265,227.16,61
229320,4266,239.19,68
229360,4267,226.93,70
229432,4268,248.66,62
229472,4269,249.67,68
229624,4270,228.16,65
229672,4271,235.95,66
229728,4272,233.72,62
229784,4273,245.56,63
229824,4274,275.13,63
229832,4275,232.90,59
229896,4276,219.30,58
229944,4277,221.37,59
230088,4278,242.55,58
230160,4279,237.28,61
230256,4280,236.20,66
230288,4281,225.48,63
230288,4282,217.71,58
230344,4283,239.65,64
230352,4284,228.13,57
230416,4285,227.16,59
230640,4286,249.66,69
230672,4287,231.28,64
230712,4288,214.50,57
230800,4289,201.33,64
230800,4290,245.21,64
230824,4291,239.69,60
230888,4292,264.96,67
230944,4293,246.12,66
231088,4294,211.83,56
231160,4295,207.34,61
231248,4296,216.13,56
231264,4297,247.59,69
231320,4298,239.26,65
231352,4299,248.79,66
231392,4300,232.81,63
231464,4301,233.72,65
231608,4302,237.88,65
231616,4303,229.15,57
231760,4304,242.95,64
231776,4305,241.13,64
231792,4306,225.99,59
231832,4307,214.63,60
231912,4308,241.34,65
231944,4309,225.89,60
232064,4310,204.97,56
232104,4311,212.20,62
232232,4312,231.92,59
232288,4313,220.20,64
232312,4314,210.48,60
232336,4315,269.62,68
232400,4316,231.17,57
232440,4317,251.51,66
232584,4318,268.12,65
232600,4319,268.47,62
232784,4320,234.88,69
232792,4321,238.96,60
232832,4322,207.64,62
232872,4323,259.12,73
232888,4324,218.86,56
232920,4325,247.74,65
233040,4326,189.38,57
233048,4327,211.20,56
233296,4328,230.42,63
233336,4329,227.84,63
233352,4330,264.61,71
233376,4331,223.83,63
233376,4332,250.62,61
233464,4333,243.87,68
233504,4334,237.28,58
233560,4335,223.99,64
233784,4336,226.14,61
233832,4337,233.28,60
233840,4338,231.14,63
233840,4339,212.70,58
233904,4340,241.30,66
233920,4341,227.23,57
234000,4342,226.07,62
234136,4343,279.47,72
234272,4344,246.58,61
234336,4345,231.29,62
234344,4346,242.22,63
234376,4347,251.80,68
234416,4348,234.90,62
234440,4349,237.23,67
234456,4350,197.85,57
234600,4351,214.54,58
234760,4352,223.36,61
234792,4353,211.86,56
234832,4354,249.95,62
234832,4355,241.58,57
234912,4356,218.53,62
234920,4357,179.72,58
234952,4358,221.22,64
235200,4359,255.35,75
235240,4360,209.85,60
235264,4361,203.24,59
235328,4362,205.53,62
235408,4363,236.30,62
235432,4364,241.98,64
235440,4365,206.80,76
235552,4366,270.72,75
235760,4367,245.37,65
235768,4368,232.32,71
235768,4369,210.91,63
235848,4370,221.77,55
235904,4371,252.91,72
235912,4372,235.16,60
236048,4373,204.30,76
236096,4374,221.22,68
236248,4375,225.55,61
236272,4376,245.56,63
236312,4377,237.36,68
236384,4378,240.00,67
236400,4379,234.86,61
236432,4380,266.30,66
236544,4381,233.55,62
236616,4382,263.46,65
236704,4383,214.68,57
236720,4384,219.06,56
236824,4385,256.46,64
236864,4386,219.33,58
236952,4387,232.35,65
237000,4388,262.53,77
237016,4389,174.12,50
237088,4390,260.06,68
237232,4391,233.59,66
237344,4392,257.38,78
237352,4393,244.24,66
237424,4394,261.80,70
237440,4395,225.09,61
237512,4396,256.45,64
237520,4397,246.24,63
237608,4398,248.15,65
237752,4399,235.83,65
237832,4400,188.73,61
237896,4401,256.90,68
237944,4402,244.42,65
237952,4403,225.61,64
238024,4404,234.79,64
238048,4405,263.53,66
238160,4406,254.65,69
238232,4407,236.19,60
238248,4408,178.54,52
238328,4409,196.85,54
238448,4410,256.07,62
238464,4411,240.55,65
238504,4412,227.39,60
238552,4413,229.15,63
238664,4414,230.09,63
238736,4415,229.32,61
238760,4416,242.37,66
238864,4417,194.74,52
238872,4418,246.49,68
238976,4419,220.51,64
238984,4420,234.23,60
239024,4421,233.61,59
239104,4422,192.58,55
239288,4423,234.05,66
239328,4424,219.16,58
239336,4425,260.60,75
239376,4426,228.19,63
239472,4427,222.73,62
239520,4428,244.45,67
239528,4429,245.63,63
239584,4430,233.87,60
239784,4431,210.34,62
239808,4432,237.18,59
239832,4433,235.88,57
239864,4434,260.82,67
239912,4435,193.12,55
239984,4436,217.99,58
240048,4437,245.72,65
240072,4438,253.57,61
240296,4439,224.15,61
240320,4440,250.35,67
240344,4441,231.61,60
240432,4442,208.38,65
240440,4443,233.39,76
240464,4444,159.85,60
240552,4445,242.77,63
240592,4446,243.03,65
240808,4447,251.80,61
240840,4448,271.94,68
240896,4449,217.26,58
240904,4450,238.42,58
240904,4451,249.55,70
240944,4452,226.84,60
241032,4453,221.49,60
241152,4454,242.49,70
241280,4455,221.57,59
241312,4456,222.28,59
241352,4457,232.40,57
241416,4458,220.95,64
241448,4459,252.29,68
241504,4460,263.03,70
241608,4461,271.70,72
241784,4462,229.52,63
241800,4463,282.83,81
241808,4464,241.29,62
241832,4465,226.27,60
241936,4466,242.27,65
241952,4467,223.62,56
242024,4468,259.57,72
242112,4469,245.48,63
242312,4470,230.38,66
242320,4471,256.64,65
242320,4472,221.67,61
242376,4473,256.33,71
242440,4474,245.40,63
242464,4475,229.91,64
242480,4476,211.44,57
242608,4477,235.74,62
242824,4478,239.46,63
242880,4479,254.44,71
242904,4480,212.61,58
242904,4481,265.61,73
242928,4482,252.96,69
242944,4483,238.92,58
242984,4484,255.10,65
243104,4485,247.63,62
243296,4486,242.82,59
243384,4487,214.79,60
243392,4488,253.53,64
243424,4489,226.16,62
243448,4490,242.64,68
243480,4491,258.38,67
243496,4492,245.31,64
243640,4493,258.05,67
243752,4494,216.49,57
243840,4495,215.74,57
243848,4496,214.37,57
243920,4497,218.81,59
243976,4498,238.05,60
244040,4499,261.23,70
244088,4500,325.16,83
244144,4501,245.85,63
244240,4502,244.19,61
244328,4503,205.59,61
244328,4504,225.39,60
244488,4505,219.48,64
244504,4506,246.31,73
244520,4507,242.27,60
244544,4508,244.46,57
244656,4509,222.75,64
244760,4510,254.18,65
244816,4511,248.61,61
244824,4512,247.81,62
245016,4513,218.21,66
245048,4514,243.62,63
245048,4515,220.58,68
245080,4516,233.07,70
245128,4517,228.88,59
245304,4518,268.33,68
245304,4519,227.36,61
245344,4520,235.73,65
245464,4521,221.37,56
245512,4522,235.61,58
245544,4523,238.64,62
245552,4524,213.25,59
245616,4525,223.05,61
245752,4526,184.37,56
245784,4527,231.65,60
245920,4528,202.22,72
245960,4529,248.40,62
245984,4530,217.34,55
246008,4531,252.86,62
246008,4532,222.66,57
246048,4533,209.05,54
246216,4534,208.89,58
246296,4535,234.59,64
246408,4536,204.97,61
246464,4537,249.21,63
246472,4538,232.28,58
246488,4539,221.00,63
246496,4540,246.18,61
246568,4541,261.66,65
246712,4542,230.33,62
246808,4543,228.34,64
246872,4544,224.11,58
246968,4545,230.68,63
247016,4546,240.90,68
247016,4547,241.56,65
247088,4548,251.85,75
247112,4549,243.58,68
247232,4550,246.06,65
247264,4551,203.94,57
247432,4552,206.62,58
247448,4553,275.74,72
247472,4554,223.14,57
247512,4555,234.59,62
247584,4556,254.15,62
247592,4557,243.53,60
247720,4558,247.20,61
247776,4559,252.20,64
247952,4560,183.24,55
247984,4561,240.28,69
247992,4562,279.80,68
248008,4563,260.16,67
248080,4564,225.69,62
248096,4565,239.86,63
248208,4566,229.19,61
248304,4567,247.16,66
248424,4568,231.86,59
248496,4569,233.04,64
248576,4570,226.09,60
248584,4571,251.34,72
248584,4572,262.97,74
248600,4573,238.40,65
248688,4574,252.63,60
248776,4575,226.73,59
248936,4576,257.57,64
248976,4577,231.42,60
249024,4578,216.76,56
249040,4579,237.07,57
249072,4580,251.37,61
249168,4581,237.15,60
249200,4582,290.60,75
249368,4583,264.82,74
249440,4584,242.35,58
249504,4585,245.26,71
249512,4586,243.77,59
249528,4587,245.85,63
249552,4588,242.61,60
249688,4589,226.73,61
249720,4590,250.55,69
249832,4591,228.21,58
249960,4592,239.40,65
250000,4593,227.76,62
250008,4594,200.56,62
250024,4595,226.84,59
250024,4596,259.44,62
250176,4597,214.85,61
250224,4598,257.29,63
250384,4599,259.74,69
250480,4600,259.36,65
250536,4601,245.00,66
250560,4602,261.75,70
250584,4603,249.84,70
250616,4604,275.80,74
250688,4605,257.80,64
250760,4606,252.81,67
250832,4607,219.08,56
251008,4608,250.09,66
251048,4609,246.01,64
251056,4610,225.35,62
251144,4611,236.04,66
251192,4612,249.80,63
251248,4613,262.79,83
251272,4614,204.79,55
251312,4615,237.83,69
251504,4616,165.24,45
251536,4617,262.62,66
251560,4618,234.57,63
251576,4619,272.75,66
251704,4620,220.73,64
251768,4621,257.59,65
251832,4622,301.27,70
251872,4623,262.17,70
252040,4624,232.35,60
252048,4625,253.35,68
252104,4626,272.72,66
252104,4627,257.35,71
252184,4628,235.80,60
252256,4629,219.94,61
252368,4630,266.31,67
252488,4631,276.79,77
252504,4632,229.04,58
252536,4633,237.94,61
252608,4634,252.10,63
252608,4635,240.20,63
252704,4636,217.05,56
252712,4637,240.76,66
252880,4638,225.81,64
252936,4639,220.36,56
253008,4640,231.15,59
253072,4641,278.61,71
253104,4642,239.13,62
253152,4643,261.51,68
253176,4644,240.92,58
253248,4645,242.61,68
253440,4646,263.06,63
253440,4647,269.11,70
253512,4648,256.99,63
253600,4649,249.99,66
253632,4650,242.14,66
253704,4651,246.28,66
253704,4652,257.61,69
253728,4653,232.79,60
253936,4654,258.41,62
253968,4655,254.43,66
254024,4656,231.37,64
254096,4657,237.77,58
254104,4658,245.72,63
254184,4659,213.68,57
254208,4660,239.06,63
254352,4661,282.41,81
254480,4662,214.60,64
254488,4663,268.32,69
254592,4664,274.07,71
254608,4665,247.37,63
254616,4666,254.71,65
254648,4667,223.21,58
254712,4668,248.78,63
254864,4669,246.85,64
254944,4670,231.22,58
255008,4671,250.01,65
255072,4672,234.82,60
255120,4673,212.65,59
255152,4674,250.65,67
255160,4675,264.67,69
255184,4676,227.44,59
255392,4677,201.90,66
255464,4678,250.09,65
255536,4679,240.63,66
255544,4680,247.21,59
255624,4681,220.56,59
255688,4682,248.44,63
255720,4683,247.05,70
255816,4684,285.67,87
255856,4685,229.07,58
255944,4686,210.98,60
256040,4687,270.22,63
256056,4688,234.85,64
256192,4689,229.40,59
256192,4690,267.80,63
256200,4691,259.49,72
256376,4692,251.84,65
256400,4693,285.95,73
256408,4694,238.50,58
256544,4695,220.90,63
256560,4696,243.76,63
256624,4697,213.88,54
256672,4698,225.82,59
256744,4699,255.26,69
256864,4700,216.33,61
256968,4701,263.14,70
256968,4702,276.14,71
257040,4703,236.00,62
257064,4704,261.30,63
257120,4705,236.54,62
257136,4706,221.43,58
257224,4707,220.12,60
257320,4708,226.08,57
257464,4709,214.66,62
257480,4710,218.16,55
257504,4711,213.09,67
257544,4712,238.80,60
257592,4713,234.76,57
257656,4714,208.92,54
257664,4715,246.21,68
257776,4716,220.31,57
257944,4717,234.77,60
257992,4718,232.16,61
258000,4719,243.01,65
258072,4720,236.33,60
258144,4721,244.04,61
258144,4722,275.32,75
258200,4723,260.32,67
258288,4724,257.06,64
258536,4725,291.18,74
258544,4726,262.92,69
258544,4727,200.72,68
258576,4728,235.80,63
258600,4729,205.67,57
258664,4730,252.16,65
258680,4731,238.70,60
258776,4732,236.32,61
259016,4733,240.22,60
259032,4734,200.93,61
259048,4735,225.25,63
259080,4736,246.09,63
259144,4737,238.17,60
259160,4738,246.66,70
259240,4739,245.27,58
259288,4740,280.89,76
259488,4741,228.93,59
259504,4742,218.20,59
259544,4743,210.46,62
259600,4744,263.41,65
259624,4745,231.52,58
259632,4746,238.81,61
259728,4747,220.47,61
259784,4748,210.95,62
260016,4749,239.30,64
260024,4750,261.54,67
260032,4751,249.90,61
260104,4752,228.28,63
260112,4753,221.60,61
260136,4754,215.38,63
260224,4755,246.93,62
260256,4756,209.89,59
260520,4757,204.65,61
260536,4758,227.19,64
260544,4759,250.90,66
260648,4760,269.46,64
260656,4761,292.77,68
260712,4762,279.24,76
260752,4763,262.05,66
260760,4764,234.64,63
261008,4765,228.66,61
261048,4766,251.55,64
261072,4767,241.22,66
261120,4768,239.15,58
261168,4769,260.02,65
261200,4770,239.52,61
261232,4771,227.90,60
261264,4772,253.05,63
261480,4773,214.98,59
261552,4774,226.97,63
261616,4775,243.43,62
261640,4776,250.56,71
261672,4777,244.43,63
261728,4778,247.22,62
261768,4779,250.49,71
261784,4780,246.06,65
261928,4781,208.48,56
262000,4782,210.06,56
262176,4783,241.17,70
262216,4784,265.82,72
262224,4785,244.19,62
262232,4786,239.91,58
262240,4787,262.80,71
262248,4788,207.38,58
262416,4789,243.31,61
262496,4790,240.68,62
262656,4791,214.37,52
262688,4792,229.25,59
262720,4793,239.77,68
262728,4794,237.24,63
262752,4795,253.56,63
262768,4796,271.41,67
262896,4797,211.20,60
263000,4798,223.73,63
263184,4799,248.85,62
263200,4800,213.51,59
263232,4801,282.86,72
263240,4802,264.02,65
263304,4803,250.99,69
263376,4804,266.33,76
263408,4805,256.52,64
263488,4806,237.03,61
263616,4807,198.67,54
263744,4808,264.60,68
263776,4809,239.41,67
263776,4810,265.40,68
263856,4811,251.98,60
263928,4812,242.95,78
263936,4813,233.14,66
264008,4814,252.15,65
264104,4815,255.91,61
264248,4816,236.47,63
264296,4817,217.87,65
264304,4818,248.69,66
264392,4819,259.60,67
264424,4820,250.96,61
264448,4821,241.14,65
264544,4822,251.38,67
264632,4823,249.51,66
264720,4824,249.11,59
264752,4825,218.21,57
264856,4826,271.47,69
264896,4827,239.09,63
264912,4828,228.90,58
265000,4829,283.90,72
265008,4830,210.01,58
265176,4831,230.62,68
265256,4832,246.87,67
265256,4833,233.26,63
265296,4834,212.41,55
265360,4835,234.15,56
265392,4836,213.57,62
265408,4837,212.50,51
265488,4838,240.11,60
265656,4839,215.38,60
265720,4840,229.67,58
265776,4841,247.12,65
265824,4842,234.46,66
265856,4843,218.32,62
265920,4844,245.53,64
265952,4845,259.67,70
266040,4846,288.29,69
266192,4847,217.47,67
266240,4848,221.45,65
266240,4849,224.75,58
266336,4850,245.99,60
266384,4851,252.10,70
266448,4852,245.82,66
266472,4853,275.85,65
266568,4854,263.89,66
266720,4855,235.94,60
266736,4856,257.38,68
266832,4857,277.44,74
266872,4858,222.25,61
266904,4859,278.20,71
266920,4860,230.87,59
267000,4861,247.12,66
267032,4862,217.29,58
267232,4863,244.01,64
267256,4864,242.11,65
267344,4865,233.09,59
267368,4866,228.56,56
267376,4867,245.35,68
267376,4868,213.29,59
267424,4869,195.00,53
267512,4870,234.45,60
267704,4871,258.76,59
267768,4872,228.30,64
267824,4873,226.29,60
267872,4874,248.72,62
267904,4875,233.53,67
267936,4876,255.31,64
267992,4877,274.81,77
268000,4878,237.91,61
268248,4879,229.02,60
268264,4880,255.26,70
268320,4881,248.49,62
268384,4882,229.82,60
268416,4883,267.36,68
268456,4884,228.32,57
268488,4885,243.69,62
268592,4886,227.33,82
268760,4887,233.69,62
268784,4888,269.26,67
268832,4889,238.54,64
268896,4890,241.10,64
268944,4891,266.51,66
268952,4892,214.03,58
268968,4893,252.48,64
269080,4894,240.33,61
269208,4895,205.70,56
269280,4896,254.37,62
269336,4897,219.14,63
269456,4898,230.43,61
269472,4899,248.26,66
269488,4900,295.66,74
269504,4901,277.36,69
269560,4902,229.70,60
269728,4903,260.99,65
269800,4904,240.96,65
269904,4905,274.91,71
269952,4906,230.87,62
269984,4907,235.41,64
270016,4908,236.09,66
270056,4909,225.64,62
270080,4910,260.80,72
270288,4911,231.78,61
270296,4912,256.17,71
270376,4913,223.85,59
270456,4914,219.33,59
270496,4915,233.20,60
270536,4916,231.14,57
270576,4917,276.49,78
270608,4918,245.15,69
270784,4919,261.78,62
270808,4920,260.08,64
270864,4921,224.47,61
270920,4922,206.65,58
270992,4923,231.86,62
271080,4924,238.58,68
271136,4925,259.19,66
271208,4926,267.55,79
271240,4927,219.40,57
271336,4928,241.07,66
271344,4929,224.24,60
271416,4930,226.66,62
271488,4931,218.22,62
271568,4932,234.15,61
271600,4933,222.24,58
271704,4934,227.18,58
271760,4935,258.89,69
271784,4936,206.89,56
271896,4937,239.72,60
271960,4938,296.32,77
272016,4939,269.78,66
272120,4940,253.57,65
272152,4941,271.02,73
272256,4942,239.16,62
272264,4943,225.57,70
272368,4944,276.41,73
272448,4945,269.53,69
272520,4946,260.90,70
272568,4947,234.93,69
272624,4948,232.12,63
272688,4949,237.90,67
272784,4950,260.20,65
272816,4951,236.97,70
272856,4952,264.81,61
272960,4953,228.09,64
273008,4954,229.21,61
273136,4955,258.05,71
273152,4956,263.83,66
273160,4957,246.75,59
273272,4958,222.84,57
273312,4959,224.66,66
273344,4960,234.83,61
273392,4961,205.95,54
273512,4962,242.09,63
273616,4963,236.14,58
273648,4964,247.85,64
273656,4965,239.39,62
273808,4966,255.65,67
273840,4967,233.75,62
273848,4968,248.48,67
273944,4969,262.21,69
274072,4970,273.08,70
274120,4971,227.48,59
274128,4972,266.13,64
274128,4973,243.66,59
274320,4974,256.10,64
274376,4975,261.67,67
274456,4976,273.64,76
274496,4977,265.56,69
274616,4978,240.95,61
274680,4979,286.69,70
274680,4980,280.59,69
274696,4981,273.51,78
274824,4982,249.25,63
274912,4983,240.52,67
274984,4984,252.36,66
274992,4985,247.53,62
275112,4986,201.62,54
275136,4987,253.44,65
275152,4988,237.72,59
275160,4989,207.50,58
275336,4990,248.14,64
275432,4991,244.74,65
275488,4992,230.65,63
275504,4993,244.01,64
275600,4994,217.80,58
275608,4995,236.94,62
275672,4996,233.92,65
275720,4997,264.15,70
275856,4998,234.19,65
275928,4999,252.33,62
276016,5000,247.58,66
276016,5001,255.79,64
276104,5002,263.26,63
276120,5003,221.44,64
276256,5004,256.50,67
276264,5005,272.57,74
276352,5006,250.26,62
276512,5007,220.46,62
276512,5008,266.40,73
276544,5009,223.53,53
276592,5010,221.63,61
276616,5011,292.36,75
276712,5012,216.10,57
276792,5013,247.20,66
276856,5014,260.51,63
277008,5015,238.49,62
277024,5016,230.87,64
277056,5017,232.86,64
277072,5018,196.91,60
277072,5019,205.22,57
277176,5020,216.51,58
277280,5021,228.66,61
277416,5022,255.95,70
277528,5023,224.46,63
277536,5024,241.82,66
277560,5025,237.02,61
277592,5026,253.44,65
277632,5027,262.47,72
277680,5028,248.79,63
277736,5029,209.98,57
277888,5030,234.18,59
278040,5031,237.38,64
278072,5032,244.07,64
278120,5033,263.12,73
278128,5034,271.90,67
278136,5035,235.85,63
278232,5036,258.22,69
278312,5037,263.30,72
278512,5038,299.09,78
278536,5039,217.73,62
278600,5040,252.39,66
278616,5041,229.22,60
278632,5042,246.95,64
278768,5043,275.98,80
278792,5044,241.43,60
278816,5045,279.52,73
279048,5046,262.07,64
279072,5047,265.47,70
279104,5048,246.47,63
279136,5049,232.42,63
279160,5050,261.49,68
279328,5051,291.14,70
279328,5052,235.53,64
279336,5053,269.22,68
279552,5054,236.57,63
279584,5055,248.01,64
279592,5056,218.57,61
279632,5057,255.32,62
279696,5058,250.12,67
279832,5059,247.71,63
279840,5060,274.51,64
279888,5061,231.82,69
280048,5062,219.41,62
280072,5063,238.29,61
280120,5064,235.77,61
280184,5065,204.17,74
280216,5066,218.41,65
280272,5067,204.21,55
280296,5068,241.77,57
280376,5069,253.29,61
280512,5070,233.92,58
280536,5071,245.44,58
280560,5072,209.25,55
280688,5073,236.08,63
280768,5074,234.39,62
280776,5075,260.07,70
280800,5076,228.28,63
280928,5077,254.95,69
281008,5078,244.14,62
281064,5079,224.61,63
281088,5080,251.49,69
281240,5081,236.60,59
281264,5082,268.66,72
281280,5083,256.39,63
281352,5084,253.23,69
281456,5085,280.96,66
281552,5086,252.86,68
281584,5087,255.52,62
281624,5088,267.28,70
281776,5089,260.04,67
281776,5090,249.08,64
281808,5091,272.22,66
281824,5092,238.98,59
282008,5093,209.18,53
282072,5094,228.94,65
282088,5095,283.39,79
282112,5096,228.06,61
282272,5097,245.04,62
282288,5098,210.92,60
282288,5099,251.77,64
282352,5100,258.97,66
282496,5101,234.77,61
282600,5102,257.17,61
282640,5103,269.85,71
282656,5104,247.01,71
282776,5105,217.66,61
282800,5106,264.60,64
282824,5107,230.06,59
282848,5108,239.52,72
282992,5109,221.29,62
283128,5110,268.78,66
283176,5111,262.86,67
283216,5112,272.36,70
283264,5113,241.40,58
283312,5114,242.10,58
283336,5115,256.11,70
283376,5116,254.44,69
283480,5117,220.78,61
283632,5118,211.73,57
283648,5119,231.32,65
283688,5120,236.99,59
283800,5121,253.75,67
283808,5122,248.52,62
283880,5123,257.92,68
283896,5124,249.49,65
283992,5125,232.21,64
284160,5126,221.04,59
284168,5127,277.81,67
284176,5128,254.59,66
284280,5129,232.03,60
284376,5130,239.42,62
284384,5131,233.39,72
284400,5132,248.15,63
284480,5133,234.66,61
284632,5134,238.11,58
284648,5135,226.38,61
284808,5136,271.75,79
284816,5137,260.95,67
284832,5138,229.54,56
284904,5139,261.76,63
284944,5140,237.79,58
284960,5141,285.68,73
285064,5142,208.46,52
285168,5143,260.76,67
285304,5144,252.07,61
285312,5145,250.47,63
285392,5146,247.97,61
285400,5147,262.45,71
285408,5148,214.95,56
285416,5149,227.18,59
285552,5150,229.24,61
285624,5151,217.61,57
285776,5152,210.27,58
285864,5153,220.70,57
285888,5154,245.20,73
285888,5155,248.86,61
285904,5156,219.57,61
285904,5157,223.35,64
286072,5158,256.90,65
286096,5159,214.58,59
286248,5160,222.61,59
286328,5161,231.39,58
286344,5162,223.42,57
286376,5163,250.39,61
286392,5164,239.59,61
286392,5165,232.62,61
286568,5166,237.85,62
286648,5167,264.17,69
286712,5168,231.81,58
286832,5169,246.70,61
286840,5170,232.45,58
286864,5171,251.49,67
286904,5172,236.82,64
286920,5173,263.16,66
287064,5174,239.03,62
287096,5175,233.20,56
287208,5176,227.80,62
287320,5177,256.71,60
287352,5178,251.33,61
287384,5179,283.83,69
287432,5180,270.56,64
287480,5181,252.95,72
287560,5182,230.35,58
287592,5183,255.35,66
287672,5184,209.19,58
287856,5185,212.64,59
287864,5186,247.86,64
287896,5187,261.33,72
287928,5188,215.10,62
288096,5189,252.59,63
288104,5190,273.97,78
288160,5191,273.89,75
288184,5192,267.54,64
288368,5193,244.85,64
288376,5194,243.07,60
288400,5195,253.12,67
288408,5196,228.87,60
288576,5197,243.71,60
288624,5198,231.75,58
288656,5199,270.62,69
288704,5200,253.77,65
288880,5201,223.67,59
288888,5202,268.53,64
288944,5203,277.29,72
288944,5204,244.31,68
289096,5205,258.43,65
289104,5206,225.94,60
289152,5207,227.91,62
289200,5208,242.91,62
289400,5209,254.37,64
289440,5210,214.57,62
289456,5211,250.36,64
289504,5212,273.49,78
289552,5213,235.98,56
289576,5214,206.76,60
289656,5215,229.87,63
289688,5216,242.12,61
289912,5217,250.36,64
289936,5218,235.26,62
290000,5219,237.31,62
290016,5220,271.22,70
290056,5221,257.06,60
290152,5222,260.63,62
290176,5223,265.55,78
290184,5224,244.33,62
290456,5225,224.73,57
290464,5226,262.97,66
290488,5227,216.33,59
290496,5228,295.31,73
290632,5229,245.04,60
290640,5230,228.97,57
290664,5231,244.05,76
290704,5232,232.86,66
290928,5233,246.63,58
290944,5234,208.23,56
290992,5235,256.12,63
291048,5236,289.68,74
291128,5237,255.64,61
291136,5238,228.74,63
291176,5239,263.70,64
291176,5240,224.03,59
291408,5241,219.96,58
291472,5242,246.28,68
291488,5243,244.26,62
291584,5244,250.74,67
291616,5245,238.85,61
291616,5246,219.50,55
291640,5247,259.13,63
291736,5248,288.05,70
291904,5249,241.93,62
291976,5250,252.26,63
292024,5251,272.87,67
292112,5252,250.83,62
292144,5253,243.56,63
292152,5254,282.57,71
292240,5255,269.54,78
292256,5256,258.79,65
292416,5257,245.34,64
292416,5258,217.67,55
292536,5259,248.38,64
292584,5260,227.41,59
292656,5261,231.04,64
292696,5262,257.50,68
292744,5263,247.86,63
292800,5264,274.24,68
292888,5265,250.38,59
293008,5266,288.28,74
293024,5267,255.02,61
293048,5268,243.99,58
293128,5269,249.72,59
293176,5270,201.03,60
293248,5271,248.27,63
293272,5272,231.74,59
293448,5273,266.66,70
293504,5274,217.80,57
293536,5275,250.40,66
293632,5276,287.82,76
293656,5277,250.18,66
293760,5278,211.77,64
293848,5279,271.39,72
293856,5280,276.64,85
293960,5281,267.67,64
294024,5282,240.28,61
294032,5283,255.56,66
294152,5284,268.15,65
294160,5285,262.28,63
294272,5286,255.89,64
294408,5287,270.85,69
294424,5288,277.43,72
294464,5289,238.71,63
294528,5290,245.85,62
294568,5291,270.42,68
294648,5292,265.94,61
294672,5293,265.95,65
294840,5294,267.60,71
294864,5295,230.06,55
294952,5296,246.88,68
294976,5297,235.29,64
295056,5298,260.43,66
295096,5299,260.59,66
295136,5300,236.80,61
295192,5301,233.29,65
295328,5302,256.87,58
295344,5303,244.99,63
295432,5304,249.95,60
295432,5305,214.65,57
295584,5306,242.59,66
295584,5307,249.20,61
295640,5308,268.87,63
295696,5309,250.50,63
295880,5310,262.82,69
295960,5311,263.36,77
295960,5312,263.88,66
296000,5313,275.65,71
296072,5314,246.52,61
296096,5315,235.08,64
296160,5316,237.02,58
296168,5317,227.91,66
296368,5318,248.40,61
296464,5319,268.25,63
296480,5320,273.22,65
296544,5321,223.55,68
296576,5322,252.35,63
296640,5323,260.54,68
296680,5324,239.58,64
296760,5325,268.24,75
296904,5326,268.06,67
296976,5327,258.23,62
297000,5328,246.70,67
297032,5329,246.35,61
297056,5330,221.66,60
297128,5331,223.99,61
297216,5332,255.58,67
297376,5333,280.60,77
297464,5334,231.26,58
297464,5335,210.63,54
297488,5336,274.93,73
297512,5337,269.38,67
297568,5338,275.12,64
297664,5339,218.07,56
297664,5340,266.12,67
297904,5341,257.77,66
297960,5342,235.96,62
297984,5343,282.69,65
297984,5344,248.90,62
298008,5345,233.29,62
298024,5346,236.42,57
298152,5347,238.68,61
298192,5348,235.18,66
298376,5349,205.33,59
298416,5350,223.42,57
298448,5351,209.82,58
298528,5352,263.02,68
298544,5353,247.53,65
298552,5354,274.08,68
298688,5355,255.02,67
298696,5356,268.13,63
298912,5357,250.66,67
298944,5358,279.62,66
298944,5359,237.39,62
299040,5360,247.76,61
299040,5361,227.25,64
299056,5362,269.75,64
299216,5363,258.09,65
299216,5364,269.62,66
299432,5365,239.75,65
299440,5366,250.85,62
299472,5367,252.32,66
299512,5368,199.60,57
299552,5369,246.69,64
299584,5370,269.19,68
299696,5371,222.26,60
299728,5372,239.45,64
299880,5373,210.11,56
299944,5374,234.12,63
300016,5375,185.08,63
300024,5376,260.97,59
300048,5377,298.33,72
300128,5378,219.90,68
300224,5379,230.40,62
300304,5380,284.82,76
300464,5381,261.74,73
300496,5382,253.94,59
300504,5383,276.76,70
300576,5384,268.67,66
300576,5385,252.46,70
300576,5386,219.13,56
300704,5387,220.16,60
300832,5388,249.14,66
301008,5389,227.82,64
301024,5390,200.26,56
301032,5391,213.75,57
301048,5392,268.74,73
301072,5393,257.66,71
301168,5394,237.56,74
301192,5395,235.41,61
301352,5396,259.39,65
301512,5397,257.32,61
301520,5398,228.94,59
301528,5399,258.93,62
301560,5400,269.00,69
301600,5401,217.99,54
301640,5402,272.66,71
301640,5403,231.41,56
301824,5404,238.23,59
302016,5405,235.69,61
302040,5406,248.06,66
302048,5407,237.85,61
302064,5408,277.53,68
302088,5409,240.32,61
302136,5410,244.75,62
302168,5411,271.89,66
302296,5412,234.59,59
302496,5413,177.81,57
302536,5414,221.95,56
302552,5415,251.31,67
302592,5416,272.21,66
302624,5417,293.76,72
302672,5418,261.14,67
302688,5419,231.08,65
302856,5420,266.96,70
302976,5421,237.61,60
303032,5422,258.56,62
303048,5423,233.47,62
303056,5424,238.21,58
303168,5425,275.18,68
303200,5426,239.91,64
303208,5427,238.96,67
303360,5428,260.02,63
303504,5429,223.99,57
303552,5430,198.57,65
303552,5431,292.41,72
303616,5432,258.83,70
303696,5433,263.84,66
303704,5434,260.20,62
303744,5435,275.08,68
303848,5436,254.54,61
303960,5437,228.70,57
304000,5438,237.57,56
304136,5439,270.88,65
304152,5440,261.50,75
304200,5441,243.46,62
304232,5442,247.69,61
304240,5443,261.89,68
304344,5444,246.37,62
304448,5445,242.70,61
304488,5446,246.54,61
304632,5447,241.40,60
304656,5448,210.59,57
304704,5449,272.16,71
304752,5450,258.75,65
304776,5451,235.60,67
304848,5452,241.10,63
304976,5453,235.12,61
304992,5454,266.56,68
305128,5455,235.49,62
305136,5456,219.64,60
305176,5457,261.26,59
305256,5458,229.96,63
305336,5459,258.23,70
305368,5460,273.01,65
305448,5461,239.16,59
305544,5462,283.02,69
305616,5463,256.05,60
305688,5464,251.30,70
305704,5465,246.44,66
305816,5466,253.63,70
305848,5467,237.35,64
305936,5468,262.74,71
306016,5469,264.87,71
306080,5470,278.23,67
306120,5471,249.29,63
306240,5472,243.82,69
306264,5473,270.32,70
306312,5474,229.45,58
306376,5475,252.77,70
306416,5476,239.97,60
306456,5477,211.52,55
306528,5478,232.13,56
306624,5479,249.99,63
306728,5480,226.19,61
306832,5481,281.38,71
306832,5482,264.26,65
306848,5483,211.03,59
306896,5484,245.81,60
307048,5485,313.39,74
307112,5486,272.90,73
307176,5487,259.04,69
307248,5488,253.15,65
307312,5489,199.55,52
307336,5490,270.56,63
307352,5491,202.23,63
307368,5492,249.87,67
307520,5493,230.09,59
307600,5494,257.32,61
307720,5495,252.03,59
307752,5496,263.36,72
307800,5497,239.19,58
307848,5498,267.16,67
307880,5499,244.52,64
307936,5500,289.49,73
308024,5501,243.08,63
308160,5502,160.68,51
308176,5503,283.31,72
308192,5504,213.08,59
308280,5505,245.95,60
308344,5506,237.47,62
308360,5507,247.70,60
308520,5508,244.03,62
308608,5509,285.63,84
308664,5510,236.63,59
308664,5511,213.00,61
308672,5512,253.02,64
308832,5513,244.89,61
308888,5514,285.29,76
308896,5515,259.72,67
309088,5516,258.43,71
309192,5517,290.22,73
309200,5518,271.03,67
309208,5519,256.70,67
309240,5520,284.27,72
309320,5521,246.20,61
309352,5522,234.43,58
309376,5523,218.89,60
309608,5524,265.30,65
309696,5525,259.75,62
309712,5526,252.72,65
309752,5527,232.65,68
309768,5528,282.18,66
309840,5529,251.00,61
309888,5530,269.58,71
309936,5531,262.15,70
310088,5532,256.34,60
310152,5533,217.27,55
310176,5534,227.36,60
310264,5535,239.95,62
310320,5536,246.22,60
310328,5537,294.22,72
310408,5538,229.73,59
310448,5539,249.18,70
310640,5540,267.46,61
310656,5541,260.29,71
310712,5542,278.44,67
310744,5543,227.44,60
310816,5544,239.59,61
310824,5545,258.81,63
310952,5546,233.30,63
310976,5547,247.09,71
311136,5548,223.02,60
311176,5549,279.16,67
311200,5550,237.58,61
311296,5551,285.37,69
311336,5552,268.69,65
311440,5553,230.77,61
311456,5554,253.58,60
311496,5555,267.92,84
311664,5556,258.85,66
311712,5557,257.61,67
311768,5558,213.17,54
311800,5559,266.69,63
311808,5560,272.86,76
311984,5561,260.69,66
311984,5562,265.44,68
312040,5563,271.70,68
312144,5564,223.76,60
312256,5565,265.26,68
312264,5566,262.16,62
312328,5567,246.39,65
312384,5568,279.71,73
312416,5569,230.06,54
312496,5570,248.22,64
312504,5571,215.22,58
312600,5572,225.70,57
312768,5573,240.62,63
312768,5574,247.01,64
312864,5575,278.89,67
312928,5576,269.60,68
312984,5577,291.10,71
312992,5578,242.07,61
313032,5579,277.10,67
313064,5580,238.83,58
313216,5581,222.64,56
313264,5582,231.06,62
313384,5583,258.00,65
313416,5584,236.19,61
313464,5585,219.07,59
313544,5586,262.76,70
313592,5587,272.90,70
313672,5588,280.35,76
313712,5589,231.72,62
313744,5590,246.28,60
313856,5591,242.74,59
313912,5592,226.68,62
313944,5593,247.16,60
314064,5594,266.31,65
314136,5595,273.68,68
314144,5596,241.68,59
314160,5597,201.46,52
314256,5598,268.38,68
314376,5599,265.72,65
314464,5600,268.23,65
314472,5601,258.94,70
314608,5602,251.26,59
314632,5603,229.90,61
314680,5604,273.06,77
314728,5605,283.85,71
314752,5606,263.46,62
314960,5607,295.49,73
314976,5608,263.46,64
315056,5609,271.68,73
315136,5610,245.82,66
315152,5611,235.94,65
315168,5612,245.67,61
315272,5613,222.00,68
315352,5614,269.80,75
315496,5615,258.18,67
315520,5616,285.42,68
315560,5617,272.76,63
315632,5618,253.55,62
315664,5619,244.06,62
315672,5620,266.66,65
315808,5621,276.83,67
315832,5622,245.80,60
316016,5623,244.06,62
316048,5624,236.41,61
316048,5625,241.53,69
316144,5626,242.48,60
316192,5627,271.78,65
316208,5628,256.97,72
316336,5629,256.37,66
316344,5630,246.62,64
316536,5631,253.39,65
316544,5632,241.55,62
316616,5633,257.18,71
316704,5634,241.42,70
316728,5635,268.18,65
316760,5636,271.64,71
316840,5637,234.36,63
316872,5638,262.27,66
317048,5639,243.45,64
317056,5640,251.93,64
317112,5641,229.84,62
317168,5642,223.39,58
317216,5643,233.10,57
317296,5644,229.08,57
317336,5645,270.08,76
317376,5646,260.00,63
317544,5647,230.33,62
317608,5648,267.19,69
317616,5649,253.32,63
317680,5650,227.85,64
317720,5651,248.53,63
317752,5652,229.10,57
317864,5653,239.45,66
317952,5654,297.49,72
318072,5655,258.24,66
318096,5656,226.46,60
318144,5657,273.70,67
318184,5658,225.05,58
318208,5659,204.67,57
318216,5660,281.34,67
318336,5661,246.45,59
318432,5662,259.63,60
318592,5663,247.43,65
318608,5664,254.35,64
318656,5665,258.17,64
318680,5666,227.66,59
318704,5667,245.74,61
318720,5668,245.54,67
318840,5669,274.37,63
318904,5670,253.76,59
319080,5671,249.76,61
319104,5672,245.13,62
319144,5673,219.18,61
319160,5674,245.18,60
319240,5675,240.48,67
319272,5676,261.76,69
319360,5677,247.31,65
319384,5678,266.34,60
319560,5679,233.23,60
319616,5680,214.53,57
319624,5681,246.56,65
319680,5682,268.82,67
319784,5683,263.10,64
319832,5684,288.06,74
319928,5685,266.72,68
319976,5686,307.78,77
320080,5687,258.87,65
320088,5688,211.49,58
320216,5689,250.95,67
320224,5690,261.38,76
320248,5691,241.88,58
320416,5692,270.30,73
320480,5693,255.29,69
320512,5694,283.34,67
320552,5695,213.91,58
320600,5696,255.99,65
320736,5697,251.25,65
320736,5698,207.72,61
320832,5699,262.57,76
320960,5700,266.69,68
321024,5701,234.40,68
321024,5702,250.01,64
321032,5703,257.76,60
321088,5704,251.90,61
321288,5705,277.08,69
321312,5706,289.79,72
321320,5707,224.96,61
321480,5708,265.34,65
321504,5709,254.45,60
321512,5710,257.40,60
321520,5711,229.44,62
321592,5712,254.04,63
321792,5713,249.01,63
321840,5714,241.44,66
321856,5715,257.54,67
321984,5716,180.20,58
322000,5717,272.00,65
322008,5718,249.47,63
322072,5719,235.96,60
322072,5720,285.91,70
322336,5721,233.25,68
322344,5722,268.59,63
322448,5723,283.00,74
322472,5724,242.31,59
322472,5725,250.37,61
322536,5726,267.37,66
322568,5727,242.93,62
322608,5728,242.22,67
322832,5729,248.89,61
322864,5730,283.25,66
322912,5731,216.24,55
322928,5732,222.61,57
322968,5733,270.08,65
323088,5734,265.59,69
323112,5735,257.69,63
323184,5736,273.75,77
323336,5737,243.60,59
323344,5738,251.98,64
323400,5739,240.80,61
323448,5740,263.67,65
323480,5741,257.14,64
323576,5742,243.39,61
323592,5743,252.43,60
323648,5744,223.56,58
323872,5745,259.34,66
323920,5746,233.11,65
323928,5747,287.74,74
324032,5748,282.92,69
324048,5749,258.21,75
324072,5750,230.07,60
324128,5751,268.81,69
324192,5752,277.19,68
324352,5753,242.26,60
324368,5754,241.40,56
324480,5755,277.05,69
324528,5756,242.28,62
324552,5757,251.28,60
324552,5758,206.65,63
324624,5759,266.54,62
324720,5760,265.75,66
324816,5761,221.19,56
324936,5762,288.77,73
324992,5763,219.39,58
325000,5764,226.80,56
325024,5765,249.78,68
325088,5766,286.78,67
325112,5767,229.19,61
325272,5768,233.01,57
325296,5769,277.14,72
325464,5770,261.16,66
325512,5771,273.59,65
325528,5772,260.10,63
325616,5773,237.20,63
325616,5774,284.06,77
325704,5775,310.73,77
325800,5776,286.03,66
325856,5777,256.94,70
325920,5778,225.80,57
325984,5779,236.52,57
326032,5780,279.06,65
326120,5781,265.49,63
326144,5782,263.51,66
326328,5783,278.24,78
326368,5784,257.96,71
326424,5785,268.57,63
326456,5786,291.30,75
326560,5787,237.62,72
326624,5788,215.17,63
326624,5789,277.38,74
326736,5790,290.89,74
326792,5791,234.23,58
326848,5792,236.57,60
326912,5793,257.17,61
326936,5794,235.52,60
327024,5795,199.96,58
327112,5796,260.93,61
327160,5797,270.58,67
327264,5798,243.30,59
327320,5799,273.89,73
327392,5800,263.22,68
327440,5801,248.62,66
327480,5802,273.96,68
327560,5803,270.75,67
327640,5804,259.56,66
327672,5805,254.64,64
327792,5806,211.47,59
327800,5807,254.70,67
327904,5808,233.39,64
327944,5809,231.01,58
327984,5810,279.26,68
328104,5811,245.33,68
328160,5812,231.73,61
328168,5813,289.72,66
328360,5814,277.07,71
328384,5815,281.46,73
328416,5816,238.65,64
328440,5817,237.46,62
328456,5818,248.47,59
328648,5819,271.48,61
328664,5820,252.39,62
328672,5821,285.77,71
328824,5822,219.29,58
328960,5823,260.13,72
328960,5824,297.07,68
328976,5825,258.05,65
328984,5826,266.36,68
329168,5827,244.51,62
329176,5828,286.55,66
329200,5829,255.23,67
329384,5830,263.98,70
329448,5831,238.21,61
329520,5832,254.38,68
329576,5833,282.67,74
329584,5834,306.97,78
329632,5835,235.17,57
329712,5836,264.47,68
329776,5837,290.95,72
330032,5838,309.97,81
330056,5839,276.77,76
330064,5840,242.95,60
330080,5841,258.37,70
330144,5842,270.06,64
330216,5843,287.40,80
330216,5844,230.92,63
330288,5845,219.87,64
330560,5846,210.74,62
330576,5847,289.28,65
330584,5848,263.88,69
330704,5849,260.13,70
330736,5850,307.88,82
330752,5851,280.42,67
330768,5852,268.78,69
330832,5853,235.51,68
331040,5854,242.32,57
331080,5855,232.14,63
331128,5856,270.32,71
331288,5857,264.55,65
331296,5858,287.15,74
331312,5859,276.81,72
331328,5860,273.46,72
331360,5861,264.40,66
331584,5862,288.85,68
331672,5863,284.70,74
331736,5864,224.78,56
331800,5865,230.52,59
331816,5866,299.09,86
331824,5867,252.88,66
331848,5868,266.82,67
331872,5869,277.00,64
332136,5870,236.76,58
332152,5871,268.93,71
332280,5872,273.13,68
332304,5873,270.39,63
332328,5874,235.28,57
332352,5875,264.75,67
332416,5876,258.68,71
332472,5877,289.29,81
332616,5878,250.96,58
332712,5879,258.38,72
332752,5880,207.03,56
332784,5881,254.74,63
332816,5882,214.81,58
332896,5883,272.63,71
332904,5884,223.47,61
333056,5885,261.99,73
333088,5886,238.98,59
333200,5887,267.10,61
333224,5888,235.16,59
333272,5889,243.79,61
333360,5890,234.92,57
333368,5891,243.48,59
333400,5892,277.05,73
333592,5893,265.66,63
333680,5894,262.46,60
333712,5895,245.64,61
333728,5896,305.00,84
333800,5897,265.54,66
333824,5898,253.02,58
333904,5899,271.12,67
333984,5900,277.93,73
334072,5901,240.17,60
334144,5902,196.39,58
334256,5903,236.99,66
334320,5904,277.23,65
334320,5905,287.56,76
334328,5906,257.68,63
334472,5907,237.04,61
334552,5908,298.70,81
334624,5909,274.03,69
334704,5910,271.59,70
334768,5911,229.20,56
334800,5912,267.38,68
334904,5913,267.30,73
334944,5914,292.55,77
334952,5915,222.57,60
335064,5916,271.85,64
335208,5917,260.75,73
335256,5918,263.52,69
335264,5919,236.58,62
335368,5920,280.27,71
335496,5921,265.99,68
335512,5922,244.57,71
335552,5923,305.71,81
335592,5924,284.64,66
335752,5925,259.81,61
335848,5926,279.39,80
335848,5927,273.01,74
335928,5928,192.72,52
335960,5929,282.59,74
336040,5930,237.01,68
336056,5931,265.67,63
336128,5932,271.20,67
336256,5933,253.43,63
336384,5934,261.72,67
336432,5935,239.95,73
336472,5936,265.85,68
336512,5937,246.16,69
336568,5938,255.01,64
336568,5939,274.69,66
336632,5940,256.00,63
336792,5941,287.69,67
336944,5942,277.75,70
336984,5943,279.16,69
336992,5944,261.07,65
337024,5945,254.24,64
337056,5946,235.54,61
337064,5947,237.69,62
337120,5948,259.55,61
337264,5949,232.74,59
337424,5950,229.77,60
337456,5951,225.60,58
337544,5952,277.03,70
337544,5953,279.89,65
337584,5954,251.59,66
337624,5955,253.89,63
337648,5956,260.72,73
337864,5957,287.51,75
337944,5958,256.33,65
337968,5959,234.84,64
338056,5960,244.47,59
338072,5961,264.72,66
338128,5962,279.31,73
338144,5963,266.16,65
338192,5964,283.19,68
338448,5965,286.27,73
338552,5966,261.08,62
338576,5967,265.30,79
338624,5968,276.66,82
338664,5969,290.64,74
338664,5970,264.46,65
338688,5971,235.88,62
338736,5972,312.14,76
338912,5973,248.77,58
339040,5974,265.00,61
339120,5975,221.68,57
339136,5976,268.26,70
339152,5977,275.15,66
339192,5978,268.01,66
339272,5979,282.44,73
339376,5980,294.46,80
339400,5981,254.30,61
339544,5982,264.01,63
339624,5983,269.21,61
339712,5984,273.47,70
339712,5985,281.60,74
339776,5986,267.41,73
339792,5987,275.22,65
339848,5988,233.94,59
339880,5989,248.18,60
340096,5990,243.20,59
340112,5991,259.65,71
340192,5992,233.67,60
340232,5993,264.78,65
340320,5994,275.86,66
340328,5995,282.91,69
340384,5996,255.73,63
340392,5997,244.84,68
340568,5998,230.47,57
340720,5999,298.98,78
340736,6000,249.61,63
340784,6001,293.02,74
340832,6002,263.77,63
340848,6003,278.16,66
340920,6004,284.76,66
340992,6005,308.00,76
341072,6006,260.03,63
341240,6007,207.31,57
341240,6008,239.51,63
341272,6009,271.71,69
341352,6010,259.67,65
341392,6011,266.26,68
341472,6012,247.57,69
341528,6013,247.77,67
341608,6014,275.50,67
341760,6015,270.79,65
341768,6016,247.42,66
341784,6017,248.48,64
341856,6018,262.74,63
341920,6019,252.05,66
342024,6020,279.95,69
342096,6021,214.60,61
342120,6022,254.85,74
342272,6023,250.75,61
342328,6024,248.52,59
342336,6025,300.18,71
342352,6026,262.71,74
342360,6027,209.33,55
342544,6028,257.91,65
342624,6029,240.17,63
342624,6030,268.64,66
342816,6031,224.02,60
342832,6032,255.91,70
342832,6033,244.68,63
342848,6034,217.14,62
342920,6035,273.97,70
343008,6036,233.26,58
343168,6037,285.85,68
343184,6038,235.35,70
343288,6039,223.61,59
343344,6040,277.35,64
343368,6041,240.37,67
343408,6042,290.87,70
343416,6043,269.51,62
343624,6044,326.75,77
343736,6045,259.31,69
343776,6046,266.66,76
343808,6047,243.28,58
343856,6048,244.43,71
343872,6049,239.55,63
343888,6050,242.26,60
343992,6051,267.67,72
344104,6052,246.80,60
344280,6053,230.00,59
344288,6054,254.75,64
344328,6055,276.96,74
344360,6056,248.11,63
344376,6057,285.17,63
344424,6058,258.28,67
344504,6059,246.10,64
344632,6060,248.35,66
344776,6061,245.94,61
344800,6062,242.25,65
344872,6063,258.29,68
344896,6064,282.81,65
344928,6065,237.85,71
344976,6066,287.19,69
345024,6067,238.72,65
345152,6068,253.37,65
345336,6069,271.57,67
345384,6070,263.75,76
345400,6071,235.32,63
345448,6072,268.62,65
345464,6073,248.36,61
345512,6074,283.45,80
345552,6075,242.55,66
345720,6076,294.36,71
345904,6077,256.33,65
345920,6078,261.79,65
345976,6079,268.82,80
345984,6080,214.34,65
345992,6081,221.33,60
346032,6082,260.27,73
346120,6083,254.45,71
346264,6084,238.34,68
346464,6085,273.42,68
346488,6086,262.48,63
346496,6087,261.58,63
346528,6088,287.29,78
346560,6089,281.29,73
346584,6090,233.57,58
346624,6091,269.62,74
346864,6092,292.37,75
346976,6093,255.23,64
346984,6094,242.16,61
346992,6095,259.86,63
347080,6096,276.03,65
347096,6097,244.86,64
347128,6098,281.06,75
347224,6099,258.42,75
347544,6100,250.87,71
347552,6101,315.09,86
347552,6102,272.37,70
347552,6103,277.05,71
347616,6104,214.24,61
347656,6105,287.32,70
347744,6106,319.23,83
347824,6107,258.95,75
348072,6108,240.16,65
348088,6109,281.58,67
348096,6110,268.38,68
348104,6111,258.72,70
348128,6112,247.96,64
348144,6113,206.26,61
348304,6114,234.65,60
348336,6115,261.75,74
348600,6116,253.33,63
348616,6117,261.23,68
348632,6118,250.23,61
348648,6119,250.56,68
348672,6120,243.77,68
348680,6121,283.51,74
348784,6122,240.38,60
348816,6123,266.35,60
349136,6124,264.33,63
349152,6125,285.43,69
349232,6126,288.23,73
349240,6127,251.12,70
349272,6128,294.02,75
349272,6129,264.50,61
349304,6130,292.37,86
349384,6131,274.63,71
349656,6132,261.87,63
349712,6133,274.74,72
349736,6134,242.66,63
349744,6135,246.95,63
349760,6136,242.73,61
349816,6137,261.89,64
349864,6138,267.38,74
349904,6139,253.52,65
350184,6140,247.03,59
350256,6141,256.69,65
350264,6142,276.51,65
350280,6143,298.72,78
350304,6144,233.75,61
350328,6145,295.65,71
350432,6146,257.59,66
350464,6147,264.04,75
350688,6148,220.77,63
350728,6149,250.06,58
350760,6150,240.20,63
350800,6151,238.97,65
350856,6152,260.08,66
350856,6153,272.40,69
350936,6154,247.91,63
350992,6155,237.24,66
351184,6156,269.64,62
351216,6157,258.89,61
351328,6158,234.98,59
351432,6159,296.72,79
351440,6160,258.88,63
351448,6161,285.94,86
351448,6162,304.62,74
351512,6163,246.45,65
351808,6164,284.83,74
351840,6165,246.61,64
351880,6166,302.29,87
351976,6167,272.61,66
351984,6168,261.22,67
352024,6169,299.37,74
352024,6170,231.65,64
352024,6171,276.29,73
352360,6172,259.62,65
352368,6173,278.50,70
352384,6174,219.68,63
352480,6175,212.97,57
352512,6176,290.63,67
352552,6177,273.33,71
352560,6178,253.07,67
352560,6179,287.17,67
352848,6180,240.15,61
352880,6181,247.12,64
352936,6182,268.34,69
353024,6183,297.34,68
353048,6184,242.99,61
353072,6185,250.86,65
353072,6186,285.01,70
353104,6187,256.36,68
353376,6188,234.83,62
353408,6189,298.02,70
353464,6190,266.47,66
353528,6191,264.18,63
353560,6192,251.06,64
353592,6193,245.52,65
353616,6194,246.18,64
353712,6195,306.93,80
353904,6196,261.87,66
353960,6197,236.43,62
353968,6198,288.08,70
354072,6199,266.67,64
354112,6200,275.69,73
354144,6201,284.83,69
354152,6202,264.30,67
354296,6203,266.81,73
354416,6204,265.56,64
354440,6205,243.76,59
354488,6206,270.95,66
354600,6207,209.83,57
354624,6208,258.43,64
354648,6209,283.42,72
354752,6210,295.03,75
354800,6211,251.25,63
354944,6212,264.22,63
354976,6213,245.97,70
355128,6214,299.04,80
355136,6215,249.64,67
355136,6216,260.19,64
355264,6217,293.60,77
355296,6218,231.57,62
355336,6219,303.43,73
355528,6220,279.77,69
355552,6221,301.09,76
355592,6222,199.01,57
355640,6223,242.31,64
355680,6224,271.59,68
355808,6225,302.14,68
355816,6226,247.37,60
355816,6227,257.42,65
355992,6228,218.33,58
356160,6229,249.53,65
356184,6230,259.41,74
356200,6231,265.42,65
356296,6232,257.31,60
356296,6233,337.81,93
356336,6234,258.24,65
356384,6235,296.72,72
356528,6236,277.58,67
356640,6237,248.97,60
356704,6238,235.93,63
356792,6239,226.87,62
356792,6240,305.45,76
356808,6241,265.52,64
356880,6242,260.88,68
356936,6243,258.82,69
357032,6244,238.75,63
357096,6245,243.02,57
357280,6246,260.23,72
357296,6247,236.95,63
357344,6248,269.63,67
357376,6249,299.63,73
357456,6250,280.83,72
357472,6251,277.17,67
357536,6252,251.26,63
357624,6253,251.42,66
357840,6254,251.03,68
357848,6255,264.50,71
357872,6256,246.07,66
357920,6257,265.84,68
357952,6258,258.89,62
357952,6259,247.88,60
358136,6260,283.17,75
358208,6261,284.11,73
358320,6262,226.78,60
358376,6263,236.67,57
358408,6264,276.66,67
358432,6265,284.25,73
358496,6266,284.90,68
358536,6267,280.25,73
358656,6268,259.05,65
358752,6269,276.86,68
358840,6270,269.96,65
358912,6271,270.06,67
358960,6272,262.72,69
358992,6273,275.75,70
359056,6274,285.99,65
359072,6275,281.95,72
359232,6276,266.55,72
359296,6277,250.15,68
359416,6278,278.55,72
359464,6279,251.05,69
359480,6280,234.34,61
359568,6281,258.06,64
359576,6282,286.74,77
359600,6283,269.43,66
359728,6284,222.80,62
359856,6285,274.64,70
359928,6286,244.92,64
359976,6287,237.95,62
360048,6288,250.97,73
360096,6289,253.72,62
360168,6290,311.42,74
360176,6291,279.42,76
360248,6292,278.07,65
360320,6293,215.66,58
