timestep,episode,reward,length
224,1,-16.72,14
224,2,-18.67,14
272,3,-15.37,17
288,4,-23.02,18
320,5,-23.67,20
320,6,-13.39,20
336,7,-20.75,21
384,8,-10.26,24
416,9,-5.64,26
416,10,-31.56,26
464,11,-14.80,29
480,12,-20.43,30
512,13,1.07,32
544,14,-19.01,13
560,15,-20.05,15
592,16,-23.49,37
624,17,-22.78,19
640,18,-34.56,40
672,19,-20.35,16
704,20,-10.77,20
736,21,-17.17,17
800,22,0.04,36
864,23,-14.41,36
912,24,-28.31,18
928,25,-4.74,21
944,26,-18.63,19
976,27,-25.78,44
1040,28,-89.94,65
1056,29,2.44,40
1104,30,-78.16,37
1152,31,47.35,58
1152,32,-23.95,26
1152,33,8.46,37
1200,34,-31.00,33
1248,35,-4.64,48
1280,36,18.77,36
1312,37,-16.01,48
1312,38,-18.26,21
1344,39,-23.68,12
1344,40,-33.72,34
1360,41,-9.34,31
1408,42,-15.83,16
1424,43,-12.93,32
1440,44,-4.46,21
1472,45,-14.49,26
1504,46,-19.20,22
1568,47,-18.62,14
1568,48,-17.47,14
1664,49,-40.86,45
1696,50,-18.29,14
1696,51,-17.43,17
1712,52,-11.51,22
1712,53,40.02,49
1712,54,-21.07,27
1728,55,-12.38,18
1744,56,-8.11,21
1824,57,-15.43,16
1840,58,-26.73,40
1904,59,-11.75,21
1904,60,-20.93,12
1952,61,113.30,57
1984,62,-23.12,18
1984,63,-19.75,18
2016,64,-21.62,44
2064,65,-8.32,22
2080,66,-29.82,36
2080,67,-15.45,16
2080,68,-13.15,22
2080,69,-12.24,52
2144,70,-18.25,19
2176,71,-3.69,27
2176,72,-15.88,29
2208,73,-12.37,19
2272,74,-24.92,20
2272,75,-51.07,60
2272,76,-12.73,18
2304,77,-23.74,18
2320,78,-32.68,41
2336,79,-22.83,12
2352,80,-23.55,17
2432,81,-28.47,28
2448,82,-27.44,24
2480,83,-23.08,25
2496,84,-0.97,26
2512,85,-15.51,15
2544,86,-24.68,21
2592,87,-25.20,17
2656,88,-20.45,13
2672,89,-21.30,15
2672,90,-6.69,37
2704,91,-6.65,33
2720,92,-25.26,26
2752,93,-3.85,30
2832,94,-17.09,22
2832,95,27.67,41
2832,96,-23.95,58
2864,97,-25.33,20
2896,98,-67.52,35
2896,99,-26.31,34
2944,100,-24.70,17
2960,101,-3.86,28
2992,102,-8.35,18
3040,103,-17.77,28
3040,104,-11.19,20
3056,105,24.81,49
3056,106,-16.08,14
3184,107,-8.64,18
3200,108,-11.91,23
3232,109,-15.78,18
3232,110,-9.67,30
3264,111,-3.38,27
3296,112,-73.08,50
3360,113,-14.03,25
3392,114,-14.63,22
3392,115,-26.18,21
3408,116,-8.77,23
3456,117,-26.99,29
3552,118,-17.10,23
3552,119,-13.39,20
3600,120,-21.94,21
3648,121,-12.47,18
3648,122,-17.83,12
3680,123,-26.04,49
3696,124,-26.46,25
3776,125,-15.18,23
3840,126,-45.12,28
3840,127,162.80,74
3920,128,-18.07,15
3920,129,-17.04,20
3936,130,-10.35,24
4000,131,-8.77,22
4000,132,-17.33,38
4016,133,155.34,60
4016,134,-15.65,20
4032,135,-7.24,50
4032,136,-28.75,85
4080,137,-18.07,15
4096,138,-8.02,34
4176,139,136.90,82
4272,140,9.26,39
4272,141,-17.18,17
4352,142,-18.84,21
4400,143,-19.94,19
4432,144,-4.83,31
4448,145,-44.51,33
4464,146,114.80,79
4496,147,-11.62,41
4496,148,-7.45,30
4576,149,-23.15,25
4608,150,-44.15,33
4608,151,-24.37,36
4704,152,-18.69,15
4768,153,-19.89,17
4768,154,-13.28,23
4784,155,-13.17,18
4816,156,-21.26,13
4832,157,-28.03,50
4864,158,-36.05,37
4864,159,63.19,68
4976,160,11.98,33
5008,161,-24.62,68
5024,162,-31.74,28
5040,163,-18.74,14
5056,164,-6.50,28
5072,165,-8.92,18
5072,166,-3.88,23
5136,167,-17.24,19
5168,168,-19.16,25
5232,169,-19.83,14
5248,170,17.01,61
5280,171,-36.79,19
5312,172,-25.57,15
5392,173,-3.01,39
5440,174,155.39,90
5488,175,-22.45,11
5520,176,-15.39,22
5552,177,-23.71,26
5552,178,-33.43,43
5600,179,-20.11,36
5616,180,-53.28,34
5632,181,-24.72,25
5648,182,174.24,76
5648,183,-12.55,16
5664,184,-21.21,38
5728,185,137.23,86
5776,186,-61.20,46
5776,187,-19.11,14
5792,188,-30.02,19
5872,189,154.62,63
5888,190,-19.68,15
5952,191,-21.35,18
5952,192,-2.28,22
5968,193,-32.69,45
6016,194,-26.49,25
6016,195,-18.17,31
6032,196,-14.72,19
6048,197,-9.08,26
6064,198,-53.66,39
6080,199,-19.77,19
6080,200,-24.57,27
6160,201,-24.19,38
6176,202,-28.16,19
6192,203,-89.39,57
6256,204,-19.17,14
6256,205,-22.06,29
6352,206,-6.47,17
6352,207,-18.58,11
6400,208,-18.70,22
6400,209,-12.58,20
6416,210,-13.95,29
6432,211,-14.22,15
6640,212,-12.94,43
6704,213,-46.64,28
6720,214,6.75,59
6736,215,-6.37,30
6752,216,-42.20,37
6768,217,27.22,47
6816,218,118.77,47
6848,219,-25.12,27
6848,220,-23.71,13
6912,221,-11.18,32
6992,222,-26.84,40
7008,223,-83.87,36
7024,224,-14.46,20
7056,225,-22.33,20
7088,226,-78.93,46
7088,227,-29.23,20
7104,228,-19.15,16
7120,229,157.51,69
7184,230,115.58,49
7200,231,-19.59,13
7216,232,-14.02,19
7232,233,-3.12,30
7232,234,-21.45,24
7264,235,229.84,81
7360,236,-14.10,21
7392,237,-18.51,13
7392,238,-7.66,24
7472,239,-10.10,41
7488,240,-20.43,23
7504,241,-14.77,15
7520,242,3.39,50
7536,243,-16.14,19
7536,244,-17.24,21
7584,245,41.01,106
7584,246,-5.26,23
7616,247,-35.96,32
7632,248,-32.70,25
7760,249,-12.11,23
7792,250,-13.39,17
7792,251,-17.46,13
7808,252,-20.16,14
7856,253,-22.11,29
7872,254,-17.08,23
7872,255,-22.00,51
7888,256,-17.46,25
7904,257,-14.60,18
7920,258,-11.38,28
7936,259,-0.05,36
8016,260,-15.10,24
8064,261,-19.49,17
8064,262,161.91,61
8096,263,-20.11,21
8112,264,-19.39,13
8112,265,22.11,36
8144,266,-24.52,18
8144,267,-27.25,17
8192,268,-23.09,16
8240,269,-17.88,20
8304,270,-0.27,31
8336,271,23.49,50
8400,272,6.24,38
8400,273,0.99,33
8416,274,-14.63,14
8432,275,-18.92,18
8480,276,-5.78,21
8496,277,-12.69,25
8496,278,-27.43,27
8512,279,-17.58,17
8592,280,-51.51,44
8592,281,-29.43,30
8624,282,170.13,96
8640,283,-18.96,19
8672,284,-22.97,11
8704,285,-22.17,12
8752,286,-19.96,22
8784,287,-10.97,48
8800,288,-22.16,46
8800,289,-14.55,25
8848,290,-10.33,27
8848,291,-11.46,46
8880,292,-26.60,16
8896,293,-21.31,19
8960,294,-11.67,18
8976,295,-18.04,21
8976,296,-29.72,34
9024,297,-26.90,20
9024,298,0.71,45
9040,299,-17.54,28
9056,300,-1.01,35
9104,301,-16.97,19
9136,302,-15.95,24
9136,303,-13.54,18
9200,304,-13.51,45
9232,305,-6.46,27
9328,306,-16.91,18
9328,307,-0.15,34
9344,308,-16.79,29
9376,309,-20.95,15
9408,310,-2.75,27
9424,311,-12.52,28
9440,312,-37.23,30
9440,313,-26.03,15
9456,314,-8.74,25
9472,315,-30.46,36
9568,316,-26.45,27
9600,317,-4.00,23
9616,318,-17.80,37
9648,319,-5.78,34
9776,320,95.71,58
9776,321,-14.04,19
9920,322,-17.62,17
9952,323,-18.50,36
9968,324,-11.35,33
10000,325,23.17,61
10016,326,-1.64,43
10032,327,8.91,44
10064,328,-51.07,40
10160,329,-14.23,24
10160,330,6.40,37
10192,331,-104.45,36
10208,332,-21.73,27
10272,333,-25.45,19
10272,334,58.26,58
10336,335,-3.38,58
10352,336,-16.27,18
10352,337,-4.96,56
10400,338,-0.06,30
10416,339,-4.57,29
10480,340,-16.96,13
10496,341,-16.17,18
10528,342,1.70,58
10528,343,-24.03,16
10544,344,3.45,34
10544,345,88.19,69
10624,346,-14.10,18
10672,347,-20.66,17
10672,348,-14.51,41
10800,349,-42.71,48
10816,350,-26.83,18
10816,351,6.95,41
10848,352,-2.99,31
10896,353,-17.18,17
10896,354,-33.48,30
10912,355,-21.47,23
10944,356,-32.62,28
10944,357,-19.97,25
10960,358,5.95,38
11056,359,-17.70,36
11056,360,-17.17,15
11088,361,-21.44,15
11104,362,-19.66,13
11104,363,-53.49,36
11120,364,-3.74,28
11152,365,-17.36,16
11152,366,-23.65,30
11200,367,27.13,65
11264,368,-19.95,28
11280,369,77.91,68
11296,370,-8.04,21
11296,371,-21.19,15
11344,372,-11.80,27
11360,373,-9.44,26
11376,374,-20.46,20
11392,375,-19.65,17
11408,376,-11.48,19
11504,377,-33.50,22
11536,378,-44.17,28
11568,379,-14.41,29
11584,380,1.31,27
11616,381,162.64,51
11696,382,-30.99,25
11744,383,-24.85,25
11744,384,0.64,34
11824,385,9.99,33
11840,386,-13.41,28
11840,387,-14.50,21
11840,388,-12.02,19
11872,389,-10.70,19
11872,390,1.08,38
11904,391,-17.14,18
11936,392,-14.62,41
12000,393,179.69,66
12000,394,-17.76,16
12080,395,-35.58,44
12096,396,-30.48,25
12128,397,-16.68,19
12144,398,-17.84,19
12144,399,-13.18,19
12208,400,-2.86,29
12256,401,-22.17,16
12272,402,-22.37,23
12272,403,-18.24,17
12368,404,-15.79,15
12368,405,-25.71,27
12384,406,-14.89,32
12448,407,171.87,68
12512,408,-37.31,58
12528,409,-19.09,10
12544,410,-15.75,17
12560,411,-7.26,22
12576,412,-5.24,31
12592,413,-14.74,21
12592,414,9.32,28
12624,415,-5.39,33
12624,416,-18.19,15
12672,417,141.61,79
12688,418,-17.21,20
12688,419,-14.13,15
12720,420,-6.65,36
12768,421,-17.74,31
12816,422,-19.76,19
12832,423,-22.42,15
12848,424,-24.75,14
12880,425,-1.65,63
12896,426,-10.88,20
12912,427,-14.30,14
12976,428,177.92,71
12992,429,0.92,27
13072,430,-9.30,24
13136,431,-13.56,16
13136,432,-10.95,34
13152,433,-12.15,24
13152,434,-5.08,39
13232,435,-53.02,35
13280,436,-27.03,29
13296,437,-17.42,19
13312,438,-13.54,37
13344,439,-44.77,50
13440,440,-25.38,23
13472,441,-21.08,21
13488,442,-20.07,21
13488,443,-0.43,37
13552,444,-39.46,45
13568,445,17.09,41
13600,446,161.90,61
13616,447,-12.93,24
13616,448,2.79,48
13712,449,-11.23,35
13728,450,-11.91,16
13728,451,-7.95,24
13824,452,-14.31,21
13856,453,-15.78,18
13856,454,-19.08,34
13856,455,-38.26,36
13856,456,-26.69,19
13920,457,-14.64,59
13952,458,-17.90,15
13952,459,-22.04,14
14016,460,-17.40,55
14080,461,-27.04,49
14128,462,-21.30,17
14144,463,-21.03,12
14144,464,5.69,41
14192,465,-23.87,23
14240,466,11.03,32
14240,467,-10.62,40
14256,468,-17.18,25
14384,469,-15.04,27
14416,470,-12.17,17
14416,471,104.24,50
14416,472,-24.93,31
14448,473,-26.80,52
14480,474,-13.94,21
14528,475,-22.22,18
14544,476,-31.09,43
14656,477,-20.65,25
14656,478,-14.95,15
14656,479,-36.72,29
14672,480,195.43,77
14704,481,-22.20,29
14704,482,-10.82,36
14736,483,-13.68,12
14768,484,-26.26,22
14784,485,17.48,48
14784,486,-26.41,25
14896,487,-20.56,26
14912,488,10.08,52
14912,489,-17.44,16
14976,490,44.27,70
14992,491,-8.09,21
15008,492,-22.02,14
15008,493,-20.27,15
15024,494,-55.12,36
15184,495,-14.97,17
15248,496,6.79,45
15264,497,8.63,35
15296,498,-15.69,18
15296,499,-14.78,39
15296,500,-14.67,18
15312,501,-37.32,36
15328,502,-29.69,27
15424,503,-11.51,32
15424,504,-15.81,27
15472,505,4.78,28
15504,506,-15.19,16
15520,507,123.68,51
15536,508,-11.89,15
15552,509,-19.30,18
15552,510,-16.10,23
15568,511,-24.60,17
15600,512,176.27,74
15632,513,12.61,41
15680,514,5.23,56
15744,515,-22.10,12
15760,516,-3.43,29
15792,517,-23.00,18
15792,518,-20.32,17
15824,519,-21.45,16
15856,520,116.93,75
15888,521,3.00,29
15936,522,-35.84,21
15968,523,-12.82,31
16000,524,-37.83,43
16016,525,-52.00,43
16032,526,-11.73,18
16064,527,-21.24,17
16080,528,-11.36,20
16096,529,9.41,42
16176,530,-15.80,24
16176,531,-3.30,22
16192,532,-18.18,21
16192,533,-17.07,19
16208,534,-21.92,42
16240,535,-23.15,19
16304,536,-35.83,39
16320,537,-12.63,18
16416,538,-14.54,20
16416,539,-19.48,26
16448,540,-16.16,17
16496,541,-14.28,16
16512,542,-23.17,27
16544,543,-10.26,21
16560,544,-11.48,31
16608,545,-15.58,26
16624,546,-13.49,27
16640,547,-33.37,42
16672,548,-13.69,41
16704,549,-45.86,24
16752,550,-4.42,28
16768,551,-20.42,22
16816,552,-12.59,17
16848,553,-23.25,27
16912,554,-25.26,29
16928,555,-8.25,20
16960,556,-3.84,21
17008,557,-28.32,23
17008,558,166.50,86
17024,559,-1.76,33
17024,560,-10.71,22
17040,561,-15.67,93
17040,562,-27.63,30
17104,563,-10.08,16
17168,564,172.76,62
17184,565,-19.49,17
17280,566,-20.89,16
17280,567,4.70,32
17280,568,-15.70,15
17328,569,4.41,51
17440,570,-42.12,39
17440,571,-17.00,21
17504,572,-24.50,31
17504,573,-21.85,30
17504,574,-20.47,14
17504,575,-6.80,21
17584,576,-14.67,16
17632,577,-18.89,22
17648,578,-26.43,29
17680,579,5.43,58
17696,580,-22.45,12
17808,581,-41.61,50
17856,582,-12.73,17
17904,583,-30.00,17
17936,584,-23.02,27
17936,585,-19.84,27
17984,586,24.64,44
18000,587,25.59,65
18064,588,57.20,64
18080,589,112.90,72
18096,590,-15.07,15
18144,591,-0.15,21
18144,592,8.98,44
18176,593,142.41,92
18352,594,-20.49,17
18352,595,-4.31,22
18416,596,-46.43,48
18416,597,-6.93,27
18496,598,-28.09,25
18560,599,-11.49,39
18576,600,-38.40,55
18576,601,136.00,71
18608,602,-47.62,29
18608,603,134.73,69
18624,604,4.69,59
18640,605,-17.82,18
18640,606,-8.00,29
18672,607,0.48,33
18800,608,-28.28,54
18800,609,-20.98,15
18832,610,-14.74,16
18832,611,-9.31,21
18864,612,-5.34,28
18880,613,18.08,51
18896,614,-22.27,18
18992,615,3.03,68
19040,616,-22.55,43
19136,617,-15.02,19
19168,618,-10.86,17
19248,619,-29.89,26
19248,620,-9.97,36
19456,621,-9.63,55
19488,622,-73.42,67
19504,623,-23.64,23
19520,624,-29.67,45
19520,625,-9.34,22
19584,626,-9.33,21
19632,627,77.76,62
19712,628,48.12,52
19712,629,79.84,45
19728,630,176.47,68
19760,631,120.74,56
19760,632,-57.81,45
19760,633,-24.33,17
19792,634,-7.74,17
19840,635,-18.54,20
19856,636,-24.61,25
19872,637,-24.60,18
19888,638,-46.73,40
19984,639,166.72,74
20016,640,-18.70,16
20032,641,98.30,88
20096,642,157.23,93
20128,643,-10.45,21
20128,644,-19.89,39
20208,645,-12.47,21
20240,646,-8.42,25
20256,647,-19.11,17
20256,648,-22.70,14
20304,649,-25.20,34
20336,650,-5.71,28
20352,651,15.84,45
20352,652,-18.51,31
20368,653,-22.40,17
20400,654,-25.08,17
20432,655,-13.19,26
20528,656,-23.34,25
20688,657,-9.28,22
20704,658,58.68,61
20768,659,-15.18,15
20768,660,87.66,66
20800,661,-19.59,34
20832,662,-41.97,36
20848,663,-40.49,30
20848,664,-23.46,28
20848,665,95.95,68
20880,666,-19.51,33
20896,667,-29.39,41
20928,668,-13.24,39
20944,669,-14.55,15
20976,670,75.38,79
21024,671,-50.45,37
21072,672,-17.93,24
21120,673,-10.20,48
21120,674,-26.87,17
21136,675,-21.55,19
21200,676,-11.68,27
21248,677,87.24,65
21264,678,-9.31,21
21280,679,-8.03,19
21360,680,-1.46,32
21456,681,-45.25,38
21472,682,-14.49,21
21504,683,-28.01,30
21520,684,114.12,36
21536,685,-13.80,21
21568,686,-6.51,50
21616,687,-29.26,31
21632,688,-13.14,32
21648,689,-20.07,24
21728,690,-35.12,52
21744,691,-21.30,24
21808,692,-22.87,22
21808,693,-15.64,17
21824,694,-14.04,19
21856,695,-20.41,14
21936,696,-66.92,43
21968,697,178.44,73
21968,698,62.15,56
22016,699,-44.98,32
22112,700,-11.22,16
22160,701,-21.14,22
22192,702,-21.88,16
22192,703,-9.81,34
22208,704,-59.76,58
22208,705,-24.14,37
22224,706,9.12,41
22304,707,-10.91,21
22336,708,175.55,91
22352,709,-23.15,55
22352,710,-18.78,24
22368,711,-12.87,34
22416,712,1.76,25
22416,713,-21.09,16
22464,714,-9.32,41
22464,715,-29.25,17
22464,716,-17.87,15
22480,717,-19.63,23
22496,718,-16.62,18
22560,719,-22.52,52
22560,720,-16.90,14
22624,721,-16.30,16
22656,722,-12.80,22
22672,723,-18.15,20
22720,724,-19.96,23
22736,725,52.77,62
22768,726,-22.35,13
22768,727,-14.26,17
22816,728,-28.05,22
22816,729,-18.32,25
22832,730,-3.92,22
22928,731,-11.37,29
23008,732,-26.49,51
23072,733,-15.88,25
23072,734,-9.83,26
23072,735,-19.75,15
23072,736,-49.31,41
23072,737,-30.37,28
23168,738,-22.89,15
23184,739,-23.43,26
23232,740,-9.51,42
23280,741,-20.28,29
23296,742,-21.58,52
23296,743,-30.84,35
23344,744,-16.22,17
23376,745,-7.66,19
23424,746,-42.42,44
23488,747,-23.58,26
23504,748,6.04,46
23520,749,-0.65,28
23536,750,-13.31,16
23568,751,115.95,85
23584,752,-48.75,48
23584,753,-8.67,22
23584,754,-11.20,18
23616,755,-17.14,17
23696,756,-7.15,25
23744,757,-13.92,16
23792,758,-12.05,45
23808,759,-20.06,19
23840,760,-19.16,16
23840,761,30.31,42
23920,762,4.43,57
23920,763,-40.07,46
23968,764,5.43,37
23984,765,-35.53,28
23984,766,-67.71,35
24016,767,-49.73,27
24016,768,-21.85,17
24016,769,-1.04,31
24016,770,-2.63,27
24112,771,-8.47,34
24128,772,-12.53,20
24128,773,-17.21,18
24176,774,-23.36,13
24192,775,-13.14,25
24208,776,-10.32,18
24240,777,-33.94,39
24272,778,-12.65,16
24304,779,-17.11,20
24400,780,-7.60,35
24464,781,-19.43,18
24464,782,-39.51,48
24480,783,-3.68,22
24528,784,-36.48,32
24528,785,5.43,26
24544,786,-24.75,21
24576,787,20.37,35
24608,788,-10.22,37
24752,789,-70.68,39
24752,790,-17.35,22
24768,791,-25.13,31
24768,792,20.81,49
24784,793,-20.03,19
24800,794,-37.51,38
24896,795,-37.91,61
24896,796,-9.19,37
24928,797,-28.41,29
25040,798,-12.51,17
25072,799,-51.04,34
25088,800,-19.74,34
25120,801,-23.88,23
25168,802,-22.91,26
25168,803,-62.45,40
25216,804,-48.88,38
25264,805,-28.64,21
25264,806,-34.01,50
25312,807,-14.56,33
25344,808,-16.39,48
25360,809,-45.30,35
25408,810,-22.73,18
25440,811,-18.44,14
25568,812,-14.40,19
25584,813,-22.09,26
25632,814,38.59,54
25632,815,18.09,37
25632,816,-17.30,18
25632,817,-28.79,23
25664,818,-29.24,48
25680,819,-18.10,20
25696,820,-20.66,18
25696,821,-54.90,39
25696,822,-9.80,24
25712,823,2.19,34
25824,824,-32.30,58
25856,825,-28.86,17
25936,826,-11.95,15
25952,827,-37.39,54
25968,828,129.19,108
26016,829,-18.56,20
26032,830,-23.79,20
26048,831,-20.06,38
26080,832,-13.77,28
26144,833,-14.54,20
26256,834,-12.73,19
26272,835,-25.23,15
26320,836,-11.34,17
26352,837,-13.19,45
26368,838,-33.84,46
26416,839,50.78,53
26464,840,-33.76,28
26560,841,-16.61,18
26576,842,130.34,57
26592,843,-17.92,41
26592,844,-30.99,60
26624,845,0.45,41
26656,846,-20.16,15
26672,847,-3.25,19
26688,848,-15.40,21
26688,849,8.94,63
26688,850,68.20,62
26768,851,-24.11,39
26816,852,-38.65,46
26880,853,-35.56,39
26960,854,-29.55,18
26960,855,-18.62,17
27008,856,-20.19,28
27024,857,80.60,73
27088,858,-31.82,31
27104,859,-23.46,32
27152,860,-19.96,43
27152,861,-13.46,21
27184,862,-0.26,35
27200,863,132.12,55
27200,864,-21.13,15
27296,865,11.28,38
27328,866,15.12,42
27408,867,17.55,40
27424,868,-8.40,20
27504,869,-7.17,19
27520,870,-22.58,14
27520,871,5.53,31
27568,872,-21.21,30
27568,873,-8.85,55
27584,874,-29.39,24
27600,875,-11.70,28
27600,876,-9.85,28
27696,877,126.06,70
27728,878,-6.38,20
27792,879,-33.44,49
27808,880,3.60,39
27808,881,-21.44,15
27824,882,-26.37,25
27856,883,-16.29,16
27872,884,-17.52,22
27904,885,-18.54,24
27936,886,-7.79,23
27936,887,-22.09,21
27952,888,-19.51,23
27984,889,30.42,69
28160,890,-36.63,29
28192,891,-15.73,24
28208,892,113.29,55
28256,893,162.71,81
28272,894,-1.04,25
28288,895,-8.67,49
28368,896,-53.57,27
28384,897,-13.43,33
28384,898,-0.68,27
28400,899,-14.81,29
28400,900,-20.81,12
28416,901,-9.08,32
28432,902,-3.74,28
28448,903,-8.06,39
28512,904,-10.56,22
28544,905,101.48,46
28592,906,-24.53,25
28640,907,132.93,57
28688,908,-10.59,18
28720,909,-20.50,19
28768,910,-12.17,24
28800,911,-24.40,34
28848,912,-28.38,30
28880,913,-7.67,28
28912,914,-16.31,25
28928,915,-12.39,21
28928,916,-13.74,18
28960,917,-11.62,17
28960,918,140.39,73
29008,919,-25.40,18
29024,920,-19.23,46
29088,921,-20.13,18
29200,922,-29.09,27
29264,923,-16.51,24
29280,924,-24.00,20
29296,925,-38.25,23
29344,926,0.73,67
29408,927,-12.05,31
29424,928,-77.24,55
29456,929,139.63,63
29456,930,-29.76,33
29472,931,113.35,68
29472,932,-21.69,39
29536,933,-24.01,32
29536,934,-29.29,21
29600,935,-27.46,37
29600,936,202.87,75
29664,937,-21.97,16
29696,938,-21.13,22
29760,939,3.47,50
29792,940,-22.98,20
29808,941,-24.70,22
29824,942,-20.40,23
29904,943,-31.10,40
29904,944,-19.62,13
29952,945,-28.51,30
30000,946,-24.65,29
30016,947,-31.56,22
30080,948,11.83,41
30128,949,-4.22,33
30128,950,-15.70,37
30160,951,-23.97,22
30192,952,143.83,69
30240,953,-21.48,26
30288,954,-18.55,18
30368,955,-12.56,13
30368,956,-17.94,29
30384,957,-51.84,68
30384,958,-6.85,23
30400,959,-18.26,20
30400,960,105.78,70
30416,961,-19.33,18
30448,962,-1.24,31
30496,963,-32.70,46
30608,964,-16.48,30
30640,965,-13.55,15
30656,966,-17.34,18
30672,967,-11.71,17
30784,968,149.37,55
30784,969,-18.54,26
30800,970,-3.60,32
30832,971,-46.01,28
30848,972,88.05,78
30848,973,-21.38,22
30912,974,-31.63,45
30992,975,-15.67,21
31024,976,3.40,38
31056,977,-25.99,24
31056,978,-17.22,17
31136,979,-21.03,14
31152,980,68.47,85
31280,981,-3.44,28
31312,982,-20.28,16
31328,983,-8.05,30
31344,984,-21.89,34
31360,985,-16.04,70
31408,986,1.64,35
31408,987,-10.47,17
31424,988,-18.03,51
31424,989,13.90,40
31504,990,-2.45,28
31552,991,-24.33,15
31552,992,71.85,69
31584,993,165.56,75
31584,994,147.64,59
31680,995,-16.06,17
31680,996,-23.35,16
31696,997,-26.12,22
31712,998,-18.06,43
31744,999,-27.62,37
31760,1000,-29.80,30
31760,1001,-18.39,13
31760,1002,-28.69,22
31936,1003,-42.12,36
31968,1004,-7.37,26
31968,1005,-12.54,17
32016,1006,-23.50,16
32032,1007,-13.01,17
32048,1008,-11.61,29
32064,1009,-18.70,35
32112,1010,-11.63,22
32192,1011,-21.33,75
32208,1012,-40.43,55
32224,1013,0.40,50
32224,1014,-35.74,34
32224,1015,-17.33,18
32240,1016,-22.76,17
32240,1017,-46.47,41
32336,1018,-16.91,17
32368,1019,-8.71,22
32432,1020,-17.77,13
32464,1021,-16.83,15
32528,1022,-21.46,20
32544,1023,-7.91,52
32560,1024,-22.38,20
32560,1025,8.57,51
32576,1026,-14.89,21
32592,1027,122.70,57
32624,1028,-22.22,18
32640,1029,-22.15,42
32784,1030,-18.58,15
32816,1031,-28.39,24
32832,1032,7.01,40
32832,1033,-24.59,15
32880,1034,-4.79,22
32976,1035,-15.61,25
32976,1036,-16.05,22
32976,1037,51.35,54
33088,1038,-14.83,39
33152,1039,-29.66,23
33168,1040,-16.91,21
33168,1041,20.85,71
33184,1042,-80.33,39
33264,1043,103.97,76
33328,1044,-20.62,22
33392,1045,-20.78,19
33488,1046,141.82,53
33488,1047,5.02,41
33504,1048,10.59,33
33520,1049,-17.61,23
33552,1050,74.17,42
33600,1051,124.80,65
33664,1052,158.07,81
33696,1053,-15.98,55
33696,1054,-30.41,45
33696,1055,-33.26,32
33744,1056,-18.49,16
33760,1057,-21.18,23
33760,1058,-17.60,16
33792,1059,202.03,98
33872,1060,-35.43,44
33904,1061,1.05,40
34048,1062,-24.85,28
34064,1063,-21.23,12
34144,1064,13.66,61
34160,1065,-2.82,31
34208,1066,-7.68,28
34240,1067,-43.32,28
34304,1068,1.35,38
34304,1069,7.31,38
34384,1070,-12.38,39
34416,1071,-27.76,42
34464,1072,-14.39,19
34496,1073,34.19,63
34544,1074,-18.81,15
34544,1075,-3.77,30
34592,1076,135.22,67
34624,1077,-19.01,15
34624,1078,-3.65,67
34656,1079,-99.35,83
34704,1080,-15.39,18
34720,1081,-68.43,51
34752,1082,113.55,66
34816,1083,-11.46,20
34832,1084,-4.37,33
34880,1085,-20.16,26
34880,1086,16.81,40
34928,1087,-8.45,17
34928,1088,-19.01,24
35088,1089,-14.04,23
35104,1090,-14.91,14
35168,1091,-38.75,70
35184,1092,-17.59,23
35344,1093,-18.13,26
35392,1094,-3.08,40
35456,1095,-17.90,18
35520,1096,124.44,61
35536,1097,121.88,57
35568,1098,137.75,54
35568,1099,-21.91,29
35616,1100,221.53,92
35712,1101,-11.07,55
35744,1102,-23.76,51
35744,1103,142.82,70
35824,1104,-14.47,18
35856,1105,3.80,29
35856,1106,155.79,103
35872,1107,82.08,80
35936,1108,-2.09,37
35952,1109,-19.21,31
36048,1110,-12.81,14
36112,1111,142.91,77
36112,1112,-33.20,34
36224,1113,158.67,71
36256,1114,-44.70,46
36272,1115,-32.73,26
36304,1116,-33.12,43
36304,1117,3.70,35
36336,1118,-21.70,37
36480,1119,174.75,81
36544,1120,-15.68,17
36688,1121,-15.22,47
36720,1122,24.38,72
36880,1123,-12.81,34
36880,1124,187.20,73
36880,1125,86.48,64
36896,1126,32.99,49
36896,1127,20.92,53
36896,1128,-6.31,26
36896,1129,183.95,59
36944,1130,101.32,67
37008,1131,-20.65,44
37040,1132,108.62,58
37120,1133,-26.93,54
37120,1134,-27.28,36
37168,1135,-6.75,17
37168,1136,-22.73,17
37232,1137,-18.78,14
37296,1138,-10.35,26
37376,1139,-2.76,30
37392,1140,177.77,73
37456,1141,-24.24,36
37520,1142,-15.42,25
37552,1143,-8.45,20
37568,1144,-0.47,53
37712,1145,-19.33,48
37792,1146,-12.28,21
37808,1147,-13.54,40
37824,1148,173.40,95
37872,1149,83.86,74
37904,1150,-17.28,63
37936,1151,-9.04,51
38000,1152,11.94,30
38000,1153,14.04,44
38080,1154,1.43,65
38112,1155,2.18,34
38128,1156,33.19,78
38144,1157,93.06,61
38176,1158,-9.72,24
38336,1159,-15.38,25
38352,1160,-23.51,28
38368,1161,-10.61,23
38384,1162,-7.22,42
38416,1163,67.48,64
38464,1164,1.41,40
38464,1165,15.19,68
38528,1166,1.20,33
38544,1167,7.81,25
38624,1168,-6.79,18
38688,1169,102.65,71
38736,1170,-25.95,22
38736,1171,-5.75,17
38752,1172,-8.66,21
38768,1173,-38.45,25
38784,1174,-20.24,15
38800,1175,-11.94,28
38848,1176,-26.76,48
38912,1177,-18.79,11
38944,1178,-6.08,26
38944,1179,-19.24,16
38960,1180,173.53,68
39024,1181,-27.34,57
39136,1182,158.82,63
39200,1183,-16.10,16
39248,1184,4.00,90
39248,1185,-9.34,18
39392,1186,-11.41,34
39424,1187,16.90,39
39440,1188,96.56,79
39440,1189,-1.81,41
39472,1190,-15.10,44
39632,1191,51.21,55
39632,1192,-22.96,10
39696,1193,-16.48,31
39696,1194,120.79,60
39744,1195,56.59,70
39856,1196,150.19,59
39952,1197,-22.26,32
40016,1198,10.83,37
40048,1199,110.40,99
40048,1200,-18.70,22
40080,1201,-27.94,43
40096,1202,130.49,67
40112,1203,-32.15,26
40176,1204,127.51,58
40176,1205,129.45,77
40240,1206,185.41,69
40256,1207,-15.50,25
40304,1208,-44.25,66
40320,1209,-5.93,43
40352,1210,-25.56,16
40480,1211,-4.15,19
40480,1212,-8.12,27
40512,1213,-17.62,16
40528,1214,23.08,49
40560,1215,-22.63,13
40560,1216,-16.27,24
40592,1217,-12.73,36
40640,1218,170.82,63
40704,1219,-24.08,14
40704,1220,172.97,79
40768,1221,-17.03,18
40784,1222,-4.81,29
40784,1223,-72.59,46
40848,1224,-41.46,48
40864,1225,-16.05,19
40928,1226,-17.55,26
40960,1227,-26.63,16
40992,1228,-14.36,25
41056,1229,-20.09,17
41088,1230,-8.82,20
41104,1231,-26.68,36
41120,1232,23.29,51
41152,1233,-43.67,28
41168,1234,12.64,76
41168,1235,-14.83,24
41392,1236,-23.46,18
41408,1237,-9.72,16
41424,1238,0.70,54
41456,1239,162.53,84
41520,1240,-6.37,25
41664,1241,140.58,89
41680,1242,130.79,51
41696,1243,-9.02,17
41712,1244,-5.88,20
41744,1245,-2.80,69
41760,1246,16.28,42
41776,1247,-30.66,38
41968,1248,16.34,57
41984,1249,-38.90,36
42000,1250,188.14,72
42000,1251,-17.20,19
42016,1252,-18.93,22
42016,1253,-52.18,35
42128,1254,11.90,38
42144,1255,113.58,74
42160,1256,-5.68,28
42208,1257,-35.95,76
42224,1258,180.90,81
42288,1259,-23.60,18
42288,1260,-17.77,20
42320,1261,89.54,72
42352,1262,-21.26,13
42368,1263,-8.43,22
42384,1264,-69.44,39
42416,1265,-8.73,18
42464,1266,27.10,43
42464,1267,-22.26,15
42544,1268,121.82,50
42560,1269,-11.97,22
42608,1270,-11.33,58
42624,1271,-12.97,21
42672,1272,-17.06,13
42704,1273,32.31,34
42864,1274,-12.16,19
42880,1275,86.64,55
42912,1276,-16.41,18
42928,1277,-50.48,59
43008,1278,-4.21,29
43040,1279,93.05,64
43056,1280,-16.55,22
43104,1281,-33.07,27
43152,1282,-12.07,17
43152,1283,-24.28,43
43184,1284,-25.08,16
43184,1285,18.24,50
43296,1286,-13.78,27
43328,1287,138.13,65
43376,1288,48.70,60
43424,1289,-15.16,17
43536,1290,54.00,74
43600,1291,5.53,43
43616,1292,-7.75,20
43632,1293,-23.33,28
43632,1294,192.82,79
43744,1295,-61.31,44
43776,1296,198.12,91
43840,1297,-11.64,26
43888,1298,-11.21,16
43888,1299,114.97,80
43968,1300,-16.22,21
44000,1301,119.33,53
44048,1302,16.36,54
44096,1303,-15.63,16
44112,1304,24.95,66
44144,1305,197.74,65
44192,1306,172.94,74
44288,1307,26.81,60
44352,1308,-13.72,19
44352,1309,-30.63,61
44400,1310,-20.18,25
44496,1311,175.51,60
44512,1312,158.95,57
44560,1313,-15.63,42
44656,1314,80.77,65
44672,1315,-16.61,33
44752,1316,-21.11,25
44768,1317,-31.57,41
44800,1318,-8.38,32
44832,1319,-6.05,66
44848,1320,-26.60,21
44848,1321,46.32,60
44896,1322,-12.71,44
44912,1323,-14.87,35
44960,1324,-4.41,76
44992,1325,-19.84,31
45040,1326,-19.68,18
45072,1327,-18.30,32
45072,1328,-18.20,19
45120,1329,84.81,64
45168,1330,86.95,75
45184,1331,1.41,21
45184,1332,1.42,32
45184,1333,-21.98,49
45200,1334,-13.41,13
45232,1335,-15.34,25
45328,1336,-2.89,27
45328,1337,-13.88,23
45360,1338,8.49,28
45392,1339,-25.34,34
45424,1340,-14.99,24
45472,1341,-9.94,18
45504,1342,5.70,27
45504,1343,-14.19,27
45552,1344,-2.48,22
45552,1345,-4.52,23
45568,1346,-20.76,15
45616,1347,-17.75,31
45744,1348,-20.64,22
45744,1349,-3.12,20
45776,1350,10.57,38
45824,1351,-15.63,29
45824,1352,5.03,31
45840,1353,-18.11,21
45856,1354,-11.19,19
45920,1355,-16.25,19
45968,1356,-21.01,14
45968,1357,-28.13,29
45984,1358,-12.97,47
46000,1359,-13.82,16
46000,1360,-5.51,33
46000,1361,179.15,75
46080,1362,-16.35,16
46112,1363,76.85,91
46144,1364,-14.59,36
46192,1365,-24.97,22
46208,1366,-10.78,27
46224,1367,134.24,65
46304,1368,-14.76,19
46304,1369,52.27,47
46352,1370,-23.99,15
46400,1371,-7.44,27
46416,1372,-5.36,21
46432,1373,-19.10,18
46432,1374,-14.41,28
46448,1375,-20.31,15
46448,1376,-23.82,39
46592,1377,-21.20,15
46608,1378,-50.54,43
46608,1379,-21.36,47
46640,1380,-19.22,28
46688,1381,13.16,43
46800,1382,-16.44,23
46800,1383,-14.42,23
46864,1384,-1.76,26
46880,1385,14.89,55
46896,1386,-24.42,16
47008,1387,-30.24,49
47072,1388,-6.22,29
47088,1389,-11.37,30
47104,1390,-6.02,41
47120,1391,16.95,45
47184,1392,-12.23,20
47280,1393,62.35,61
47296,1394,-7.70,26
47296,1395,-6.55,18
47296,1396,109.94,83
47344,1397,-10.74,17
47360,1398,66.04,59
47360,1399,-28.14,35
47392,1400,-11.87,18
47392,1401,98.16,68
47408,1402,-18.47,18
47520,1403,25.15,58
47584,1404,-25.02,25
47616,1405,-21.19,14
47712,1406,3.06,26
47728,1407,-24.26,23
47824,1408,-13.99,26
47840,1409,-23.22,35
47856,1410,-8.39,17
47904,1411,9.70,34
47936,1412,-11.07,26
48032,1413,2.24,40
48048,1414,-13.11,21
48080,1415,-50.59,62
48096,1416,63.33,50
48144,1417,67.26,84
48160,1418,-10.60,20
48176,1419,158.74,80
48176,1420,-17.53,28
48272,1421,182.40,99
48288,1422,-19.20,22
48288,1423,-27.65,59
48320,1424,-7.22,29
48368,1425,-9.51,18
48432,1426,-39.55,33
48464,1427,-20.12,26
48480,1428,10.51,41
48528,1429,131.41,77
48544,1430,-11.92,32
48544,1431,-11.61,25
48640,1432,-20.85,29
48672,1433,-17.53,25
48720,1434,-11.33,18
48752,1435,-22.00,18
48816,1436,178.43,75
48832,1437,-9.37,22
48896,1438,-26.12,50
48928,1439,-44.65,38
48944,1440,-8.64,26
48960,1441,-0.11,26
49024,1442,-31.00,19
49040,1443,140.27,54
49040,1444,107.56,55
49152,1445,130.77,54
49216,1446,-4.51,29
49248,1447,-8.59,20
49280,1448,6.03,24
49280,1449,4.57,29
49360,1450,-20.65,20
49472,1451,-26.63,16
49504,1452,-19.66,60
49520,1453,-5.58,30
49536,1454,165.36,73
49600,1455,-7.51,20
49632,1456,-16.39,22
49664,1457,87.02,64
49776,1458,-16.91,15
49776,1459,7.97,51
49792,1460,151.82,94
49872,1461,-7.29,39
49888,1462,151.40,76
50000,1463,-33.41,33
50064,1464,-12.82,29
50064,1465,14.93,44
50064,1466,-30.20,25
50080,1467,3.61,66
50112,1468,135.75,73
50128,1469,212.33,81
50128,1470,-14.15,38
50192,1471,-18.69,19
50208,1472,-22.02,26
50288,1473,-22.72,14
50320,1474,-19.43,15
50480,1475,-14.48,18
50480,1476,-45.79,38
50528,1477,-15.91,47
50544,1478,25.25,48
50560,1479,-11.54,28
50608,1480,42.16,91
50624,1481,-5.18,26
50672,1482,20.42,73
50720,1483,-8.79,45
50736,1484,7.60,38
50752,1485,-14.41,17
50768,1486,-20.62,15
50784,1487,147.78,72
50800,1488,-4.85,42
50992,1489,-14.90,15
51008,1490,-20.81,18
51008,1491,1.84,25
51008,1492,-13.54,17
51040,1493,9.70,61
51136,1494,127.20,67
51216,1495,-9.22,56
51264,1496,3.65,37
51280,1497,-8.60,50
51312,1498,87.71,64
51360,1499,-8.67,37
51376,1500,-18.27,23
51456,1501,-30.53,29
51488,1502,-18.82,30
51520,1503,156.24,56
51552,1504,-17.40,18
51568,1505,-40.62,48
51584,1506,46.71,64
51616,1507,4.45,38
51696,1508,-11.66,24
51712,1509,112.05,73
51760,1510,-14.33,19
51760,1511,-26.90,15
51824,1512,-20.08,16
51824,1513,3.74,28
51824,1514,-16.92,29
51856,1515,-4.90,19
51856,1516,-4.63,67
51888,1517,-23.34,19
52016,1518,-17.49,20
52096,1519,-13.01,15
52112,1520,-22.47,18
52160,1521,-21.48,19
52192,1522,5.33,36
52192,1523,-17.08,27
52224,1524,90.08,68
52304,1525,144.46,79
52336,1526,-11.49,32
52368,1527,-23.99,22
52400,1528,-24.18,13
52432,1529,-8.34,20
52528,1530,-17.79,78
52544,1531,180.23,83
52624,1532,-8.30,33
52624,1533,-13.31,29
52640,1534,-16.56,17
52672,1535,-2.22,23
52720,1536,-14.86,31
52736,1537,103.72,78
52736,1538,-52.49,64
52752,1539,-0.42,58
52784,1540,-16.24,15
52816,1541,-21.66,24
52848,1542,-40.43,41
52880,1543,-9.81,22
52896,1544,-20.30,16
52896,1545,10.83,31
52912,1546,-14.22,15
52912,1547,-25.99,64
52960,1548,-22.40,15
52992,1549,-18.28,23
53008,1550,-14.98,16
53056,1551,117.41,81
53184,1552,-5.56,28
53184,1553,-9.48,18
53200,1554,-6.43,22
53200,1555,-22.58,54
53232,1556,-9.81,21
53264,1557,-13.08,19
53392,1558,5.94,36
53424,1559,-24.26,15
53440,1560,-24.87,24
53456,1561,-18.05,16
53456,1562,-14.55,42
53472,1563,-16.08,13
53520,1564,-17.83,38
53568,1565,-5.64,36
53616,1566,-45.45,55
53632,1567,-8.25,28
53696,1568,-8.58,31
53728,1569,-9.02,17
53760,1570,-11.97,33
53776,1571,-23.07,21
53888,1572,150.50,61
53904,1573,-20.53,32
53904,1574,175.68,80
53952,1575,-4.66,21
54080,1576,-8.45,22
54096,1577,-6.32,39
54112,1578,87.03,69
54160,1579,-14.22,24
54304,1580,102.45,53
54304,1581,153.45,89
54336,1582,-27.99,28
54336,1583,77.92,57
54368,1584,128.68,50
54416,1585,2.83,29
54432,1586,-14.76,17
54512,1587,-24.52,27
54672,1588,44.37,48
54752,1589,-25.36,21
54768,1590,-17.79,25
54784,1591,30.46,72
54800,1592,-19.47,18
54848,1593,-45.67,47
54848,1594,-12.24,32
54896,1595,22.50,75
54896,1596,-20.62,14
54896,1597,90.07,62
54992,1598,-8.35,43
55008,1599,-17.80,44
55024,1600,36.22,79
55072,1601,-10.98,46
55120,1602,-24.35,14
55216,1603,152.75,106
55312,1604,-20.64,26
55344,1605,-11.89,17
55392,1606,116.09,80
55424,1607,-5.34,33
55440,1608,97.91,63
55504,1609,91.26,46
55568,1610,136.12,49
55584,1611,-6.89,23
55600,1612,-55.06,38
55648,1613,-18.65,19
55808,1614,7.17,31
55840,1615,-77.46,52
55872,1616,91.10,64
55888,1617,-21.07,15
55984,1618,86.31,74
56048,1619,193.97,81
56064,1620,-11.54,30
56144,1621,135.42,81
56144,1622,-19.00,47
56320,1623,-30.93,75
56368,1624,0.38,84
56384,1625,-13.58,20
56416,1626,1.28,23
56448,1627,-2.59,38
56464,1628,-27.75,36
56512,1629,130.00,57
56528,1630,-67.35,45
56592,1631,-8.53,45
56608,1632,140.08,65
56672,1633,-13.03,18
56688,1634,-0.06,44
56704,1635,-3.54,35
56704,1636,-18.05,16
56720,1637,-16.33,36
56768,1638,188.14,84
56880,1639,-2.86,26
56912,1640,-4.25,92
56992,1641,123.41,93
57024,1642,-8.78,21
57040,1643,5.31,33
57040,1644,-12.53,23
57088,1645,-16.88,42
57120,1646,-57.42,37
57136,1647,113.65,51
57232,1648,-6.16,33
57248,1649,-7.60,23
57296,1650,-12.89,17
57296,1651,-26.98,43
57424,1652,-29.80,45
57456,1653,-14.87,54
57568,1654,-8.32,33
57584,1655,-16.12,29
57616,1656,-18.38,30
57632,1657,-29.74,21
57632,1658,9.89,40
57712,1659,-53.20,84
57712,1660,-20.04,16
57824,1661,-12.23,33
57888,1662,-13.65,53
57936,1663,-7.96,20
57936,1664,112.29,64
57952,1665,-19.05,15
58032,1666,-12.07,25
58032,1667,178.08,82
58064,1668,97.74,81
58192,1669,-20.93,39
58224,1670,151.56,62
58336,1671,40.57,68
58336,1672,-12.42,28
58352,1673,105.91,79
58352,1674,99.93,48
58416,1675,-21.24,29
58432,1676,24.93,50
58448,1677,-9.18,26
58544,1678,-58.16,52
58672,1679,138.88,78
58768,1680,-12.02,22
58784,1681,117.60,60
58816,1682,87.57,47
58816,1683,-15.56,37
58832,1684,-46.02,50
58832,1685,9.68,31
58976,1686,-15.66,40
58976,1687,160.25,65
58976,1688,-21.89,19
59104,1689,67.92,73
59104,1690,92.54,42
59136,1691,-14.17,20
59184,1692,-16.19,52
59200,1693,-38.76,41
59232,1694,-18.28,65
59328,1695,-14.67,22
59344,1696,-42.88,36
59376,1697,146.33,64
59456,1698,-19.58,22
59552,1699,57.49,69
59712,1700,6.50,55
59728,1701,-35.95,24
59760,1702,-32.66,41
59760,1703,127.22,58
59760,1704,-40.04,49
59808,1705,-8.96,39
59920,1706,112.65,69
59952,1707,23.70,39
59984,1708,101.36,63
60080,1709,-13.63,22
60096,1710,-31.77,40
60096,1711,-10.20,45
60112,1712,-19.68,22
60128,1713,-16.78,26
60192,1714,-12.81,27
60240,1715,140.98,91
60288,1716,85.93,72
60288,1717,-28.78,33
60400,1718,-16.23,17
60400,1719,133.78,73
60496,1720,120.49,59
60576,1721,-10.55,30
60592,1722,-4.56,30
60592,1723,-21.89,19
60624,1724,20.99,42
60656,1725,-19.54,16
60688,1726,-73.65,55
60720,1727,-20.31,30
60864,1728,3.31,49
60880,1729,29.85,60
60912,1730,-22.66,20
60912,1731,215.94,107
60960,1732,-10.91,23
60976,1733,-18.37,30
61008,1734,-20.96,20
61072,1735,7.72,42
61104,1736,7.48,33
61136,1737,168.16,65
61168,1738,-21.86,19
61168,1739,-96.21,74
61296,1740,-15.94,14
61392,1741,-11.58,75
61392,1742,-11.01,26
61408,1743,-7.76,33
61456,1744,164.90,73
61472,1745,-10.54,47
61584,1746,-14.95,39
61600,1747,-11.36,27
61632,1748,-25.03,45
61632,1749,15.13,39
61696,1750,-20.01,25
61712,1751,-67.26,36
61744,1752,145.07,52
61776,1753,-25.24,19
61792,1754,-6.72,21
61824,1755,-17.90,14
61840,1756,61.92,74
61856,1757,-21.59,17
61888,1758,-29.82,30
61984,1759,0.83,22
62032,1760,-12.50,18
62112,1761,-8.80,30
62112,1762,45.44,59
62176,1763,-19.74,20
62240,1764,-38.18,25
62256,1765,220.40,102
62304,1766,-26.36,32
62320,1767,161.23,76
62448,1768,-17.22,21
62448,1769,-13.15,46
62464,1770,-21.21,43
62496,1771,187.24,69
62512,1772,-10.52,43
62512,1773,-38.85,39
62528,1774,-16.42,18
62576,1775,-61.90,55
62720,1776,197.78,83
62736,1777,-10.55,39
62784,1778,5.45,33
62784,1779,-24.34,21
62800,1780,1.26,30
62928,1781,-5.40,26
62944,1782,-12.11,28
62976,1783,-16.75,32
62992,1784,-27.82,26
63040,1785,-14.32,33
63072,1786,47.79,56
63072,1787,-13.86,18
63104,1788,31.29,50
63168,1789,0.39,28
63184,1790,-19.49,16
63232,1791,-21.66,27
63296,1792,-22.29,14
63296,1793,109.18,79
63360,1794,-25.03,20
63376,1795,-27.87,17
63392,1796,58.28,88
63424,1797,-14.33,30
63456,1798,-16.32,17
63456,1799,-25.96,30
63504,1800,-30.41,45
63584,1801,107.99,66
63600,1802,49.29,72
63664,1803,-24.92,13
63680,1804,-19.63,28
63712,1805,-20.19,26
63792,1806,-16.17,31
63808,1807,1.93,51
63840,1808,-10.68,26
63856,1809,-2.85,31
63888,1810,-21.33,14
63968,1811,-12.36,18
63984,1812,-17.58,24
64000,1813,-5.43,38
64032,1814,-15.20,28
64048,1815,-29.95,37
64048,1816,-4.78,34
64064,1817,122.93,83
64064,1818,-19.77,13
64112,1819,-18.85,25
64144,1820,57.76,61
64176,1821,-10.87,21
64224,1822,-19.13,16
64240,1823,-10.13,22
64272,1824,-20.23,17
64432,1825,-10.22,25
64432,1826,-19.09,24
64448,1827,-66.77,40
64512,1828,-41.55,33
64528,1829,-8.74,30
64592,1830,137.58,95
64624,1831,-22.27,30
64672,1832,-8.40,28
64672,1833,-22.53,14
64672,1834,-18.38,25
64752,1835,-17.54,40
64800,1836,98.89,89
64928,1837,148.46,71
64960,1838,-1.71,56
65008,1839,133.89,59
65008,1840,-24.97,36
65024,1841,-6.91,22
65024,1842,0.98,37
65040,1843,-21.83,18
65088,1844,64.28,57
65136,1845,-17.30,38
65152,1846,-9.74,30
65152,1847,-20.71,14
65168,1848,11.65,34
65296,1849,107.97,66
65296,1850,-9.58,17
65344,1851,-12.83,21
65360,1852,-19.64,20
65360,1853,-20.09,35
65408,1854,-11.74,20
65424,1855,7.00,29
65424,1856,-15.33,17
65440,1857,-1.88,58
65584,1858,-22.44,14
65680,1859,-26.24,16
65712,1860,-6.78,22
65728,1861,-15.65,19
65728,1862,-16.53,45
65744,1863,-14.20,28
65744,1864,-43.47,45
65776,1865,-1.52,74
65776,1866,-24.77,38
65968,1867,-43.47,35
65968,1868,-18.33,16
66080,1869,-64.44,40
66112,1870,-10.49,23
66128,1871,-15.75,52
66144,1872,131.30,63
66224,1873,-95.70,97
66272,1874,-27.21,19
66304,1875,-6.84,33
66320,1876,-1.24,34
66336,1877,112.31,74
66368,1878,-15.39,18
66368,1879,3.52,40
66480,1880,16.99,71
66496,1881,-5.83,22
66544,1882,140.27,51
66544,1883,-13.21,20
66560,1884,-7.95,51
66624,1885,143.38,59
66672,1886,-12.94,23
66704,1887,-13.38,24
66736,1888,-5.01,23
66736,1889,144.52,48
66912,1890,161.64,50
66960,1891,160.53,86
66992,1892,-22.93,28
67008,1893,9.45,42
67040,1894,-27.24,26
67056,1895,25.82,32
67168,1896,-11.98,16
67264,1897,152.46,71
67312,1898,110.03,65
67328,1899,147.58,60
67392,1900,-42.39,41
67424,1901,-21.68,59
67472,1902,26.61,48
67552,1903,140.45,66
67552,1904,115.59,62
67712,1905,-17.25,15
67840,1906,133.33,73
67840,1907,-4.14,28
67888,1908,-15.28,21
68016,1909,191.95,80
68032,1910,-14.04,48
68128,1911,21.28,36
68128,1912,188.19,71
68144,1913,136.08,68
68160,1914,-50.65,70
68208,1915,-14.68,23
68224,1916,74.35,56
68224,1917,17.30,66
68304,1918,164.60,84
68336,1919,24.04,57
68496,1920,-6.48,23
68528,1921,41.88,51
68528,1922,191.94,95
68544,1923,-23.36,15
68784,1924,118.70,48
68816,1925,-38.17,37
68832,1926,-22.22,21
68864,1927,109.35,44
68880,1928,64.50,98
68944,1929,154.69,69
68944,1930,13.75,50
68992,1931,20.33,60
69088,1932,21.77,60
69104,1933,50.87,55
69136,1934,-4.31,50
69168,1935,163.01,80
69200,1936,27.28,41
69376,1937,-14.07,35
69376,1938,-26.27,27
69376,1939,131.87,73
69520,1940,-13.52,24
69632,1941,-16.96,16
69648,1942,143.21,51
69664,1943,63.80,55
69664,1944,-31.05,71
69664,1945,81.52,71
69728,1946,-79.87,53
69744,1947,-16.67,23
69776,1948,28.91,57
69840,1949,112.31,47
69840,1950,-0.50,29
69888,1951,-6.11,45
69920,1952,140.82,45
69968,1953,87.39,64
70144,1954,-13.98,19
70192,1955,164.98,68
70224,1956,-0.69,28
70288,1957,-8.49,39
70384,1958,-8.98,29
70416,1959,147.30,89
70432,1960,-34.00,34
70432,1961,-2.57,37
70448,1962,101.30,50
70512,1963,152.74,53
70560,1964,-57.41,58
70624,1965,102.93,55
70688,1966,-17.87,31
70736,1967,207.57,67
70768,1968,-11.71,22
70784,1969,4.54,66
70784,1970,202.00,79
70880,1971,27.05,41
70912,1972,117.28,59
70944,1973,107.79,50
71024,1974,16.18,37
71056,1975,15.95,34
71088,1976,-15.65,29
71104,1977,-13.68,23
71120,1978,-22.51,27
71136,1979,-30.22,47
71168,1980,-9.51,24
71232,1981,155.93,59
71232,1982,5.70,29
71280,1983,-18.73,12
71296,1984,143.53,46
71296,1985,-21.08,22
71376,1986,-16.66,20
71472,1987,-2.08,22
71504,1988,-12.36,17
71536,1989,94.68,69
71680,1990,-25.68,50
71712,1991,-47.50,58
71744,1992,-19.83,15
71760,1993,122.01,82
71776,1994,-35.28,47
71840,1995,-16.06,38
71856,1996,-21.46,20
71920,1997,-11.62,28
72128,1998,155.67,76
72128,1999,141.65,52
72128,2000,25.14,62
72160,2001,152.01,62
72240,2002,158.34,71
72272,2003,0.90,37
72288,2004,5.93,36
72288,2005,-24.81,27
72336,2006,166.54,60
72400,2007,-6.69,39
72464,2008,-25.95,21
72480,2009,17.07,45
72496,2010,3.44,36
72592,2011,-12.80,29
72624,2012,8.98,55
72640,2013,178.16,84
72768,2014,0.88,31
72928,2015,28.03,50
72992,2016,187.67,107
73024,2017,-7.00,27
73088,2018,-4.17,43
73104,2019,-5.27,29
73136,2020,184.53,81
73200,2021,36.35,57
73200,2022,143.07,60
73216,2023,-3.72,46
73232,2024,160.26,67
73280,2025,133.40,62
73280,2026,43.78,51
73648,2027,-3.61,35
73664,2028,21.08,46
73680,2029,-6.58,34
73744,2030,-22.26,29
73776,2031,155.61,72
73824,2032,165.37,66
73856,2033,-1.52,52
73904,2034,137.50,98
73904,2035,2.96,57
74000,2036,109.94,50
74000,2037,162.61,94
74032,2038,153.14,58
74096,2039,-20.99,12
74112,2040,136.74,55
74160,2041,6.00,30
74320,2042,161.37,69
74320,2043,168.02,65
74320,2044,4.15,34
74320,2045,121.39,70
74320,2046,-18.16,26
74368,2047,3.49,45
74384,2048,-8.65,22
74400,2049,-14.64,36
74448,2050,-7.58,22
74608,2051,-17.01,31
74608,2052,-11.46,18
74624,2053,-34.43,48
74672,2054,-7.50,22
74768,2055,143.79,69
74800,2056,133.33,66
74816,2057,1.50,51
74832,2058,156.52,52
74832,2059,-1.86,29
74928,2060,-11.13,19
74992,2061,-17.81,24
75120,2062,-8.86,20
75200,2063,-15.76,17
75280,2064,-26.13,18
75312,2065,-3.67,34
75328,2066,-3.06,31
75328,2067,22.53,63
75360,2068,164.38,65
75376,2069,19.68,58
75376,2070,168.21,62
75376,2071,-34.66,66
75392,2072,-15.46,45
75488,2073,84.90,83
75504,2074,-20.25,19
75536,2075,3.50,44
75584,2076,-12.39,16
75616,2077,118.39,50
75648,2078,-15.53,23
75680,2079,144.99,80
75904,2080,-14.69,34
75920,2081,-15.26,26
75968,2082,-13.11,37
76064,2083,-34.71,42
76080,2084,59.86,60
76096,2085,114.17,48
76160,2086,154.24,97
76176,2087,-16.57,50
76320,2088,-22.86,59
76416,2089,-16.28,50
76512,2090,-9.18,26
76544,2091,-17.17,40
76560,2092,173.30,57
76592,2093,168.08,69
76624,2094,189.77,82
76672,2095,-35.33,31
76688,2096,172.94,72
76704,2097,184.06,70
76720,2098,-16.83,19
76736,2099,-11.26,66
76736,2100,-13.09,26
76800,2101,141.32,55
76848,2102,44.18,55
77024,2103,-17.74,21
77120,2104,-6.51,24
77216,2105,98.26,71
77248,2106,-16.52,32
77264,2107,-1.92,40
77344,2108,-2.49,74
77344,2109,-15.08,31
77488,2110,95.57,89
77488,2111,10.17,29
77536,2112,-13.92,46
77552,2113,-18.49,27
77568,2114,33.45,61
77600,2115,-28.54,68
77616,2116,109.25,59
77632,2117,146.49,57
77680,2118,2.22,26
77680,2119,162.23,61
77696,2120,180.87,72
77840,2121,-11.85,31
77856,2122,-15.79,19
77888,2123,-14.17,20
77968,2124,-11.44,23
77984,2125,24.74,48
78000,2126,-14.44,20
78016,2127,-32.99,33
78048,2128,214.26,93
78160,2129,-7.44,20
78176,2130,113.30,52
78304,2131,-10.63,21
78320,2132,-10.63,49
78336,2133,208.55,68
78400,2134,103.76,49
78480,2135,-0.89,29
78560,2136,24.27,44
78576,2137,71.12,68
78608,2138,-23.58,58
78656,2139,127.44,64
78672,2140,27.24,61
78752,2141,7.60,36
78784,2142,-17.75,19
78832,2143,134.45,59
78848,2144,160.02,53
78864,2145,-20.91,13
78896,2146,-18.78,36
78944,2147,-76.47,49
78976,2148,-14.26,12
79056,2149,114.47,67
79056,2150,-15.84,24
79072,2151,-11.46,64
79072,2152,22.82,46
79120,2153,91.98,51
79216,2154,-16.04,40
79264,2155,-15.27,13
79296,2156,-10.96,27
79376,2157,196.86,61
79424,2158,-16.33,13
79472,2159,-20.32,40
79584,2160,169.65,64
79600,2161,154.70,62
79680,2162,-22.72,35
79696,2163,-13.13,27
79744,2164,110.69,48
79760,2165,85.21,54
79904,2166,31.72,52
79904,2167,-23.27,20
79968,2168,-7.03,23
79984,2169,-22.84,14
80048,2170,134.21,75
80064,2171,40.92,70
80096,2172,-30.03,22
80128,2173,-47.85,47
80208,2174,44.40,72
80224,2175,-23.54,15
80256,2176,-15.66,22
80272,2177,169.52,95
80288,2178,121.44,51
80336,2179,57.44,57
80352,2180,-14.28,28
80352,2181,-0.89,41
80352,2182,-0.57,42
80432,2183,-10.07,24
80512,2184,28.75,76
80848,2185,-15.21,31
80848,2186,-15.83,21
80848,2187,215.93,111
80848,2188,-31.06,35
80880,2189,14.54,41
80880,2190,-46.95,38
81024,2191,164.22,66
81040,2192,1.66,38
81072,2193,34.95,51
81152,2194,17.91,68
81168,2195,-14.71,20
81168,2196,-73.82,60
81200,2197,173.17,69
81216,2198,-11.91,23
81232,2199,12.14,55
81344,2200,-9.06,17
81440,2201,-31.67,69
81456,2202,184.80,83
81488,2203,-20.80,21
81536,2204,-34.56,41
81568,2205,-8.60,45
81568,2206,-7.82,25
81696,2207,167.01,51
81712,2208,-2.14,30
81760,2209,-5.67,35
81776,2210,-15.58,13
81824,2211,166.09,92
81888,2212,176.95,65
82000,2213,83.35,61
82064,2214,-15.59,18
82208,2215,126.89,47
82240,2216,187.86,75
82256,2217,124.57,68
82272,2218,-7.84,17
82272,2219,44.82,66
82320,2220,4.46,31
82368,2221,34.23,55
82368,2222,21.43,41
82384,2223,142.85,59
82416,2224,125.07,67
82512,2225,156.87,59
82608,2226,-12.62,18
82624,2227,-3.71,54
82880,2228,-49.24,32
82880,2229,97.46,40
82896,2230,35.99,40
82992,2231,-15.98,38
83008,2232,-40.06,46
83136,2233,32.78,48
83152,2234,115.74,68
83168,2235,138.81,92
83184,2236,191.51,103
83280,2237,-8.87,25
83296,2238,-4.22,26
83376,2239,210.97,93
83392,2240,89.44,74
83440,2241,-29.49,19
83456,2242,-14.57,35
83488,2243,151.28,55
83504,2244,30.21,55
83568,2245,1.26,24
83632,2246,119.59,76
83680,2247,-17.37,73
83792,2248,202.80,95
83824,2249,-5.93,20
83920,2250,2.90,48
83952,2251,138.77,60
84032,2252,-21.68,25
84112,2253,-21.25,52
84208,2254,-5.02,33
84256,2255,141.28,51
84320,2256,-0.13,64
84384,2257,-19.73,35
84416,2258,135.73,88
84448,2259,170.59,62
84496,2260,174.49,83
84496,2261,161.53,63
84512,2262,23.77,59
84656,2263,-6.20,21
84672,2264,-11.32,18
84688,2265,163.47,82
84720,2266,-16.30,14
84736,2267,163.13,84
84768,2268,-26.86,20
84848,2269,184.64,66
84848,2270,-9.17,27
84896,2271,-16.55,15
84928,2272,-19.64,15
84944,2273,-9.49,64
84960,2274,124.13,53
84992,2275,-0.44,20
85056,2276,-16.55,13
85072,2277,-9.62,22
85136,2278,18.20,58
85136,2279,185.30,69
85136,2280,37.00,74
85152,2281,0.85,24
85168,2282,14.61,41
85168,2283,1.93,27
85168,2284,164.02,57
85296,2285,-21.39,28
85344,2286,104.64,53
85456,2287,-16.93,20
85504,2288,-8.84,27
85696,2289,4.90,33
85696,2290,-55.06,44
85856,2291,-25.15,45
85920,2292,111.97,47
86000,2293,23.86,52
86016,2294,185.22,67
86016,2295,-5.35,60
86016,2296,-19.73,20
86048,2297,-22.05,22
86080,2298,131.04,58
86176,2299,130.80,65
86304,2300,46.62,86
86352,2301,181.58,87
86384,2302,-17.01,29
86384,2303,181.78,65
86432,2304,161.40,96
86432,2305,-4.31,24
86496,2306,22.59,65
86528,2307,128.66,64
86528,2308,128.26,77
86544,2309,-31.59,29
86720,2310,49.79,44
86752,2311,-34.18,46
86912,2312,-22.57,24
86928,2313,-17.10,31
86960,2314,90.96,60
87024,2315,1.68,37
87040,2316,-28.99,41
87040,2317,177.28,64
87088,2318,95.27,57
87232,2319,128.35,44
87392,2320,49.79,42
87392,2321,-5.81,27
87408,2322,-10.20,20
87456,2323,24.18,44
87472,2324,-32.27,35
87520,2325,44.08,71
87584,2326,105.53,65
87600,2327,-27.46,23
87616,2328,-10.88,70
87632,2329,131.07,44
87664,2330,169.46,85
87744,2331,-9.11,22
87904,2332,152.57,97
87952,2333,-18.19,34
88144,2334,-34.55,32
88208,2335,174.25,73
88240,2336,75.92,53
88240,2337,-10.51,41
88272,2338,135.89,151
88400,2339,21.15,50
88416,2340,5.07,29
88496,2341,47.22,91
88528,2342,126.36,49
88528,2343,168.63,67
88576,2344,-27.62,60
88592,2345,124.02,67
88640,2346,-3.80,23
88640,2347,7.79,25
88640,2348,34.51,101
88736,2349,-17.91,21
88752,2350,9.76,32
88768,2351,-78.28,35
88848,2352,66.68,86
88864,2353,-4.73,28
88880,2354,-14.98,22
88880,2355,139.90,76
88896,2356,20.12,47
88928,2357,-11.16,25
89040,2358,3.10,29
89152,2359,88.67,78
89152,2360,-21.45,17
89264,2361,-9.83,31
89344,2362,10.46,44
89344,2363,35.13,53
89568,2364,125.80,61
89568,2365,-18.32,33
89584,2366,35.40,44
89616,2367,16.20,61
89680,2368,-24.34,33
89728,2369,196.79,68
89728,2370,167.20,61
89792,2371,147.26,59
89856,2372,-13.33,18
89936,2373,177.47,75
90048,2374,113.08,74
90080,2375,-12.80,22
90096,2376,-11.80,15
90128,2377,146.20,77
90176,2378,16.43,35
90224,2379,138.17,81
90240,2380,-18.84,28
90256,2381,-1.15,33
90368,2382,41.29,49
90384,2383,-18.11,21
90384,2384,91.72,70
90400,2385,-0.02,29
90416,2386,10.73,67
90432,2387,146.18,54
90432,2388,-23.81,22
90528,2389,160.26,74
90688,2390,-11.49,16
90736,2391,7.19,40
90800,2392,68.73,103
90880,2393,-21.24,30
90896,2394,-3.52,32
90896,2395,-15.66,13
90912,2396,-10.43,34
91008,2397,-27.10,17
91168,2398,32.08,46
91200,2399,-1.54,42
91216,2400,-19.01,20
91216,2401,117.91,52
91248,2402,-47.14,70
91264,2403,159.95,99
91296,2404,169.02,65
91312,2405,95.05,56
91328,2406,143.07,69
91424,2407,-14.14,33
91440,2408,143.51,79
91616,2409,-30.37,46
91616,2410,-11.89,19
91616,2411,5.62,26
91632,2412,163.93,87
91760,2413,161.59,53
91888,2414,-23.04,29
91920,2415,-6.44,41
92064,2416,117.76,53
92080,2417,-8.65,40
92192,2418,121.77,74
92224,2419,154.61,63
92240,2420,36.77,62
92272,2421,128.98,92
92320,2422,-16.57,16
92400,2423,-6.31,49
92416,2424,30.85,68
92448,2425,175.10,72
92464,2426,152.22,81
92480,2427,-14.06,35
92560,2428,105.07,59
92560,2429,-20.18,30
92576,2430,-13.45,19
92576,2431,9.53,43
92640,2432,-16.16,15
92736,2433,186.13,69
92752,2434,-23.78,18
92864,2435,4.91,34
92896,2436,0.54,26
92960,2437,8.56,48
92976,2438,-10.11,26
92992,2439,153.95,86
93088,2440,-17.93,21
93104,2441,-39.76,55
93152,2442,134.96,87
93232,2443,124.41,49
93264,2444,-10.18,18
93376,2445,2.43,71
93440,2446,-29.60,54
93504,2447,-22.40,25
93552,2448,-23.17,18
93552,2449,-21.76,20
93584,2450,162.12,73
93584,2451,189.28,59
93632,2452,137.57,66
93648,2453,144.82,57
93728,2454,-7.15,18
93760,2455,-8.02,24
93856,2456,106.05,54
93872,2457,35.20,61
93920,2458,-10.10,52
93936,2459,-14.74,22
93952,2460,-18.35,14
93968,2461,141.28,88
93984,2462,132.07,70
94128,2463,1.75,30
94160,2464,-17.87,15
94208,2465,163.82,66
94208,2466,-20.66,39
94336,2467,-16.07,23
94416,2468,17.29,34
94432,2469,-5.94,30
94496,2470,106.41,54
94544,2471,-8.24,21
94544,2472,-19.32,49
94576,2473,168.85,67
94608,2474,105.53,103
94688,2475,-8.11,33
94736,2476,134.84,47
94784,2477,-9.02,22
94800,2478,4.72,54
94832,2479,-20.00,18
95056,2480,-25.34,58
95120,2481,171.56,98
95120,2482,-15.79,27
95136,2483,155.52,99
95168,2484,103.81,60
95264,2485,183.01,88
95328,2486,5.94,33
95344,2487,126.55,48
95376,2488,3.27,40
95424,2489,-9.22,19
95440,2490,69.05,69
95552,2491,-32.92,71
95648,2492,12.26,33
95696,2493,-5.01,22
95744,2494,-19.84,23
95792,2495,1.18,22
95840,2496,169.14,81
95936,2497,17.11,48
95984,2498,179.78,86
95984,2499,72.68,93
96000,2500,-6.24,19
96032,2501,180.45,75
96176,2502,-7.05,21
96208,2503,135.71,49
96240,2504,-46.52,57
96320,2505,14.08,33
96336,2506,-14.14,22
96352,2507,-13.13,20
96416,2508,44.69,80
96448,2509,96.35,87
96608,2510,11.40,27
96624,2511,-10.38,24
96624,2512,152.09,61
96656,2513,39.36,69
96752,2514,159.59,93
96800,2515,167.79,51
96864,2516,98.87,58
96960,2517,-44.24,39
96960,2518,-19.34,21
96992,2519,-23.06,23
97072,2520,-43.27,143
97104,2521,-3.02,28
97120,2522,-22.09,23
97152,2523,24.42,44
97168,2524,30.10,47
97200,2525,190.54,91
97200,2526,-25.71,21
97248,2527,-59.06,40
97312,2528,-35.92,32
97328,2529,-15.63,23
97456,2530,-14.50,18
97472,2531,-15.07,17
97472,2532,134.96,70
97536,2533,177.71,96
97584,2534,37.81,37
97584,2535,196.97,86
97760,2536,78.46,90
97808,2537,-15.22,17
97952,2538,-24.88,50
97952,2539,-11.93,30
97984,2540,-44.43,42
97984,2541,152.27,64
98016,2542,33.76,59
98032,2543,150.77,44
98064,2544,-23.55,38
98128,2545,-21.46,34
98160,2546,91.03,57
98160,2547,150.40,65
98272,2548,-18.90,18
98288,2549,-6.10,68
98368,2550,79.89,49
98384,2551,-4.55,27
98384,2552,-13.00,22
98432,2553,-18.42,17
98448,2554,192.79,84
98464,2555,167.98,62
98576,2556,-29.96,48
98800,2557,-13.84,21
98816,2558,89.33,52
98896,2559,118.45,59
98896,2560,-7.48,52
98992,2561,140.30,54
99024,2562,26.93,37
99056,2563,-5.80,49
99088,2564,191.69,67
99136,2565,134.05,48
99296,2566,122.36,45
99328,2567,120.47,55
99456,2568,145.80,73
99472,2569,170.84,68
99472,2570,209.08,82
99536,2571,104.03,72
99584,2572,29.09,114
99696,2573,-14.44,23
99760,2574,121.02,59
99776,2575,-16.37,40
99792,2576,40.14,56
99824,2577,160.40,58
99968,2578,16.48,55
100032,2579,159.21,63
100064,2580,123.83,67
100144,2581,13.59,42
100272,2582,202.41,76
100304,2583,-26.88,48
100336,2584,198.46,96
100432,2585,3.88,25
100448,2586,126.60,62
100528,2587,-14.20,46
100544,2588,99.32,48
100560,2589,127.50,61
100752,2590,61.76,66
100816,2591,-32.25,53
100848,2592,13.83,97
100880,2593,124.36,51
100944,2594,106.66,50
100944,2595,222.39,92
101200,2596,171.85,90
101312,2597,85.27,49
101328,2598,128.07,48
101344,2599,2.33,50
101344,2600,153.75,57
101360,2601,144.07,57
101392,2602,2.70,34
101456,2603,198.18,102
101488,2604,106.94,46
101504,2605,152.38,77
101616,2606,-9.99,19
101744,2607,22.63,58
101808,2608,144.22,54
101824,2609,-26.16,20
101856,2610,45.44,97
101936,2611,151.80,62
101984,2612,191.36,103
102048,2613,110.42,43
102096,2614,131.22,48
102112,2615,-4.42,23
102144,2616,203.28,79
102192,2617,-33.11,53
102224,2618,207.34,64
102336,2619,146.18,62
102352,2620,144.26,56
102528,2621,-19.12,12
102656,2622,158.74,50
102656,2623,211.02,73
102656,2624,99.43,42
102736,2625,-5.82,34
102768,2626,131.83,72
102816,2627,192.71,63
102960,2628,206.20,98
102976,2629,17.43,58
102992,2630,134.47,53
103040,2631,173.44,76
103056,2632,175.62,70
103136,2633,-5.36,49
103216,2634,-7.07,25
103248,2635,196.01,71
103264,2636,143.21,65
103328,2637,187.98,77
103376,2638,8.31,40
103568,2639,-16.62,50
103600,2640,188.51,59
103744,2641,160.81,68
103792,2642,206.67,79
103824,2643,-5.61,36
103936,2644,-9.77,56
103936,2645,157.22,80
104048,2646,-17.19,28
104048,2647,141.75,57
104048,2648,165.16,66
104048,2649,-23.08,16
104080,2650,123.96,44
104160,2651,157.98,59
104240,2652,71.11,57
104256,2653,141.16,80
104288,2654,153.90,83
104304,2655,155.96,65
104368,2656,166.50,82
104384,2657,-16.07,19
104400,2658,12.68,29
104528,2659,128.11,49
104640,2660,-2.81,30
104704,2661,-4.90,26
104800,2662,174.30,61
104912,2663,165.11,84
105008,2664,171.02,60
105040,2665,158.08,50
105072,2666,180.91,64
105216,2667,-47.48,73
105232,2668,152.08,52
105280,2669,130.67,64
105344,2670,-13.09,34
105360,2671,170.48,82
105376,2672,-14.63,21
105392,2673,158.82,68
105424,2674,108.94,56
105600,2675,152.73,77
105616,2676,-9.68,21
105696,2677,165.27,62
105728,2678,161.21,84
105856,2679,118.21,59
105984,2680,188.29,84
105984,2681,5.93,128
106000,2682,175.28,62
106096,2683,156.85,55
106272,2684,37.16,58
106272,2685,118.21,57
106272,2686,-5.89,42
106272,2687,-11.03,17
106304,2688,23.84,36
106304,2689,169.79,58
106352,2690,71.13,70
106416,2691,161.75,84
106656,2692,-11.08,79
106704,2693,189.24,63
106720,2694,7.95,69
106736,2695,1.44,82
106752,2696,-7.22,28
106768,2697,137.52,57
106864,2698,-44.66,55
106976,2699,157.11,62
107120,2700,141.36,64
107152,2701,126.54,50
107248,2702,169.62,52
107344,2703,184.72,67
107360,2704,-18.22,24
107424,2705,158.77,72
107488,2706,-44.73,47
107504,2707,154.92,49
107520,2708,-13.99,23
107552,2709,29.20,80
107600,2710,192.88,81
107696,2711,116.77,65
107728,2712,141.00,64
107744,2713,127.56,61
107744,2714,122.81,92
107792,2715,144.48,65
107856,2716,158.46,62
108016,2717,140.23,56
108064,2718,-17.64,20
108080,2719,161.28,52
108112,2720,-17.32,16
108144,2721,14.44,40
108160,2722,152.83,50
108208,2723,-28.84,32
108288,2724,163.01,54
108352,2725,37.78,47
108560,2726,150.53,63
108688,2727,165.77,75
108688,2728,170.83,73
108736,2729,5.55,45
108784,2730,0.82,27
108784,2731,130.80,66
108928,2732,2.78,53
108992,2733,100.52,75
109024,2734,135.52,55
109184,2735,142.09,61
109200,2736,170.00,91
109248,2737,176.50,71
109360,2738,161.05,50
109376,2739,142.56,68
109536,2740,195.95,92
109584,2741,160.72,53
109584,2742,152.15,56
109712,2743,122.96,148
109760,2744,142.43,48
109760,2745,132.01,61
109824,2746,1.07,36
109904,2747,195.55,70
109936,2748,-33.45,63
109984,2749,-12.36,28
110032,2750,-17.10,17
110048,2751,201.82,85
110080,2752,213.11,66
110208,2753,158.63,128
110336,2754,167.84,71
110464,2755,38.30,80
110480,2756,168.63,70
110496,2757,137.45,57
110528,2758,11.10,37
110544,2759,115.49,49
110544,2760,182.63,60
110752,2761,-9.16,34
110752,2762,-103.10,65
110944,2763,152.64,60
111008,2764,14.64,34
111040,2765,173.04,62
111136,2766,-16.74,24
111168,2767,106.10,68
111216,2768,194.79,115
111312,2769,160.34,61
111328,2770,184.57,81
111360,2771,143.19,51
111440,2772,-20.36,14
111440,2773,156.80,56
111488,2774,178.93,99
111488,2775,121.50,60
111568,2776,243.65,109
111616,2777,169.05,70
111680,2778,-6.31,58
111680,2779,191.31,75
111840,2780,144.29,52
111856,2781,12.44,26
111856,2782,-33.46,43
111920,2783,-5.86,35
111952,2784,165.28,57
111984,2785,148.69,53
112128,2786,132.23,50
112208,2787,76.52,45
112224,2788,184.77,80
112240,2789,8.31,35
112528,2790,166.90,68
112544,2791,-4.47,58
112544,2792,145.99,54
112544,2793,-12.52,20
112560,2794,-90.02,78
112560,2795,137.98,45
112656,2796,168.72,73
112720,2797,151.10,54
112736,2798,111.34,51
112736,2799,153.71,55
112816,2800,198.19,78
112928,2801,151.47,45
112960,2802,-8.86,19
113024,2803,-15.65,18
113184,2804,144.00,59
113200,2805,175.15,67
113312,2806,122.31,83
113360,2807,143.87,88
113488,2808,126.41,59
113488,2809,131.28,60
113536,2810,13.12,51
113616,2811,184.94,66
113616,2812,-50.82,66
113632,2813,118.79,51
113744,2814,165.60,63
113792,2815,199.86,78
113856,2816,113.22,82
113888,2817,43.58,58
113952,2818,-1.05,29
114128,2819,133.55,48
114176,2820,-40.32,54
114304,2821,-8.28,86
114464,2822,115.16,79
114480,2823,140.94,81
114656,2824,114.98,73
114736,2825,14.24,38
114752,2826,171.53,76
114816,2827,124.98,67
114816,2828,139.46,64
114816,2829,116.01,74
114880,2830,-6.59,79
114896,2831,120.20,117
114960,2832,175.45,84
114992,2833,137.69,69
115040,2834,67.88,54
115088,2835,-5.80,21
115184,2836,-14.36,14
115504,2837,12.69,64
115520,2838,143.41,76
115552,2839,220.39,106
115616,2840,135.33,50
115680,2841,132.06,54
115696,2842,174.42,77
115696,2843,96.80,109
115776,2844,-14.02,17
115792,2845,101.61,47
115824,2846,180.98,73
115840,2847,127.86,59
115872,2848,111.58,62
115904,2849,118.86,73
115984,2850,9.24,62
116048,2851,-102.79,77
116144,2852,204.08,66
116192,2853,153.82,63
116208,2854,-11.94,23
116544,2855,98.12,64
116544,2856,-28.07,40
116560,2857,144.09,59
116576,2858,-22.88,55
116672,2859,106.32,56
116848,2860,178.23,54
116880,2861,187.28,74
116896,2862,144.85,67
116896,2863,-8.01,69
116912,2864,195.55,85
116928,2865,167.08,55
117072,2866,157.96,55
117120,2867,139.92,61
117136,2868,-24.65,18
117152,2869,120.14,59
117264,2870,13.57,37
117280,2871,84.40,100
117472,2872,149.21,100
117536,2873,-2.98,62
117552,2874,23.98,41
117632,2875,26.17,44
117680,2876,191.03,70
117696,2877,159.22,70
117744,2878,5.30,29
117792,2879,184.73,78
117888,2880,100.70,63
117904,2881,192.19,62
117984,2882,185.81,68
118080,2883,-12.71,18
118096,2884,76.61,64
118128,2885,159.54,62
118128,2886,170.76,63
118160,2887,144.07,56
118176,2888,-10.58,27
118320,2889,126.67,48
118336,2890,202.74,74
118480,2891,104.54,63
118560,2892,-12.64,27
118640,2893,174.41,63
118656,2894,-1.82,30
118672,2895,170.13,71
118704,2896,136.11,63
118752,2897,137.66,48
118768,2898,129.23,42
118800,2899,99.63,42
118928,2900,107.97,64
119024,2901,191.50,71
119120,2902,112.45,65
119184,2903,-9.29,27
119264,2904,193.53,99
119328,2905,-0.03,73
119328,2906,139.87,53
119344,2907,-12.39,14
119344,2908,5.34,44
119344,2909,173.54,63
119424,2910,185.08,69
119472,2911,110.79,51
119520,2912,111.05,45
119536,2913,136.28,52
119616,2914,145.65,53
119616,2915,163.65,59
119824,2916,139.72,79
119952,2917,170.31,64
120160,2918,13.02,61
120256,2919,120.96,77
120416,2920,142.18,67
120416,2921,110.83,67
120432,2922,176.39,73
120480,2923,149.69,66
120592,2924,33.23,79
120640,2925,90.29,64
120656,2926,-33.23,31
120704,2927,167.85,86
120720,2928,-5.08,29
120768,2929,197.34,81
120816,2930,51.83,62
120880,2931,147.70,58
120912,2932,147.66,98
120960,2933,5.96,33
120992,2934,-21.01,22
121200,2935,190.10,105
121264,2936,13.66,42
121296,2937,196.64,105
121312,2938,5.77,25
121328,2939,-8.77,21
121360,2940,208.07,114
121360,2941,-3.21,44
121440,2942,103.92,64
121472,2943,182.47,62
121632,2944,155.21,54
121728,2945,73.57,64
121760,2946,164.21,59
121856,2947,147.00,71
121968,2948,137.82,48
122080,2949,97.98,75
122128,2950,130.97,51
122144,2951,122.56,49
122144,2952,-9.56,74
122160,2953,149.53,54
122176,2954,143.66,57
122256,2955,166.34,58
122304,2956,106.78,59
122320,2957,-17.36,43
122320,2958,144.98,119
122384,2959,-16.45,19
122384,2960,-14.33,16
122464,2961,159.62,64
122560,2962,-49.86,52
122688,2963,1.73,27
122848,2964,151.24,44
122864,2965,153.16,63
122864,2966,171.52,69
122880,2967,195.68,88
122912,2968,-3.34,33
122944,2969,2.48,30
123008,2970,116.86,54
123008,2971,4.27,52
123008,2972,175.07,65
123120,2973,-9.05,15
123136,2974,171.60,51
123136,2975,169.96,61
123200,2976,126.46,51
123200,2977,-2.85,56
123216,2978,-41.11,56
123248,2979,-17.96,15
123280,2980,25.85,45
123440,2981,89.19,47
123440,2982,-18.84,36
123696,2983,9.23,47
123824,2984,123.93,44
123824,2985,90.01,57
123904,2986,19.52,41
123920,2987,-8.99,57
123952,2988,134.57,51
123984,2989,125.18,49
124000,2990,175.46,54
124048,2991,196.21,65
124096,2992,221.64,78
124160,2993,194.40,81
124320,2994,104.04,55
124336,2995,163.67,70
124400,2996,142.50,70
124480,2997,199.42,65
124480,2998,178.38,80
124528,2999,2.09,44
124624,3000,-12.26,19
124704,3001,-18.76,14
124704,3002,145.27,45
124736,3003,137.67,51
124800,3004,-27.19,53
124816,3005,152.15,57
124816,3006,147.46,62
124816,3007,8.31,26
124864,3008,100.87,73
124960,3009,-5.41,54
125024,3010,-13.88,25
125024,3011,-14.33,20
125072,3012,-17.70,16
125168,3013,1.59,29
125232,3014,-8.53,74
125312,3015,60.14,82
125328,3016,135.58,53
125408,3017,-17.76,24
125504,3018,28.76,40
125504,3019,-31.01,27
125520,3020,121.37,62
125616,3021,-19.18,18
125632,3022,136.04,56
125696,3023,172.15,55
125728,3024,169.78,98
125744,3025,165.04,58
125840,3026,172.43,65
125888,3027,-8.80,24
125904,3028,216.05,98
126048,3029,19.41,34
126064,3030,146.77,56
126080,3031,-16.34,12
126096,3032,0.07,36
126096,3033,184.82,67
126192,3034,17.17,60
126192,3035,169.04,77
126304,3036,-27.87,42
126432,3037,142.12,70
126496,3038,23.52,50
126576,3039,129.88,52
126656,3040,153.02,51
126704,3041,156.33,50
126736,3042,170.13,83
126832,3043,1.04,33
126848,3044,177.84,70
126864,3045,135.37,48
126912,3046,193.80,81
126992,3047,160.67,50
127040,3048,129.13,61
127136,3049,-8.40,30
127168,3050,119.43,61
127168,3051,190.35,68
127248,3052,1.62,21
127264,3053,198.84,73
127264,3054,122.33,48
127408,3055,214.63,85
127568,3056,188.31,71
127648,3057,118.91,67
127648,3058,112.94,51
127840,3059,153.73,61
127872,3060,126.03,64
127888,3061,129.14,74
127920,3062,13.82,41
128032,3063,254.20,81
128064,3064,141.86,56
128112,3065,182.80,67
128176,3066,160.99,58
128224,3067,43.26,68
128272,3068,145.88,54
128304,3069,141.08,82
128400,3070,183.70,77
128416,3071,-9.77,48
128464,3072,-4.23,36
128624,3073,169.45,61
128656,3074,-13.81,39
128688,3075,184.92,89
128736,3076,145.09,73
128768,3077,106.17,53
128784,3078,1.68,38
128832,3079,106.30,62
128848,3080,116.88,46
129072,3081,-7.31,38
129088,3082,-58.40,49
129104,3083,24.01,77
129152,3084,-31.91,26
129152,3085,-7.88,24
129200,3086,-14.23,58
129248,3087,-35.97,52
129280,3088,-23.09,28
129328,3089,-1.94,30
129328,3090,138.91,58
129488,3091,8.36,50
129504,3092,-14.07,22
129520,3093,-30.60,23
129536,3094,130.92,57
129568,3095,157.59,57
129600,3096,6.46,51
129600,3097,89.41,86
129712,3098,184.58,103
129856,3099,118.52,47
129872,3100,8.27,42
129936,3101,135.50,54
130144,3102,-8.12,27
130208,3103,169.37,55
130224,3104,-14.99,18
130304,3105,114.28,44
130304,3106,139.48,66
130336,3107,12.00,52
130352,3108,127.85,54
130368,3109,181.13,68
130400,3110,158.94,55
130432,3111,17.60,35
130480,3112,140.36,59
130480,3113,155.31,55
130480,3114,197.43,72
130704,3115,-2.55,31
130720,3116,154.13,72
130720,3117,-20.88,15
130768,3118,224.61,105
130784,3119,-9.24,28
130816,3120,-6.93,60
130864,3121,-0.84,32
130880,3122,-11.19,25
130912,3123,41.45,43
131024,3124,147.43,55
131056,3125,-7.96,22
131120,3126,141.60,51
131136,3127,149.56,52
131328,3128,34.68,60
131344,3129,202.27,59
131456,3130,134.36,61
131456,3131,127.42,46
131584,3132,104.31,42
131600,3133,107.31,55
131664,3134,129.65,55
131728,3135,129.48,42
131728,3136,157.18,53
131744,3137,148.59,58
131776,3138,-4.12,27
131872,3139,192.98,69
132080,3140,147.82,47
132080,3141,172.73,60
132112,3142,10.35,61
132176,3143,138.57,45
132192,3144,170.49,73
132208,3145,129.58,84
132208,3146,-6.85,27
132288,3147,182.47,116
132384,3148,189.46,58
132464,3149,-6.59,24
132512,3150,-14.46,20
132544,3151,163.63,60
132544,3152,175.20,55
132560,3153,-23.01,24
132704,3154,179.34,69
132704,3155,20.19,60
132736,3156,140.73,63
132896,3157,118.83,43
132960,3158,181.68,68
132960,3159,141.94,47
133024,3160,1.77,30
133104,3161,136.23,51
133152,3162,159.22,67
133264,3163,18.78,35
133312,3164,157.75,48
133392,3165,151.42,80
133408,3166,154.13,59
133424,3167,146.11,106
133488,3168,164.45,58
133520,3169,159.96,51
133648,3170,190.62,71
133664,3171,139.81,80
133680,3172,152.78,59
133744,3173,140.60,53
133824,3174,148.43,50
133904,3175,162.34,59
134016,3176,152.03,66
134176,3177,158.34,54
134176,3178,124.53,57
134208,3179,90.53,43
134432,3180,163.60,83
134432,3181,146.98,49
134448,3182,137.78,60
134480,3183,45.86,66
134480,3184,176.20,68
134496,3185,150.32,84
134544,3186,141.31,54
134544,3187,156.68,55
134800,3188,-7.86,87
134832,3189,133.22,51
134928,3190,-10.72,30
134976,3191,163.90,67
135008,3192,159.22,74
135056,3193,162.72,55
135216,3194,152.80,49
135232,3195,147.66,47
135248,3196,173.02,67
135264,3197,190.84,66
135296,3198,107.36,54
135328,3199,136.98,52
135344,3200,115.65,100
135536,3201,215.53,62
135568,3202,178.50,68
135600,3203,161.65,66
135616,3204,123.47,38
135648,3205,167.12,53
135744,3206,-15.19,13
135792,3207,113.06,54
135888,3208,94.91,66
135904,3209,-10.22,36
135936,3210,160.30,60
136080,3211,143.91,54
136240,3212,169.51,59
136272,3213,146.55,64
136416,3214,161.75,67
136512,3215,200.26,78
136560,3216,170.88,94
136560,3217,155.69,60
136592,3218,11.80,50
136624,3219,173.44,66
136656,3220,198.25,57
136736,3221,160.77,52
136832,3222,200.22,76
136880,3223,192.97,62
136896,3224,30.90,60
136896,3225,177.50,78
136944,3226,142.94,54
136992,3227,209.45,110
137008,3228,3.12,31
137136,3229,159.44,56
137184,3230,100.73,39
137328,3231,-5.95,48
137440,3232,151.23,53
137488,3233,109.53,76
137632,3234,144.75,50
137744,3235,184.22,68
137744,3236,134.36,50
137808,3237,145.90,50
137936,3238,135.88,65
137968,3239,132.78,67
137984,3240,211.54,78
138048,3241,178.29,89
138096,3242,175.24,76
138096,3243,175.54,105
138112,3244,183.10,58
138160,3245,166.97,73
138192,3246,145.34,47
138416,3247,205.61,68
138480,3248,203.93,62
138480,3249,-13.50,20
138496,3250,177.64,85
138576,3251,22.28,59
138608,3252,158.21,54
138720,3253,163.84,57
138768,3254,135.64,49
138768,3255,141.15,45
138816,3256,130.25,55
138944,3257,181.11,75
138960,3258,147.36,54
139088,3259,149.89,56
139120,3260,175.80,72
139120,3261,171.37,63
139184,3262,138.67,68
139200,3263,125.09,45
139216,3264,125.02,50
139408,3265,155.85,57
139504,3266,201.24,64
139568,3267,176.30,60
139568,3268,143.41,62
139568,3269,167.59,50
139776,3270,150.55,51
139792,3271,144.16,61
139808,3272,-9.16,37
139952,3273,152.34,74
140016,3274,176.48,67
140064,3275,221.05,84
140080,3276,189.19,62
140080,3277,136.99,60
140192,3278,154.42,67
140192,3279,171.21,49
140192,3280,113.02,63
140320,3281,202.45,70
140496,3282,1.88,43
140528,3283,171.16,64
140672,3284,1.44,69
140688,3285,23.12,57
140704,3286,198.64,71
140704,3287,133.68,57
140736,3288,134.37,45
140768,3289,-18.40,36
140784,3290,101.67,45
140816,3291,192.55,78
141072,3292,131.42,62
141104,3293,154.89,57
141216,3294,182.93,64
141232,3295,128.92,44
141280,3296,211.94,60
141280,3297,-18.45,32
141296,3298,171.74,84
141376,3299,204.51,81
141456,3300,153.84,49
141536,3301,137.34,45
141568,3302,163.29,67
141664,3303,143.34,60
141664,3304,168.89,61
141760,3305,127.26,64
141808,3306,108.72,69
141840,3307,54.29,46
141888,3308,150.94,51
141952,3309,130.83,42
142000,3310,185.58,76
142016,3311,112.71,50
142016,3312,11.04,45
142064,3313,19.39,31
142160,3314,158.96,55
142320,3315,117.96,49
142336,3316,215.70,69
142400,3317,-0.22,24
142480,3318,119.19,51
142592,3319,91.27,52
142608,3320,27.83,50
142688,3321,143.53,77
142720,3322,131.46,84
142768,3323,161.09,51
142784,3324,140.96,56
142912,3325,141.82,67
143008,3326,117.63,62
143088,3327,118.63,58
143152,3328,211.00,93
143168,3329,181.97,69
143200,3330,142.92,50
143200,3331,176.55,55
143248,3332,-74.31,78
143328,3333,134.29,53
143504,3334,147.96,46
143552,3335,200.10,60
143584,3336,175.33,61
143712,3337,152.65,58
143744,3338,-33.28,46
143968,3339,188.65,80
144000,3340,137.32,80
144000,3341,22.13,104
144032,3342,159.70,55
144032,3343,175.09,70
144032,3344,140.19,52
144048,3345,-22.61,19
144208,3346,136.43,70
144288,3347,162.36,68
144304,3348,223.59,71
144336,3349,150.25,68
144496,3350,141.87,62
144560,3351,184.39,53
144608,3352,154.87,64
144640,3353,6.63,38
144704,3354,205.29,86
144752,3355,136.57,45
144848,3356,177.50,53
144880,3357,115.54,57
144960,3358,-12.31,22
145024,3359,140.39,51
145040,3360,176.78,65
145072,3361,-16.38,20
145344,3362,201.08,81
145376,3363,72.62,84
145392,3364,134.77,66
145424,3365,-23.62,117
145456,3366,2.00,24
145568,3367,149.98,80
145632,3368,181.46,67
145648,3369,145.96,48
145712,3370,151.07,76
145728,3371,214.52,68
145808,3372,-8.84,24
145856,3373,140.19,52
145872,3374,145.39,57
145904,3375,184.48,75
145952,3376,184.19,69
146000,3377,147.16,60
146000,3378,149.81,106
146080,3379,156.52,46
146128,3380,17.82,46
146336,3381,151.06,55
146400,3382,164.76,64
146528,3383,161.19,56
146608,3384,150.85,55
146624,3385,42.92,57
146656,3386,124.61,50
146752,3387,111.96,55
146784,3388,169.20,61
146864,3389,169.74,60
146880,3390,168.31,55
146896,3391,136.74,78
146912,3392,168.54,57
146912,3393,185.55,84
146928,3394,153.94,61
147120,3395,-16.53,14
147152,3396,130.61,47
147280,3397,200.76,75
147280,3398,116.14,72
147296,3399,132.44,43
147312,3400,151.80,49
147408,3401,149.52,49
147536,3402,195.83,75
147536,3403,-13.47,16
147568,3404,130.17,49
147568,3405,12.71,44
147632,3406,-8.34,22
147648,3407,157.01,56
147648,3408,153.97,62
147872,3409,167.03,62
148016,3410,121.94,44
148144,3411,203.23,77
148336,3412,152.23,76
148384,3413,172.65,53
148400,3414,193.40,78
148400,3415,191.52,69
148400,3416,19.69,93
148416,3417,147.39,53
148448,3418,-12.33,36
148464,3419,66.23,56
148480,3420,146.41,53
148512,3421,148.68,99
148544,3422,188.62,63
148576,3423,173.13,58
148720,3424,221.96,67
148768,3425,-4.76,22
148784,3426,54.12,86
148880,3427,148.58,54
149120,3428,178.21,61
149136,3429,164.67,46
149200,3430,-9.94,20
149296,3431,81.95,56
149296,3432,76.45,60
149296,3433,34.98,53
149344,3434,169.56,59
149360,3435,42.08,36
149392,3436,118.28,57
149408,3437,149.57,54
149552,3438,185.66,61
149616,3439,201.19,77
149680,3440,12.65,35
149760,3441,198.37,65
149776,3442,189.32,79
149776,3443,-1.44,23
149776,3444,6.90,26
149808,3445,151.11,84
150064,3446,97.61,48
150176,3447,1.50,88
150192,3448,140.12,53
150288,3449,180.11,62
150368,3450,152.21,77
150400,3451,121.97,39
150432,3452,4.03,41
150464,3453,140.78,57
150480,3454,169.34,80
150528,3455,120.34,47
150576,3456,204.40,74
150576,3457,190.21,80
150640,3458,147.37,52
150800,3459,192.63,70
150816,3460,207.19,75
150848,3461,140.26,68
151040,3462,156.40,47
151088,3463,-12.97,17
151328,3464,190.57,71
151360,3465,137.97,55
151360,3466,80.46,60
151376,3467,149.01,82
151456,3468,213.80,80
151472,3469,173.41,65
151488,3470,138.28,60
151488,3471,150.11,57
151568,3472,189.04,69
151616,3473,201.29,78
151712,3474,169.63,71
151792,3475,108.67,59
151808,3476,209.03,73
151968,3477,-3.29,30
151984,3478,121.87,56
152000,3479,188.05,75
152048,3480,137.88,63
152144,3481,118.13,51
152160,3482,157.29,49
152160,3483,147.01,50
152208,3484,169.63,53
152432,3485,155.56,59
152496,3486,160.60,58
152544,3487,157.84,47
152544,3488,18.81,46
152608,3489,171.98,56
152608,3490,164.14,71
152608,3491,221.00,72
152640,3492,195.09,64
152816,3493,116.97,41
152960,3494,143.71,51
152976,3495,-6.24,21
153008,3496,129.29,64
153040,3497,162.32,52
153088,3498,179.74,65
153104,3499,179.82,69
153168,3500,172.02,75
153312,3501,138.07,48
153344,3502,127.94,74
153360,3503,139.94,47
153376,3504,114.03,48
153440,3505,149.55,56
153456,3506,100.31,60
153552,3507,4.34,70
153552,3508,-9.26,59
153632,3509,158.97,51
153760,3510,-13.12,25
153840,3511,11.24,33
153920,3512,149.03,60
153968,3513,177.96,62
154016,3514,176.68,58
154016,3515,101.71,57
154032,3516,154.38,54
154128,3517,131.26,42
154144,3518,195.44,69
154256,3519,170.55,51
154272,3520,154.12,45
154320,3521,-20.16,19
154384,3522,123.16,65
154496,3523,181.07,70
154528,3524,153.38,61
154688,3525,114.61,66
154704,3526,173.54,54
154736,3527,166.03,51
154768,3528,162.66,110
154832,3529,148.80,54
155008,3530,138.27,78
155072,3531,140.67,47
155248,3532,194.01,61
155280,3533,185.59,72
155392,3534,193.87,85
155392,3535,173.35,78
155424,3536,202.41,65
155440,3537,191.37,89
155456,3538,85.18,45
155600,3539,138.41,48
155616,3540,178.25,70
155680,3541,158.28,61
155760,3542,202.34,67
155840,3543,163.40,67
155936,3544,120.39,54
156064,3545,195.39,113
156080,3546,61.37,67
156096,3547,158.10,53
156208,3548,116.23,105
156256,3549,150.75,54
156320,3550,102.90,55
156352,3551,180.91,58
156384,3552,1.34,20
156432,3553,155.89,51
156464,3554,147.76,54
156496,3555,-2.28,65
156528,3556,175.66,71
156592,3557,159.96,82
156672,3558,145.26,52
156672,3559,125.96,57
156752,3560,157.83,67
156848,3561,112.62,47
156848,3562,141.24,57
156992,3563,166.11,57
157120,3564,133.80,43
157248,3565,157.52,62
157264,3566,144.41,55
157312,3567,159.07,60
157328,3568,103.89,41
157360,3569,155.62,56
157376,3570,9.64,33
157376,3571,-32.89,39
157408,3572,174.49,75
157504,3573,121.51,61
157552,3574,153.91,55
157584,3575,206.49,79
157632,3576,233.01,71
157664,3577,116.06,67
157712,3578,128.97,54
157888,3579,-13.67,14
157904,3580,137.20,57
158176,3581,150.67,51
158208,3582,166.33,68
158240,3583,125.49,61
158320,3584,103.92,57
158352,3585,158.29,65
158432,3586,152.99,66
158464,3587,175.45,68
158464,3588,189.08,76
158480,3589,172.68,72
158480,3590,135.71,48
158592,3591,173.17,68
158608,3592,163.40,61
158704,3593,141.71,50
158800,3594,214.65,76
158864,3595,137.90,61
158928,3596,202.23,86
159024,3597,-3.95,44
159120,3598,173.99,59
159184,3599,170.88,61
159264,3600,138.17,49
159280,3601,-23.64,65
159296,3602,127.98,52
159296,3603,144.25,51
159344,3604,127.08,47
159568,3605,186.63,71
159648,3606,181.29,49
159744,3607,-19.70,28
159744,3608,124.99,80
159792,3609,127.57,54
159792,3610,211.05,90
159872,3611,155.89,67
159904,3612,14.06,40
159920,3613,177.03,56
159952,3614,209.93,78
160016,3615,151.74,52
160048,3616,149.24,90
160080,3617,173.61,60
160080,3618,133.83,46
160128,3619,137.99,52
160256,3620,144.35,61
160368,3621,146.15,45
160528,3622,141.26,60
160544,3623,161.14,50
160736,3624,176.08,54
160752,3625,125.94,53
160880,3626,-61.18,68
160896,3627,57.23,61
160928,3628,186.13,74
160928,3629,226.96,71
161104,3630,166.46,68
161120,3631,138.41,47
161120,3632,166.63,67
161152,3633,132.35,56
161152,3634,153.06,64
161312,3635,-19.63,26
161440,3636,200.30,57
161472,3637,184.15,87
161504,3638,106.97,89
161552,3639,92.00,100
161760,3640,152.89,52
161792,3641,147.66,78
161824,3642,139.52,59
161872,3643,149.51,70
161904,3644,125.12,49
161936,3645,174.01,75
162000,3646,159.47,55
162048,3647,164.02,70
162128,3648,164.20,61
162288,3649,164.23,74
162352,3650,176.75,65
162496,3651,185.46,59
162528,3652,178.13,64
162528,3653,168.76,66
162544,3654,139.48,49
162640,3655,147.70,75
162720,3656,168.94,56
162848,3657,177.22,57
162864,3658,85.11,107
162944,3659,164.17,72
162944,3660,139.39,56
163024,3661,21.50,64
163040,3662,147.56,57
163216,3663,161.46,82
163360,3664,151.23,63
163376,3665,160.25,53
163392,3666,5.22,33
163440,3667,-6.91,98
163440,3668,171.47,72
163504,3669,146.83,49
163536,3670,153.23,56
163552,3671,209.31,66
163728,3672,149.05,75
163744,3673,155.97,75
163776,3674,88.04,58
163888,3675,132.39,42
163952,3676,-5.76,26
164016,3677,218.06,67
164128,3678,166.77,74
164176,3679,189.24,72
164192,3680,207.29,72
164256,3681,126.44,55
164304,3682,150.83,57
164320,3683,166.08,55
164352,3684,173.60,57
164352,3685,143.54,62
164464,3686,155.82,60
164528,3687,150.77,61
164560,3688,156.76,52
164736,3689,176.89,60
164784,3690,185.88,65
164800,3691,3.65,38
164880,3692,167.94,58
164944,3693,201.33,58
164992,3694,-16.99,43
165152,3695,142.01,50
165152,3696,152.05,52
165280,3697,184.01,69
165296,3698,183.37,73
165312,3699,222.04,66
165376,3700,152.70,51
165392,3701,185.38,94
165440,3702,141.28,44
165488,3703,140.96,43
165504,3704,173.20,72
165616,3705,194.26,68
165616,3706,186.70,72
165648,3707,188.72,54
165808,3708,142.18,54
165984,3709,170.30,69
166000,3710,150.29,63
166176,3711,177.20,54
166320,3712,163.66,65
166368,3713,189.20,55
166400,3714,196.27,78
166432,3715,222.54,71
166448,3716,176.03,67
166480,3717,129.03,83
166480,3718,135.99,52
166496,3719,170.61,62
166560,3720,199.99,73
166576,3721,179.42,60
166672,3722,187.84,66
166800,3723,157.99,51
166800,3724,135.54,85
166896,3725,172.93,56
166912,3726,170.39,69
167248,3727,155.27,50
167312,3728,143.39,47
167376,3729,132.67,61
167376,3730,198.69,63
167392,3731,124.61,76
167408,3732,210.98,68
167568,3733,192.52,62
167600,3734,226.26,70
167616,3735,198.90,71
167648,3736,143.59,53
167664,3737,216.05,77
167712,3738,202.49,65
167712,3739,155.25,57
167760,3740,146.50,54
167904,3741,121.18,41
167936,3742,201.69,64
168016,3743,134.53,44
168048,3744,196.55,97
168128,3745,136.29,46
168240,3746,162.32,54
168448,3747,143.31,49
168496,3748,147.49,46
168544,3749,201.75,71
168576,3750,184.20,61
168592,3751,163.33,76
168624,3752,201.93,61
168640,3753,204.68,67
168736,3754,173.77,70
168752,3755,162.79,65
168864,3756,179.45,72
168880,3757,161.45,54
168928,3758,148.99,50
169088,3759,225.97,72
169088,3760,248.29,74
169344,3761,202.64,81
169408,3762,158.86,54
169456,3763,150.83,55
169456,3764,206.33,76
169552,3765,168.08,51
169584,3766,166.28,52
169584,3767,166.72,62
169600,3768,179.94,72
169728,3769,210.08,68
169792,3770,-66.92,81
169872,3771,204.61,62
169904,3772,136.06,61
169920,3773,195.20,81
169984,3774,210.54,70
170048,3775,141.30,44
170160,3776,140.14,44
170288,3777,194.67,75
170352,3778,167.09,56
170384,3779,180.65,81
170448,3780,162.45,65
170496,3781,152.10,48
170512,3782,154.50,57
170624,3783,158.42,65
170640,3784,143.27,53
170704,3785,106.12,72
170832,3786,186.39,60
170848,3787,121.90,54
170864,3788,173.37,80
170896,3789,178.65,61
170976,3790,38.87,67
171056,3791,120.51,44
171072,3792,128.24,49
171136,3793,157.46,47
171232,3794,201.44,67
171280,3795,169.15,77
171472,3796,113.74,61
171504,3797,145.79,66
171504,3798,111.68,62
171536,3799,182.60,57
171664,3800,209.77,60
171744,3801,161.02,56
171840,3802,201.68,61
171888,3803,142.81,57
171904,3804,183.40,67
171952,3805,133.74,51
171952,3806,206.65,82
172064,3807,191.45,62
172080,3808,157.96,53
172160,3809,199.96,79
172320,3810,110.80,41
172352,3811,175.96,81
172368,3812,83.37,68
172368,3813,142.82,52
172400,3814,159.51,58
172592,3815,172.02,68
172752,3816,152.65,54
172768,3817,134.70,58
172848,3818,167.15,84
172896,3819,148.79,59
172992,3820,203.68,68
172992,3821,188.20,78
173008,3822,155.75,58
173056,3823,175.20,62
173136,3824,189.45,74
173136,3825,141.85,49
173168,3826,163.28,50
173184,3827,176.18,54
173184,3828,149.96,49
173216,3829,131.88,66
173488,3830,161.16,56
173552,3831,199.68,74
173616,3832,154.92,54
173632,3833,167.44,54
173664,3834,144.27,51
173808,3835,166.89,51
173968,3836,170.46,52
174048,3837,183.23,62
174096,3838,197.05,75
174112,3839,123.72,59
174112,3840,-32.31,31
174112,3841,178.94,58
174112,3842,204.18,58
174128,3843,199.64,62
174192,3844,205.93,75
174208,3845,172.87,62
174208,3846,154.76,75
174352,3847,150.24,50
174432,3848,157.87,50
174656,3849,207.24,62
174688,3850,144.83,75
174720,3851,150.85,57
174768,3852,122.94,41
174784,3853,120.08,46
174864,3854,116.06,47
174928,3855,156.38,50
174976,3856,178.18,63
175056,3857,173.95,53
175152,3858,180.16,66
175232,3859,182.49,65
175248,3860,162.15,65
175312,3861,147.75,55
175360,3862,205.13,78
175408,3863,159.94,66
175488,3864,146.15,48
175536,3865,230.51,89
175664,3866,174.56,55
175712,3867,181.63,59
175728,3868,199.17,67
175888,3869,154.47,60
175920,3870,214.18,77
175952,3871,184.81,61
176080,3872,135.71,64
176160,3873,163.13,58
176176,3874,120.06,64
176208,3875,179.93,56
176288,3876,166.30,55
176352,3877,124.39,43
176416,3878,224.87,73
176496,3879,183.66,63
176496,3880,141.73,48
176496,3881,151.52,102
176592,3882,196.51,66
176624,3883,199.91,79
176816,3884,154.00,69
176912,3885,143.45,60
176976,3886,97.98,48
176992,3887,182.92,57
177040,3888,120.30,47
177072,3889,157.70,57
177072,3890,176.61,72
177168,3891,230.62,80
177168,3892,186.96,62
177328,3893,123.84,44
177328,3894,189.76,57
177488,3895,199.12,71
177552,3896,170.44,60
177600,3897,199.64,69
177664,3898,146.43,53
177664,3899,211.06,73
177824,3900,127.64,57
177872,3901,210.53,86
177872,3902,107.76,55
178000,3903,207.36,58
178000,3904,161.88,60
178064,3905,177.38,62
178096,3906,164.64,58
178096,3907,189.56,70
178144,3908,158.35,51
178256,3909,164.95,48
178320,3910,200.06,62
178336,3911,137.07,49
178416,3912,190.13,78
178496,3913,0.68,25
178512,3914,152.30,57
178640,3915,141.15,51
178704,3916,181.29,52
178736,3917,172.75,67
178800,3918,162.19,46
178816,3919,172.91,59
178864,3920,143.63,54
178928,3921,146.79,49
179152,3922,178.82,93
179184,3923,162.41,68
179216,3924,220.88,76
179280,3925,178.74,64
179376,3926,152.19,60
179376,3927,131.35,46
179424,3928,108.22,45
179440,3929,190.05,69
179504,3930,183.46,63
179664,3931,189.75,72
179760,3932,124.89,59
179808,3933,-12.38,27
179872,3934,139.76,67
179872,3935,182.54,59
179904,3936,169.45,65
179920,3937,228.14,74
180016,3938,9.17,40
180080,3939,177.16,56
180192,3940,180.78,57
180384,3941,149.57,129
180384,3942,162.13,60
180416,3943,171.78,61
180416,3944,203.59,79
180448,3945,182.06,59
180544,3946,197.47,83
180640,3947,131.77,55
180768,3948,160.12,53
180816,3949,210.65,59
180848,3950,150.28,61
180848,3951,132.95,48
180864,3952,192.06,75
180976,3953,160.49,67
181040,3954,201.18,77
181120,3955,198.76,69
181136,3956,153.05,59
181136,3957,151.64,45
181264,3958,147.22,51
181296,3959,132.70,57
181424,3960,134.95,63
181456,3961,188.48,57
181456,3962,130.08,38
181648,3963,222.18,63
181712,3964,178.00,59
181744,3965,203.24,58
181872,3966,137.94,46
181904,3967,207.37,66
181920,3968,182.71,66
181968,3969,170.03,62
182016,3970,162.65,56
182016,3971,201.41,55
182032,3972,208.82,103
182032,3973,183.63,62
182192,3974,173.83,58
182208,3975,151.98,49
182272,3976,178.45,61
182352,3977,153.45,56
182544,3978,186.95,68
182608,3979,148.17,60
182656,3980,140.64,49
182688,3981,153.07,49
182704,3982,155.20,46
182752,3983,214.23,65
182800,3984,204.41,66
182848,3985,113.49,41
183024,3986,138.23,51
183104,3987,191.23,67
183264,3988,218.87,62
183296,3989,167.83,86
183296,3990,197.13,80
183312,3991,221.37,80
183440,3992,144.02,47
183472,3993,177.20,54
183472,3994,183.80,70
183584,3995,177.49,65
183600,3996,161.57,50
183600,3997,139.50,53
183600,3998,196.05,59
183664,3999,-13.27,22
183792,4000,157.22,59
183840,4001,214.59,114
183952,4002,154.91,58
183952,4003,238.37,78
184064,4004,143.44,48
184144,4005,177.57,53
184304,4006,157.85,54
184304,4007,131.40,65
184304,4008,175.07,52
184352,4009,212.53,78
184432,4010,170.24,53
184496,4011,219.25,64
184544,4012,173.87,59
184560,4013,135.84,60
184560,4014,151.89,48
184592,4015,183.64,62
184672,4016,216.27,63
184768,4017,144.11,51
184816,4018,198.30,61
184832,4019,151.46,55
184832,4020,-4.70,21
184960,4021,174.89,56
185040,4022,171.87,56
185152,4023,155.83,53
185184,4024,163.70,55
185296,4025,137.72,47
185408,4026,145.92,51
185424,4027,166.11,62
185456,4028,155.53,49
185568,4029,213.63,63
185632,4030,190.93,67
185648,4031,137.70,51
185680,4032,181.42,57
185888,4033,100.60,46
185904,4034,224.54,97
185936,4035,95.64,70
185968,4036,173.59,63
185984,4037,189.37,72
186176,4038,201.95,71
186240,4039,215.18,121
186272,4040,153.15,61
186304,4041,215.17,70
186320,4042,219.37,57
186320,4043,176.33,56
186432,4044,171.08,61
186640,4045,190.81,63
186736,4046,134.86,73
186736,4047,-21.05,68
186768,4048,189.26,68
186816,4049,160.93,58
186928,4050,193.84,64
186944,4051,182.66,61
186976,4052,194.58,62
187072,4053,149.98,56
187136,4054,183.09,75
187152,4055,42.66,57
187168,4056,171.84,53
187184,4057,123.37,47
187200,4058,136.94,55
187424,4059,180.28,70
187440,4060,199.22,73
187696,4061,132.26,60
187760,4062,155.47,51
187792,4063,164.06,61
187808,4064,136.13,55
187808,4065,178.70,65
187840,4066,208.77,75
187888,4067,186.52,72
187888,4068,120.95,47
188000,4069,152.76,64
188032,4070,161.61,60
188112,4071,187.43,60
188208,4072,187.43,64
188224,4073,218.71,66
188320,4074,161.92,56
188336,4075,178.41,71
188416,4076,1.38,38
188544,4077,198.18,69
188560,4078,160.10,48
188608,4079,130.65,50
188640,4080,143.23,59
188656,4081,149.56,56
188720,4082,154.58,52
188752,4083,142.74,45
188832,4084,174.65,62
188912,4085,172.55,57
188912,4086,170.97,50
188944,4087,116.54,66
189056,4088,150.49,45
189104,4089,175.66,55
189152,4090,164.55,52
189232,4091,102.79,39
189344,4092,134.04,50
189424,4093,178.22,48
189488,4094,195.51,67
189504,4095,161.18,81
189568,4096,132.71,58
189808,4097,-131.46,78
189856,4098,194.96,69
189904,4099,221.46,62
189904,4100,224.80,62
189904,4101,220.64,74
189952,4102,154.93,70
189968,4103,163.50,54
189968,4104,174.66,57
189984,4105,145.21,52
190112,4106,157.71,73
190304,4107,151.87,46
190320,4108,175.41,61
190336,4109,173.54,57
190608,4110,159.38,70
190672,4111,170.65,73
190736,4112,149.22,58
190800,4113,195.16,56
190848,4114,98.88,56
191024,4115,137.04,66
191056,4116,193.72,59
191072,4117,201.28,73
191072,4118,207.36,69
191088,4119,237.76,116
191120,4120,53.65,71
191168,4121,196.78,82
191248,4122,131.22,58
191328,4123,178.84,62
191344,4124,231.93,90
191376,4125,204.25,67
191568,4126,185.44,60
191808,4127,200.56,71
191824,4128,166.47,50
191872,4129,126.69,50
191888,4130,202.22,72
191904,4131,157.28,52
191920,4132,178.30,67
191920,4133,190.26,70
192080,4134,104.91,62
192128,4135,165.19,63
192144,4136,178.24,68
192288,4137,172.26,57
192320,4138,164.54,62
192400,4139,172.30,66
192496,4140,219.95,83
192528,4141,209.18,80
192560,4142,124.22,41
192576,4143,147.55,47
192672,4144,164.22,69
192688,4145,173.83,55
192720,4146,118.19,53
192736,4147,158.17,51
192896,4148,158.64,51
192912,4149,123.71,49
193088,4150,131.84,59
193120,4151,183.19,75
193264,4152,139.16,46
193344,4153,198.17,64
193376,4154,240.36,93
193408,4155,141.21,53
193408,4156,209.40,63
193440,4157,151.00,59
193456,4158,126.51,55
193472,4159,206.35,74
193536,4160,153.43,50
193664,4161,151.35,61
193760,4162,146.40,54
193760,4163,204.35,68
193840,4164,189.16,70
193888,4165,126.94,48
193936,4166,176.83,64
194112,4167,225.47,64
194128,4168,143.53,49
194224,4169,147.81,60
194272,4170,147.08,51
194304,4171,162.04,58
194384,4172,195.21,61
194464,4173,201.57,64
194464,4174,206.06,66
194480,4175,173.75,63
194624,4176,138.32,49
194624,4177,125.43,54
194656,4178,184.54,62
194720,4179,165.05,60
194784,4180,134.85,53
194800,4181,177.09,79
194832,4182,179.11,59
194912,4183,151.33,49
195088,4184,176.07,61
195136,4185,149.76,52
195168,4186,143.45,44
195248,4187,220.61,64
195264,4188,145.85,55
195360,4189,185.64,68
195472,4190,120.40,63
195472,4191,150.61,62
195584,4192,161.22,54
195616,4193,178.15,62
195632,4194,118.59,53
195808,4195,192.43,56
195920,4196,156.78,68
195968,4197,152.00,55
196016,4198,230.49,85
196064,4199,197.23,90
196096,4200,157.53,53
196176,4201,173.76,57
196240,4202,151.15,55
196336,4203,32.32,96
196368,4204,136.03,75
196464,4205,177.42,52
196480,4206,168.46,63
196512,4207,211.05,65
196528,4208,25.09,87
196528,4209,174.47,59
196544,4210,144.11,58
196704,4211,143.71,46
196880,4212,182.97,67
196912,4213,218.56,62
196912,4214,171.23,53
196976,4215,187.71,60
197104,4216,210.69,63
197184,4217,172.47,51
197232,4218,205.43,66
197248,4219,138.85,48
197408,4220,192.28,73
197424,4221,185.69,56
197440,4222,172.41,58
197472,4223,191.56,63
197536,4224,182.93,75
197616,4225,194.57,68
197664,4226,198.48,70
197728,4227,169.65,53
197824,4228,213.34,70
197856,4229,137.56,59
197872,4230,183.62,60
197968,4231,162.09,62
198112,4232,233.51,63
198192,4233,216.41,60
198208,4234,199.77,64
198304,4235,142.66,48
198352,4236,205.02,69
198544,4237,173.28,70
198544,4238,132.11,51
198592,4239,213.13,61
198672,4240,198.12,79
198672,4241,193.04,75
198688,4242,192.59,64
198704,4243,166.37,53
198736,4244,215.71,54
198864,4245,195.34,89
198944,4246,193.52,70
198976,4247,184.11,54
199008,4248,201.75,65
199104,4249,162.31,57
199296,4250,203.56,68
199328,4251,223.78,64
199344,4252,213.70,62
199392,4253,146.85,53
199456,4254,150.61,47
199472,4255,184.35,58
199472,4256,148.01,50
199504,4257,165.24,57
199632,4258,154.94,56
199696,4259,193.51,63
199728,4260,151.99,54
199856,4261,197.95,74
199936,4262,146.91,62
200000,4263,230.72,62
200064,4264,156.39,68
200080,4265,197.61,61
200176,4266,145.75,49
200224,4267,138.50,47
200240,4268,175.07,57
200336,4269,151.90,55
200368,4270,205.87,67
200480,4271,189.00,53
200560,4272,210.06,68
200560,4273,175.91,54
200672,4274,212.13,83
200688,4275,172.78,52
200704,4276,213.17,75
200736,4277,103.72,63
200896,4278,175.91,60
200912,4279,165.86,57
200976,4280,206.87,57
201040,4281,166.07,51
201072,4282,146.91,44
201184,4283,210.08,63
201200,4284,157.03,60
201312,4285,152.84,77
201392,4286,205.81,66
201488,4287,215.89,63
201536,4288,152.16,61
201568,4289,164.35,52
201600,4290,188.14,65
201616,4291,176.81,58
201776,4292,190.61,54
201840,4293,213.65,71
201952,4294,112.23,47
201968,4295,194.29,67
201968,4296,198.38,81
201984,4297,202.55,63
202016,4298,186.01,59
202128,4299,185.24,51
202240,4300,190.83,66
202304,4301,84.40,79
202368,4302,192.27,61
202560,4303,146.39,67
202592,4304,205.09,61
202640,4305,197.84,54
202688,4306,196.75,68
202704,4307,226.23,73
202736,4308,176.79,56
202832,4309,199.23,79
202896,4310,149.39,57
202960,4311,149.59,62
202976,4312,200.36,64
203024,4313,222.75,63
203040,4314,159.72,57
203056,4315,193.38,68
203184,4316,110.74,55
203200,4317,202.28,60
203344,4318,193.34,61
203424,4319,125.93,45
203552,4320,208.62,60
203568,4321,179.12,55
203568,4322,183.31,52
203616,4323,150.27,66
203616,4324,172.63,61
203744,4325,151.69,49
203760,4326,154.41,49
203840,4327,189.34,63
203856,4328,186.64,60
203984,4329,189.47,60
204064,4330,158.32,45
204080,4331,187.28,65
204192,4332,193.66,62
204240,4333,129.91,74
204256,4334,195.99,67
204400,4335,140.90,53
204448,4336,169.99,55
204448,4337,220.27,64
204464,4338,174.28,56
204544,4339,146.01,58
204592,4340,144.69,53
204608,4341,157.45,62
204688,4342,198.08,58
204896,4343,203.22,65
205008,4344,177.76,59
205008,4345,150.83,58
205008,4346,192.03,73
205008,4347,170.75,64
205024,4348,172.22,52
205232,4349,155.67,62
205280,4350,157.99,55
205312,4351,160.78,53
205360,4352,181.27,57
205360,4353,223.26,69
205408,4354,219.12,60
205472,4355,196.58,58
205536,4356,194.26,59
205728,4357,119.15,44
205808,4358,171.58,57
205840,4359,176.71,52
205872,4360,194.47,74
205952,4361,196.21,84
206096,4362,147.93,68
206144,4363,164.94,52
206208,4364,258.85,75
206256,4365,119.38,53
206304,4366,170.31,64
206320,4367,210.38,82
206368,4368,185.56,63
206464,4369,214.61,69
206560,4370,135.04,45
206576,4371,158.78,48
206624,4372,242.34,87
206688,4373,209.37,76
206704,4374,227.23,73
206704,4375,200.90,61
206896,4376,197.48,59
206896,4377,174.40,64
206976,4378,155.92,48
207040,4379,181.85,59
207200,4380,179.28,56
207280,4381,198.97,71
207328,4382,203.16,63
207392,4383,222.05,71
207440,4384,177.90,54
207488,4385,184.52,70
207504,4386,157.48,51
207520,4387,163.49,60
207584,4388,192.23,60
207616,4389,108.40,40
207632,4390,154.90,46
207648,4391,230.08,74
207680,4392,117.14,61
207776,4393,188.04,67
207824,4394,111.59,58
208000,4395,173.08,60
208224,4396,154.18,64
208304,4397,159.13,50
208336,4398,184.79,63
208352,4399,223.58,57
208384,4400,124.10,46
208432,4401,183.18,59
208480,4402,194.44,68
208480,4403,228.57,75
208576,4404,174.19,62
208688,4405,188.88,67
208704,4406,190.81,67
208768,4407,168.82,59
208784,4408,161.82,63
208848,4409,235.40,83
208848,4410,196.31,73
208864,4411,194.38,54
209072,4412,158.65,48
209184,4413,158.25,53
209232,4414,167.00,55
209248,4415,199.63,64
209376,4416,195.99,59
209376,4417,182.24,62
209456,4418,157.36,48
209552,4419,208.97,67
209584,4420,186.56,63
209632,4421,226.39,72
209680,4422,179.46,51
209712,4423,202.82,58
209760,4424,160.85,66
209776,4425,175.91,58
209872,4426,224.32,69
210000,4427,222.15,72
210128,4428,170.55,66
210240,4429,227.24,66
210304,4430,195.19,67
210336,4431,160.73,55
210352,4432,195.74,69
210416,4433,206.38,65
210528,4434,208.77,72
210544,4435,173.83,54
210560,4436,209.58,61
210656,4437,188.08,64
210704,4438,187.66,62
210752,4439,217.25,75
210768,4440,123.22,48
210800,4441,165.92,65
210800,4442,114.74,64
210960,4443,230.24,68
210992,4444,155.30,43
211168,4445,187.92,58
211184,4446,158.78,66
211248,4447,151.06,43
211264,4448,161.20,57
211264,4449,138.51,46
211280,4450,185.84,54
211392,4451,150.41,53
211472,4452,230.65,71
211648,4453,146.34,53
211664,4454,187.47,56
211744,4455,206.12,68
211760,4456,181.48,63
211760,4457,203.65,60
211888,4458,197.19,74
211888,4459,185.61,58
211888,4460,181.11,56
212000,4461,143.44,47
212208,4462,177.93,58
212272,4463,202.45,69
212320,4464,191.84,66
212336,4465,192.27,72
212400,4466,139.84,47
212416,4467,198.38,64
212464,4468,184.85,75
212480,4469,186.41,63
212784,4470,214.26,65
212816,4471,201.32,66
212848,4472,183.46,60
212848,4473,147.99,60
212864,4474,173.09,61
212864,4475,169.30,75
212928,4476,135.61,45
213152,4477,241.91,72
213152,4478,169.51,51
213184,4479,143.31,45
213216,4480,168.94,50
213248,4481,192.91,58
213360,4482,169.19,55
213360,4483,141.16,100
213504,4484,223.08,77
213568,4485,225.53,73
213728,4486,164.68,54
213792,4487,179.07,54
213840,4488,193.94,61
213856,4489,216.89,67
213936,4490,196.38,70
213984,4491,211.21,71
214032,4492,193.14,55
214096,4493,180.43,57
214160,4494,176.53,59
214176,4495,202.77,83
214192,4496,136.66,43
214192,4497,168.47,52
214304,4498,190.86,72
214320,4499,205.44,60
214384,4500,221.46,71
214512,4501,146.45,49
214704,4502,145.25,57
214864,4503,181.08,81
214880,4504,166.42,56
214880,4505,213.25,65
214976,4506,195.12,65
214992,4507,186.34,56
215008,4508,156.16,72
215040,4509,157.88,54
215152,4510,150.56,70
215152,4511,172.05,60
215168,4512,182.05,63
215200,4513,204.83,63
215424,4514,182.77,70
215472,4515,178.97,60
215648,4516,157.89,79
215760,4517,104.95,66
215776,4518,208.66,91
215792,4519,172.76,58
215792,4520,108.51,47
215952,4521,193.35,60
215952,4522,188.88,67
215968,4523,163.21,51
215984,4524,143.62,52
215984,4525,160.84,69
216064,4526,185.19,56
216112,4527,228.52,71
216144,4528,159.96,71
216224,4529,193.94,64
216416,4530,177.50,59
216560,4531,163.37,57
216656,4532,171.21,54
216816,4533,168.88,66
216880,4534,213.16,68
216896,4535,146.11,49
216912,4536,183.58,71
216928,4537,204.47,54
216944,4538,185.28,62
216944,4539,156.34,50
216944,4540,174.48,61
216960,4541,117.09,61
216976,4542,157.74,64
216976,4543,185.91,97
216992,4544,209.42,63
217280,4545,179.87,66
217472,4546,200.31,66
217680,4547,188.25,64
217728,4548,170.41,53
217808,4549,182.55,56
217824,4550,174.92,55
217904,4551,175.50,61
217936,4552,176.89,62
217952,4553,181.33,63
217968,4554,191.54,62
217968,4555,219.46,72
217984,4556,182.01,89
218064,4557,222.63,73
218064,4558,198.88,69
218128,4559,222.35,72
218128,4560,207.95,71
218336,4561,155.51,54
218352,4562,209.47,67
218688,4563,154.63,60
218736,4564,156.28,52
218768,4565,216.78,68
218816,4566,186.97,62
218848,4567,203.44,65
218896,4568,137.47,52
218912,4569,171.60,59
218960,4570,165.04,52
218960,4571,167.91,61
219072,4572,216.26,71
219072,4573,213.05,70
219104,4574,182.03,65
219200,4575,178.67,54
219264,4576,198.15,71
219360,4577,204.58,87
219440,4578,157.28,68
219520,4579,172.91,49
219584,4580,151.45,46
219600,4581,156.17,57
219680,4582,188.61,57
219776,4583,145.65,51
219808,4584,201.33,62
219936,4585,214.09,64
219952,4586,180.55,62
220032,4587,181.36,60
220032,4588,195.78,60
220112,4589,178.85,76
220160,4590,151.71,66
220320,4591,186.87,60
220496,4592,185.98,77
220496,4593,215.58,66
220512,4594,152.80,62
220512,4595,205.80,82
220512,4596,164.61,57
220592,4597,198.58,63
220640,4598,173.59,54
220672,4599,170.78,54
220688,4600,157.79,47
220800,4601,222.29,70
220896,4602,133.52,54
220928,4603,156.26,51
220944,4604,174.20,57
221072,4605,210.72,70
221168,4606,206.79,63
221296,4607,124.11,44
221376,4608,168.39,55
221392,4609,96.74,67
221488,4610,173.33,61
221504,4611,197.17,63
221552,4612,185.57,65
221616,4613,177.26,61
221648,4614,206.54,61
221648,4615,153.06,44
221664,4616,163.14,72
221712,4617,173.03,57
221760,4618,208.56,67
221904,4619,205.76,63
221920,4620,123.62,47
221984,4621,192.10,66
222128,4622,202.90,66
222320,4623,183.79,64
222352,4624,194.63,61
222384,4625,162.24,48
222416,4626,197.33,64
222448,4627,209.16,60
222608,4628,200.72,60
222624,4629,162.99,61
222656,4630,190.05,62
222672,4631,165.96,73
222720,4632,196.44,73
222720,4633,184.80,60
222976,4634,194.17,79
223024,4635,171.77,56
223024,4636,169.28,69
223120,4637,205.48,71
223168,4638,212.01,79
223216,4639,168.11,56
223280,4640,191.21,56
223280,4641,197.48,54
223328,4642,155.80,55
223424,4643,172.06,67
223632,4644,191.86,63
223712,4645,183.71,65
223808,4646,175.84,68
223808,4647,251.06,75
223824,4648,204.04,69
223824,4649,127.97,53
223888,4650,204.07,54
223904,4651,171.43,55
223904,4652,124.84,43
223920,4653,145.97,47
223920,4654,213.76,79
224080,4655,169.29,50
224128,4656,180.47,53
224304,4657,187.06,55
224416,4658,185.35,81
224432,4659,226.00,69
224608,4660,151.53,44
224608,4661,178.04,49
224688,4662,175.28,50
224688,4663,176.35,66
224704,4664,179.14,55
224768,4665,180.94,60
224848,4666,199.43,71
224896,4667,207.22,68
225008,4668,218.24,69
225072,4669,201.44,59
225168,4670,216.58,78
225216,4671,153.49,49
225216,4672,164.19,57
225328,4673,206.56,88
225472,4674,155.29,54
225616,4675,135.03,48
225632,4676,186.73,59
225632,4677,194.09,97
225744,4678,156.91,65
225776,4679,202.35,68
225824,4680,180.31,66
225856,4681,185.81,60
225968,4682,217.92,97
225984,4683,196.47,86
226096,4684,159.25,58
226144,4685,156.44,51
226192,4686,172.69,70
226192,4687,198.12,61
226224,4688,172.12,63
226256,4689,153.26,49
226496,4690,96.84,93
226496,4691,185.73,54
226624,4692,136.45,48
226688,4693,221.19,66
226720,4694,170.48,56
226752,4695,178.88,61
226752,4696,133.36,48
226816,4697,211.89,67
226832,4698,214.00,76
226896,4699,82.27,44
227008,4700,215.10,65
227168,4701,213.63,67
227264,4702,137.40,48
227296,4703,139.32,69
227296,4704,214.36,65
227360,4705,185.40,71
227520,4706,181.02,52
227600,4707,158.70,48
227616,4708,212.83,92
227664,4709,211.19,65
227664,4710,156.70,57
227680,4711,199.54,74
227680,4712,173.71,58
227792,4713,206.60,67
227872,4714,185.83,66
228016,4715,213.45,70
228016,4716,114.50,53
228256,4717,195.15,62
228256,4718,193.38,60
228272,4719,170.06,79
228304,4720,179.61,63
228320,4721,177.03,60
228464,4722,161.65,53
228480,4723,189.05,60
228528,4724,164.62,58
228560,4725,157.99,56
228656,4726,163.34,49
228720,4727,166.16,65
228736,4728,195.33,67
228752,4729,151.73,46
228816,4730,220.36,64
228896,4731,164.18,76
229008,4732,220.52,62
229088,4733,158.52,52
229120,4734,135.41,50
229248,4735,187.67,61
229296,4736,225.14,65
229312,4737,160.14,52
229344,4738,223.87,65
229520,4739,177.13,62
229520,4740,168.07,66
229600,4741,179.62,55
229616,4742,218.66,66
229648,4743,182.42,56
229728,4744,183.05,52
229872,4745,226.27,71
229920,4746,214.26,69
229920,4747,184.51,57
229936,4748,240.99,80
230064,4749,156.97,61
230080,4750,168.10,52
230160,4751,151.41,54
230208,4752,218.33,68
230304,4753,196.85,62
230416,4754,203.12,56
230528,4755,157.06,57
230576,4756,213.09,66
230624,4757,209.37,56
230656,4758,187.84,82
230704,4759,204.54,66
230720,4760,209.74,70
230816,4761,190.71,56
230832,4762,182.22,57
230896,4763,189.89,64
230944,4764,171.93,55
230944,4765,210.33,63
231040,4766,161.72,55
231152,4767,184.16,67
231168,4768,125.22,47
231328,4769,205.18,64
231360,4770,232.44,72
231520,4771,200.46,56
231536,4772,200.32,63
231536,4773,200.74,55
231584,4774,180.32,54
231664,4775,198.18,53
231680,4776,202.76,69
231728,4777,208.73,64
231840,4778,217.98,63
231888,4779,157.82,59
232000,4780,169.27,66
232048,4781,183.05,72
232080,4782,195.29,65
232112,4783,175.10,60
232208,4784,221.11,65
232304,4785,178.52,61
232464,4786,188.85,58
232464,4787,190.76,59
232480,4788,150.69,50
232528,4789,155.01,59
232528,4790,222.41,73
232656,4791,121.57,48
232672,4792,215.01,63
232720,4793,214.36,74
232800,4794,191.08,67
232896,4795,201.45,66
233008,4796,165.39,56
233056,4797,193.86,61
233120,4798,218.13,70
233184,4799,152.35,55
233200,4800,161.43,72
233360,4801,219.38,72
233408,4802,190.46,59
233440,4803,209.40,57
233456,4804,194.51,62
233568,4805,136.56,57
233600,4806,210.64,70
233616,4807,156.56,59
233664,4808,217.44,71
233696,4809,162.47,56
233712,4810,192.15,62
233920,4811,173.45,57
233984,4812,155.65,50
234048,4813,207.25,62
234080,4814,215.91,74
234144,4815,212.29,64
234208,4816,212.16,63
234384,4817,205.29,64
234432,4818,149.23,45
234528,4819,211.71,70
234544,4820,187.16,68
234576,4821,233.13,71
234608,4822,203.32,57
234640,4823,180.71,67
234656,4824,182.55,65
234720,4825,198.77,70
234848,4826,211.29,74
234912,4827,216.46,62
234944,4828,178.99,60
234992,4829,152.47,59
235072,4830,196.61,58
235136,4831,199.59,66
235216,4832,194.99,63
235344,4833,188.30,60
235392,4834,182.69,53
235392,4835,168.14,54
235424,4836,165.79,51
235568,4837,187.52,57
235632,4838,212.49,62
235696,4839,197.70,61
235728,4840,229.92,72
235744,4841,228.57,82
235776,4842,215.95,58
235936,4843,197.88,62
235968,4844,200.79,56
236000,4845,181.87,63
236080,4846,161.82,54
236096,4847,213.86,60
236096,4848,211.44,74
236352,4849,156.75,58
236448,4850,222.54,66
236464,4851,203.35,67
236528,4852,189.53,74
236560,4853,118.28,51
236704,4854,205.64,61
236736,4855,208.09,69
236736,4856,214.73,73
236752,4857,186.78,66
236768,4858,161.53,62
236880,4859,185.11,55
236928,4860,220.41,62
237024,4861,216.79,58
237104,4862,193.10,64
237168,4863,150.93,51
237184,4864,198.98,68
237200,4865,221.92,77
237440,4866,151.91,46
237584,4867,199.09,71
237584,4868,201.20,66
237680,4869,226.26,76
237728,4870,186.39,60
237760,4871,214.98,75
237776,4872,178.99,64
237888,4873,180.69,60
237888,4874,168.90,49
237904,4875,204.56,73
237936,4876,234.36,75
237936,4877,184.70,57
237968,4878,189.35,68
238144,4879,198.07,61
238304,4880,177.08,69
238352,4881,229.63,73
238400,4882,136.70,45
238592,4883,192.81,63
238704,4884,69.98,79
238704,4885,166.95,48
238720,4886,208.92,71
238784,4887,209.83,66
238800,4888,215.71,65
238864,4889,208.29,61
238928,4890,217.93,64
238976,4891,201.72,63
238992,4892,232.46,66
239056,4893,240.04,80
239120,4894,153.80,48
239264,4895,198.29,60
239264,4896,223.47,70
239488,4897,153.28,100
239632,4898,219.10,77
239648,4899,195.04,66
239664,4900,216.74,60
239680,4901,144.39,51
239712,4902,195.48,58
239712,4903,233.40,63
239728,4904,214.80,58
239824,4905,195.06,56
239856,4906,223.75,71
240000,4907,195.22,64
240016,4908,209.39,64
240080,4909,150.49,64
240144,4910,196.90,64
240160,4911,163.50,56
240272,4912,178.58,63
240512,4913,186.41,64
240608,4914,172.71,55
240768,4915,215.49,68
240800,4916,204.36,68
240800,4917,222.66,68
240800,4918,200.03,71
240832,4919,220.84,75
240848,4920,208.28,64
240848,4921,211.34,75
240928,4922,183.93,57
240928,4923,164.18,67
241008,4924,206.86,58
241104,4925,210.27,60
241168,4926,218.40,63
241184,4927,230.16,74
241440,4928,225.11,73
241488,4929,221.86,61
241568,4930,154.28,48
241632,4931,164.72,54
241664,4932,160.61,52
241664,4933,218.06,66
241696,4934,179.41,56
241728,4935,154.53,50
241792,4936,213.39,62
241824,4937,179.18,56
241904,4938,204.69,66
241968,4939,213.61,70
242128,4940,206.44,64
242144,4941,187.36,61
242160,4942,214.89,61
242256,4943,221.34,78
242448,4944,217.82,63
242544,4945,219.28,66
242592,4946,201.80,60
242688,4947,173.60,64
242688,4948,195.31,70
242704,4949,210.65,65
242800,4950,131.55,69
242848,4951,211.05,70
242912,4952,202.42,70
242960,4953,211.30,62
242992,4954,253.04,73
243008,4955,202.99,69
243168,4956,217.26,63
243296,4957,214.13,65
243312,4958,222.17,73
243360,4959,238.96,77
243472,4960,163.32,55
243552,4961,227.02,69
243568,4962,160.07,54
243568,4963,201.65,64
243760,4964,212.78,67
243792,4965,206.49,69
243824,4966,204.54,64
243920,4967,175.38,60
243952,4968,206.05,69
244048,4969,216.85,65
244064,4970,158.69,56
244096,4971,220.36,74
244112,4972,220.45,70
244128,4973,164.21,52
244304,4974,206.71,62
244304,4975,160.99,52
244464,4976,215.04,69
244576,4977,221.00,63
244656,4978,212.58,69
244720,4979,133.38,48
244752,4980,233.23,74
244816,4981,187.97,56
244880,4982,215.75,66
244896,4983,206.85,69
244896,4984,170.05,52
244960,4985,212.44,75
244992,4986,188.70,59
245136,4987,181.14,64
245136,4988,205.05,63
245232,4989,183.12,58
245344,4990,220.55,78
245392,4991,170.87,51
245584,4992,192.92,70
245600,4993,173.05,55
245696,4994,213.81,65
245728,4995,212.77,89
245808,4996,200.21,62
245840,4997,186.85,59
245872,4998,186.74,70
245920,4999,187.91,64
245968,5000,196.24,63
246032,5001,204.05,65
246128,5002,222.86,78
246208,5003,153.29,67
246208,5004,229.69,67
246208,5005,177.25,61
246432,5006,223.96,65
246528,5007,179.20,58
246544,5008,219.82,75
246592,5009,194.71,56
246592,5010,193.68,63
246688,5011,206.40,55
246800,5012,188.92,60
246832,5013,172.37,57
246832,5014,218.93,69
246848,5015,170.66,55
246880,5016,191.62,63
247024,5017,179.11,56
247072,5018,153.09,54
247088,5019,222.22,66
247152,5020,187.51,59
247232,5021,176.15,64
247360,5022,140.76,58
247536,5023,209.40,63
247616,5024,187.00,64
247632,5025,215.40,68
247632,5026,198.23,59
247744,5027,196.15,57
247808,5028,218.26,76
247808,5029,205.72,63
247840,5030,205.23,63
247872,5031,220.07,64
247888,5032,233.37,63
248000,5033,122.68,48
248016,5034,194.41,59
248128,5035,221.82,61
248160,5036,220.27,67
248272,5037,187.83,57
248288,5038,217.10,79
248432,5039,189.56,50
248560,5040,190.34,59
248656,5041,225.39,64
248704,5042,215.60,73
248720,5043,182.68,57
248832,5044,152.73,59
248832,5045,197.56,62
248880,5046,202.27,71
248912,5047,183.61,69
249008,5048,208.20,62
249008,5049,216.15,71
249008,5050,211.47,63
249120,5051,218.37,60
249296,5052,207.57,63
249376,5053,216.40,78
249456,5054,174.32,64
249488,5055,135.08,58
249552,5056,146.55,45
249584,5057,223.84,82
249648,5058,197.30,58
249680,5059,200.36,64
249728,5060,184.12,64
249872,5061,213.86,65
249968,5062,218.97,68
249968,5063,207.62,60
249984,5064,224.56,61
249984,5065,186.36,54
250032,5066,197.90,64
250080,5067,123.60,39
250096,5068,216.52,74
250288,5069,161.63,62
250368,5070,139.58,55
250416,5071,204.92,65
250448,5072,200.02,56
250544,5073,161.65,60
250704,5074,175.99,61
250720,5075,193.12,67
250832,5076,147.61,54
250944,5077,196.60,60
250960,5078,173.79,58
251008,5079,160.83,58
251024,5080,200.21,84
251040,5081,206.35,66
251088,5082,138.64,42
251120,5083,214.66,64
251312,5084,189.53,59
251456,5085,161.00,73
251472,5086,160.55,58
251472,5087,188.73,100
251520,5088,144.08,97
251696,5089,206.87,61
251760,5090,258.89,82
251792,5091,209.54,60
251856,5092,188.56,57
251872,5093,209.62,73
251952,5094,192.40,59
252000,5095,184.11,65
252032,5096,213.53,63
252096,5097,190.41,63
252112,5098,230.13,67
252128,5099,227.91,63
252288,5100,154.06,51
252432,5101,132.71,61
252432,5102,173.31,60
252464,5103,214.96,72
252496,5104,168.04,61
252704,5105,204.27,59
252800,5106,201.82,58
252816,5107,193.18,60
252848,5108,207.74,66
252944,5109,220.41,78
253008,5110,192.99,61
253024,5111,157.58,56
253024,5112,184.73,58
253024,5113,201.15,67
253040,5114,195.05,58
253072,5115,121.83,40
253120,5116,156.75,70
253136,5117,157.97,53
253344,5118,187.19,57
253360,5119,186.09,54
253552,5120,209.39,68
253600,5121,174.39,50
253776,5122,193.66,58
253840,5123,207.81,64
253920,5124,180.04,61
253952,5125,194.16,59
253952,5126,168.95,78
254048,5127,212.25,64
254096,5128,199.19,67
254112,5129,180.21,62
254112,5130,216.46,61
254112,5131,204.22,68
254160,5132,213.50,70
254176,5133,160.75,51
254272,5134,190.07,58
254304,5135,199.44,77
254640,5136,180.59,65
254672,5137,186.81,70
254720,5138,182.05,59
254784,5139,167.33,52
254880,5140,137.34,48
254896,5141,193.57,66
254912,5142,177.62,60
254944,5143,207.35,56
254960,5144,223.28,65
255040,5145,213.89,58
255136,5146,210.49,65
255200,5147,210.58,64
255216,5148,143.51,57
255232,5149,215.78,70
255296,5150,200.35,64
255312,5151,219.58,72
255584,5152,117.71,44
255728,5153,187.66,66
255744,5154,199.52,69
255840,5155,229.02,66
255840,5156,235.01,70
255856,5157,191.04,56
255904,5158,192.70,63
255920,5159,106.32,61
256064,5160,139.98,64
256080,5161,196.09,73
256128,5162,176.38,52
256128,5163,184.15,62
256176,5164,211.23,61
256208,5165,154.79,56
256224,5166,200.83,62
256480,5167,107.84,40
256528,5168,241.94,82
256640,5169,179.72,56
256720,5170,205.92,71
256752,5171,212.46,64
256816,5172,203.29,60
256832,5173,160.37,58
257008,5174,230.62,73
257040,5175,152.00,57
257040,5176,179.26,60
257104,5177,178.80,55
257104,5178,200.63,65
257120,5179,160.15,57
257168,5180,223.26,78
257184,5181,206.01,66
257200,5182,203.81,64
257504,5183,168.64,61
257680,5184,248.32,75
257696,5185,225.09,66
257792,5186,206.30,67
257824,5187,162.72,51
257840,5188,207.66,68
257888,5189,186.97,67
257920,5190,162.44,55
257952,5191,170.49,52
257984,5192,213.64,72
258064,5193,199.11,54
258128,5194,159.23,60
258128,5195,200.54,59
258144,5196,200.92,65
258192,5197,218.72,72
258240,5198,187.52,71
258576,5199,224.07,67
258720,5200,176.12,64
258752,5201,207.90,67
258752,5202,208.75,60
258784,5203,165.16,59
258848,5204,225.54,56
258864,5205,178.20,55
258912,5206,214.04,62
258912,5207,179.43,68
258976,5208,206.63,68
259120,5209,220.57,66
259136,5210,191.47,63
259200,5211,198.70,67
259360,5212,210.57,76
259360,5213,202.46,70
259552,5214,232.27,85
259584,5215,133.72,52
259600,5216,199.06,64
259664,5217,205.65,55
259664,5218,215.39,59
259760,5219,220.23,63
259808,5220,172.17,59
259840,5221,188.13,58
259888,5222,183.72,61
259968,5223,164.24,62
260016,5224,191.00,73
260048,5225,191.22,57
260112,5226,165.29,57
260144,5227,218.04,64
260320,5228,204.46,60
260336,5229,203.99,61
260480,5230,176.47,56
260544,5231,169.00,62
260560,5232,196.46,60
260592,5233,191.74,58
260688,5234,222.93,64
260720,5235,159.10,52
260768,5236,186.80,63
260976,5237,167.72,63
261008,5238,225.01,73
261024,5239,224.61,76
261072,5240,198.19,64
261088,5241,156.21,48
261184,5242,200.93,73
261184,5243,220.49,67
261248,5244,162.00,57
261312,5245,177.58,73
261392,5246,181.26,50
261408,5247,172.70,54
261408,5248,222.98,58
261616,5249,163.53,56
261696,5250,194.70,63
261856,5251,211.11,68
261872,5252,204.69,82
261904,5253,174.48,51
261968,5254,193.84,60
262016,5255,235.64,65
262016,5256,169.07,48
262048,5257,174.44,54
262064,5258,161.79,55
262080,5259,214.70,66
262080,5260,189.20,63
262272,5261,228.24,60
262400,5262,205.81,63
262416,5263,223.83,63
262608,5264,213.01,62
262624,5265,160.24,58
262704,5266,244.82,81
262784,5267,193.38,58
262816,5268,193.64,59
262864,5269,159.15,53
262912,5270,202.96,63
262960,5271,200.50,59
263040,5272,201.30,60
263056,5273,211.69,68
263120,5274,211.69,67
263136,5275,195.30,67
263184,5276,194.57,57
263296,5277,199.63,76
263408,5278,220.92,62
263440,5279,214.74,65
263728,5280,211.10,70
263728,5281,181.65,57
263728,5282,193.84,64
263792,5283,153.86,55
263792,5284,212.30,73
263840,5285,214.29,66
263904,5286,217.72,65
263984,5287,100.88,58
264096,5288,205.56,57
264128,5289,185.75,62
264176,5290,174.70,76
264192,5291,201.13,67
264240,5292,220.89,75
264368,5293,200.76,60
264384,5294,207.12,68
264496,5295,199.31,66
264544,5296,156.62,47
264672,5297,216.50,59
264688,5298,228.15,60
264704,5299,197.07,61
264768,5300,220.21,58
264784,5301,217.11,62
264960,5302,219.20,66
264976,5303,155.21,55
264992,5304,187.02,54
265056,5305,232.00,67
265072,5306,140.06,44
265136,5307,209.32,60
265152,5308,197.79,60
265168,5309,187.71,58
265200,5310,113.64,41
265360,5311,218.89,61
265536,5312,220.93,65
265648,5313,150.23,61
265760,5314,163.90,67
265760,5315,213.03,66
265824,5316,208.28,66
265840,5317,194.58,55
265856,5318,218.33,67
266000,5319,210.00,59
266000,5320,166.65,50
266032,5321,171.91,60
266064,5322,213.65,68
266112,5323,162.03,70
266128,5324,226.48,60
266256,5325,188.60,56
266272,5326,212.04,71
266336,5327,210.68,74
266672,5328,223.32,71
266736,5329,237.10,68
266752,5330,204.87,62
266800,5331,210.98,65
266864,5332,143.65,54
266896,5333,219.12,67
266976,5334,209.14,71
266992,5335,235.26,71
267056,5336,210.75,59
267056,5337,206.75,66
267088,5338,214.98,60
267152,5339,229.01,70
267264,5340,204.96,58
267344,5341,233.70,80
267408,5342,193.85,72
267424,5343,187.02,72
267664,5344,163.23,58
267712,5345,180.28,65
267728,5346,190.93,61
267744,5347,198.01,59
267872,5348,152.72,49
267920,5349,224.95,66
268032,5350,170.64,61
268080,5351,194.92,69
268096,5352,209.88,75
268112,5353,220.39,70
268160,5354,222.26,63
268176,5355,202.47,70
268352,5356,181.89,63
268352,5357,236.09,68
268480,5358,240.34,66
268480,5359,211.81,67
268752,5360,176.08,55
268768,5361,174.50,53
268784,5362,216.94,67
268832,5363,176.82,68
268848,5364,214.47,70
268864,5365,222.92,75
269024,5366,202.53,54
269040,5367,220.47,60
269056,5368,174.67,59
269104,5369,199.39,67
269216,5370,230.78,70
269296,5371,178.31,59
269312,5372,214.43,60
269344,5373,213.84,73
269600,5374,160.14,46
269632,5375,222.90,72
269648,5376,212.76,73
269808,5377,223.70,61
269824,5378,204.02,67
269840,5379,223.92,66
270000,5380,217.58,72
270016,5381,223.27,62
270032,5382,232.39,79
270032,5383,215.31,58
270048,5384,201.52,63
270064,5385,194.20,63
270176,5386,194.58,55
270224,5387,187.91,63
270320,5388,211.47,63
270432,5389,228.35,68
270624,5390,186.03,61
270640,5391,240.82,65
270752,5392,212.75,70
270800,5393,201.54,60
270864,5394,199.24,66
270912,5395,207.39,68
271008,5396,216.13,59
271008,5397,204.68,60
271040,5398,212.40,63
271072,5399,175.57,65
271072,5400,188.08,66
271168,5401,211.43,62
271184,5402,189.13,54
271328,5403,250.59,69
271360,5404,218.24,85
271488,5405,191.75,66
271616,5406,186.05,61
271776,5407,206.86,61
271888,5408,239.32,79
271904,5409,167.56,56
271936,5410,203.34,64
271968,5411,219.43,60
271984,5412,214.70,70
272000,5413,242.13,78
272000,5414,218.98,58
272048,5415,216.88,61
272176,5416,177.87,62
272352,5417,194.59,82
272416,5418,113.30,78
272432,5419,175.62,59
272448,5420,224.05,68
272512,5421,244.06,74
272816,5422,218.30,57
272832,5423,231.28,66
272912,5424,211.75,64
272944,5425,209.38,83
272976,5426,190.25,58
272992,5427,202.96,64
273008,5428,176.61,63
273040,5429,231.67,69
273072,5430,212.19,68
273136,5431,162.44,60
273232,5432,192.22,77
273344,5433,186.04,52
273360,5434,220.03,63
273392,5435,187.62,61
273440,5436,213.45,62
273552,5437,225.09,70
273744,5438,144.99,44
273776,5439,191.43,59
273808,5440,209.73,62
273856,5441,207.97,59
273952,5442,222.41,61
273952,5443,190.12,60
273968,5444,206.29,64
274048,5445,205.58,65
274160,5446,167.52,64
274240,5447,237.93,73
274272,5448,196.44,65
274304,5449,186.10,59
274432,5450,187.04,68
274432,5451,181.32,65
274448,5452,166.83,56
274592,5453,238.50,72
274672,5454,195.22,58
274784,5455,166.46,52
274800,5456,205.67,64
274832,5457,226.27,64
274896,5458,204.40,58
274976,5459,243.90,70
275008,5460,217.23,66
275104,5461,219.89,66
275216,5462,215.85,66
275264,5463,211.04,60
275280,5464,217.03,65
275328,5465,156.46,56
275344,5466,212.47,67
275424,5467,202.69,62
275552,5468,231.84,69
275600,5469,202.34,58
275680,5470,230.80,68
275776,5471,220.90,61
275808,5472,215.68,57
275888,5473,188.54,66
275888,5474,224.85,69
275968,5475,219.64,60
276112,5476,201.57,71
276144,5477,199.38,58
276160,5478,188.23,56
276192,5479,227.48,68
276400,5480,211.92,66
276416,5481,205.43,62
276432,5482,209.27,72
276512,5483,204.41,74
276704,5484,211.16,69
276704,5485,200.33,56
276752,5486,206.56,75
276784,5487,219.17,69
276864,5488,214.07,61
276928,5489,182.28,72
276944,5490,186.90,61
276976,5491,216.52,68
277056,5492,179.65,54
277136,5493,226.46,64
277232,5494,237.21,68
277344,5495,213.12,58
277424,5496,206.78,57
277472,5497,207.08,82
277552,5498,158.01,70
277568,5499,257.33,73
277632,5500,214.48,58
277648,5501,187.79,54
277680,5502,229.67,61
277776,5503,218.39,64
277840,5504,201.04,61
277856,5505,171.60,57
277904,5506,185.06,61
278048,5507,216.95,67
278080,5508,176.97,53
278112,5509,196.27,61
278224,5510,218.50,73
278400,5511,198.00,66
278448,5512,201.22,61
278480,5513,228.02,66
278496,5514,186.28,58
278512,5515,177.20,55
278560,5516,197.98,63
278656,5517,224.06,63
278688,5518,188.11,57
278704,5519,180.71,53
278784,5520,182.14,69
278880,5521,210.92,65
278928,5522,243.42,64
279104,5523,200.34,55
279136,5524,220.41,66
279136,5525,200.78,64
279280,5526,223.46,77
279392,5527,194.97,59
279408,5528,202.86,63
279520,5529,212.28,64
279520,5530,215.54,60
279536,5531,207.35,64
279568,5532,219.55,68
279616,5533,211.09,58
279728,5534,209.91,64
279728,5535,186.59,59
279808,5536,144.60,58
279840,5537,198.76,74
279888,5538,209.61,60
280000,5539,215.76,56
280192,5540,155.38,57
280256,5541,205.84,70
280320,5542,220.60,74
280400,5543,150.31,63
280432,5544,193.03,64
280480,5545,197.10,60
280528,5546,197.90,63
280576,5547,216.31,63
280688,5548,202.62,72
280704,5549,224.87,68
280752,5550,194.18,64
280752,5551,193.93,54
280800,5552,183.26,67
280864,5553,204.31,64
280912,5554,209.33,69
280992,5555,225.55,62
281232,5556,166.84,57
281232,5557,172.63,65
281328,5558,225.50,67
281328,5559,164.30,58
281408,5560,174.11,61
281568,5561,209.12,65
281584,5562,226.91,69
281600,5563,188.94,56
281664,5564,209.28,61
281696,5565,229.54,59
281760,5566,197.25,74
281824,5567,190.50,67
281856,5568,146.58,62
281904,5569,233.49,69
281968,5570,208.50,66
282064,5571,231.21,67
282160,5572,200.79,58
282240,5573,197.11,57
282288,5574,207.96,66
282448,5575,192.78,53
282464,5576,214.88,66
282576,5577,167.98,55
282608,5578,179.75,64
282608,5579,208.21,59
282656,5580,212.50,68
282672,5581,166.24,57
282704,5582,214.24,86
282880,5583,199.02,64
282880,5584,188.40,66
283024,5585,217.85,70
283056,5586,208.85,68
283120,5587,218.90,66
283152,5588,206.81,62
283216,5589,218.59,61
283344,5590,196.70,56
283424,5591,212.02,71
283488,5592,167.49,51
283520,5593,195.12,66
283552,5594,206.47,56
283552,5595,190.46,59
283584,5596,224.06,63
283600,5597,224.90,62
283648,5598,166.58,59
283792,5599,184.40,57
284064,5600,197.53,65
284096,5601,222.50,65
284096,5602,220.15,76
284192,5603,206.08,65
284240,5604,208.64,70
284272,5605,215.22,66
284496,5606,208.58,72
284512,5607,212.43,62
284528,5608,196.90,59
284560,5609,215.71,63
284576,5610,192.71,68
284592,5611,201.68,62
284624,5612,199.65,67
284640,5613,218.96,76
284848,5614,201.29,66
284848,5615,212.81,75
284880,5616,155.99,49
285072,5617,220.54,63
285104,5618,182.93,57
285104,5619,218.69,63
285296,5620,192.51,66
285312,5621,96.05,51
285424,5622,178.11,53
285488,5623,243.91,76
285584,5624,212.27,67
285616,5625,205.78,62
285632,5626,208.92,69
285648,5627,206.51,66
285664,5628,184.73,64
285664,5629,221.91,69
285872,5630,192.28,62
285936,5631,212.90,68
285952,5632,196.70,69
286048,5633,164.09,59
286112,5634,180.75,63
286176,5635,174.46,55
286240,5636,191.56,73
286384,5637,190.73,67
286400,5638,211.26,61
286512,5639,166.57,53
286528,5640,189.87,65
286528,5641,159.49,55
286560,5642,175.45,61
286624,5643,178.91,63
286624,5644,213.19,62
286672,5645,192.15,63
286816,5646,204.68,59
286848,5647,161.05,50
286976,5648,211.66,65
287168,5649,210.07,76
287216,5650,202.77,65
287280,5651,225.61,65
287328,5652,206.14,59
287376,5653,206.90,61
287424,5654,246.27,82
287456,5655,152.31,52
287488,5656,163.30,58
287520,5657,199.80,62
287520,5658,200.43,62
287584,5659,199.11,67
287600,5660,165.68,58
287712,5661,225.63,68
287744,5662,181.70,58
287840,5663,194.38,62
288016,5664,172.41,65
288192,5665,182.60,57
288240,5666,227.48,67
288256,5667,171.02,65
288352,5668,214.06,64
288432,5669,189.65,63
288432,5670,192.31,61
288544,5671,202.52,59
288576,5672,209.83,62
288576,5673,193.37,66
288624,5674,220.75,69
288688,5675,202.69,59
288688,5676,229.22,75
288720,5677,207.28,84
288752,5678,182.47,65
288880,5679,217.58,65
289136,5680,211.92,70
289216,5681,191.86,64
289280,5682,213.35,64
289296,5683,193.25,66
289376,5684,171.30,59
289392,5685,211.93,60
289408,5686,213.50,66
289456,5687,185.36,55
289584,5688,216.27,65
289600,5689,217.10,64
289664,5690,191.90,65
289680,5691,225.01,62
289728,5692,204.57,65
289744,5693,202.18,62
289792,5694,226.05,67
289920,5695,223.86,65
290160,5696,202.99,64
290288,5697,184.34,62
290320,5698,242.99,69
290432,5699,198.51,64
290432,5700,223.38,66
290464,5701,184.76,74
290512,5702,190.79,58
290544,5703,169.55,54
290576,5704,213.63,61
290576,5705,233.23,70
290608,5706,219.94,76
290688,5707,191.85,59
290720,5708,206.46,62
290848,5709,209.96,74
290864,5710,216.67,59
291056,5711,244.05,79
291184,5712,143.39,56
291216,5713,201.72,66
291216,5714,168.05,49
291392,5715,201.59,67
291456,5716,210.26,62
291504,5717,216.19,60
291584,5718,179.14,67
291584,5719,229.19,72
291600,5720,204.42,64
291616,5721,199.20,58
291648,5722,219.45,65
291728,5723,193.47,63
291728,5724,179.19,72
291824,5725,214.36,60
291920,5726,190.28,67
292128,5727,173.45,59
292176,5728,232.14,70
292224,5729,170.72,63
292240,5730,193.17,64
292368,5731,170.58,61
292448,5732,200.76,62
292512,5733,205.08,63
292560,5734,203.70,61
292560,5735,209.69,57
292576,5736,209.10,62
292608,5737,219.20,63
292624,5738,194.81,63
292832,5739,214.97,63
292848,5740,197.49,70
292848,5741,219.78,70
292976,5742,203.56,66
293088,5743,193.35,60
293152,5744,225.96,61
293248,5745,210.33,64
293296,5746,201.28,66
293504,5747,192.50,59
293520,5748,194.87,72
293552,5749,227.74,69
293584,5750,154.85,63
293584,5751,190.02,67
293664,5752,222.03,65
293680,5753,216.19,70
293696,5754,187.80,53
293712,5755,210.84,69
293808,5756,207.38,61
293920,5757,211.08,67
293984,5758,206.03,63
294096,5759,195.19,63
294240,5760,170.10,59
294336,5761,232.65,74
294368,5762,201.10,70
294464,5763,215.71,60
294496,5764,189.16,57
294512,5765,201.49,60
294592,5766,158.71,57
294608,5767,198.00,59
294624,5768,171.87,69
294656,5769,205.35,67
294720,5770,206.42,64
294752,5771,202.14,65
294816,5772,195.18,56
294832,5773,183.84,64
294880,5774,215.28,56
295136,5775,188.62,65
295296,5776,159.50,58
295344,5777,231.48,69
295408,5778,164.58,56
295408,5779,228.92,67
295424,5780,145.77,58
295520,5781,186.64,66
295616,5782,196.77,54
295616,5783,217.48,62
295696,5784,197.10,68
295728,5785,214.41,57
295792,5786,188.97,75
295824,5787,233.31,69
295840,5788,229.46,74
295936,5789,191.71,66
296000,5790,245.08,73
296144,5791,209.83,63
296224,5792,159.57,51
296256,5793,230.95,60
296336,5794,214.59,58
296368,5795,193.34,64
296432,5796,213.54,57
296448,5797,199.73,64
296688,5798,212.08,67
296688,5799,209.23,67
296704,5800,213.38,63
296864,5801,205.78,67
296896,5802,225.60,66
296896,5803,213.00,67
296912,5804,241.43,74
296960,5805,221.71,64
296960,5806,205.17,60
297088,5807,191.26,59
297120,5808,185.71,56
297328,5809,196.22,56
297392,5810,212.91,71
297392,5811,202.14,66
297408,5812,224.89,65
297504,5813,250.64,66
297696,5814,211.77,63
297792,5815,213.19,68
297808,5816,203.92,56
297824,5817,201.48,71
297872,5818,196.81,63
297936,5819,164.91,61
297952,5820,213.79,66
297952,5821,237.47,66
297968,5822,189.07,53
297984,5823,216.83,64
298176,5824,155.30,49
298288,5825,218.15,75
298352,5826,220.16,60
298368,5827,216.99,60
298416,5828,224.24,68
298448,5829,189.18,59
298704,5830,211.66,63
298720,5831,208.88,58
298816,5832,213.68,62
298848,5833,234.59,65
298944,5834,201.65,62
298944,5835,215.13,67
298976,5836,217.72,64
299056,5837,191.59,68
299072,5838,231.20,68
299120,5839,214.10,59
299120,5840,224.09,74
299280,5841,207.25,62
299360,5842,193.29,59
299360,5843,212.16,63
299408,5844,199.40,65
299488,5845,232.49,65
299632,5846,199.27,58
299728,5847,209.71,63
299744,5848,177.31,58
299856,5849,217.88,63
299936,5850,232.50,62
300032,5851,234.08,66
300032,5852,221.46,68
300032,5853,191.60,61
300064,5854,199.82,62
300160,5855,208.81,65
300176,5856,213.44,66
300256,5857,199.39,61
300368,5858,212.70,63
300432,5859,233.08,64
300448,5860,217.43,68
300528,5861,210.52,65
300704,5862,212.36,61
300736,5863,186.83,62
300800,5864,194.25,59
300816,5865,258.80,74
300848,5866,202.93,57
300976,5867,202.06,59
301040,5868,209.83,63
301072,5869,209.42,63
301072,5870,180.45,57
301136,5871,217.32,69
301184,5872,207.19,63
301360,5873,200.62,69
301360,5874,190.45,62
301456,5875,203.03,64
301600,5876,170.20,49
301616,5877,233.35,73
301632,5878,235.39,69
301648,5879,130.38,59
301824,5880,225.91,64
301952,5881,230.03,76
301952,5882,235.18,61
301952,5883,198.33,69
302000,5884,193.64,58
302016,5885,183.16,52
302064,5886,210.65,62
302112,5887,220.96,67
302144,5888,216.97,63
302288,5889,178.16,58
302416,5890,220.83,66
302576,5891,228.50,70
302608,5892,209.04,62
302640,5893,228.50,65
302672,5894,214.49,65
302736,5895,215.43,68
302864,5896,162.04,47
302912,5897,191.15,60
302992,5898,259.45,73
303056,5899,186.16,69
303072,5900,209.53,66
303152,5901,182.61,72
303152,5902,223.70,75
303216,5903,240.26,72
303264,5904,212.17,61
303424,5905,227.93,80
303456,5906,193.15,65
303488,5907,170.36,57
303616,5908,196.66,63
303696,5909,208.01,60
303696,5910,213.14,66
303760,5911,226.92,68
303808,5912,206.26,59
303952,5913,220.95,65
304016,5914,204.60,64
304016,5915,173.08,60
304064,5916,205.18,57
304160,5917,222.41,59
304192,5918,212.30,70
304208,5919,197.34,66
304224,5920,181.46,60
304320,5921,207.71,56
304448,5922,186.70,62
304496,5923,214.20,63
304608,5924,190.10,53
304624,5925,212.28,63
304768,5926,213.72,67
304784,5927,222.19,68
304848,5928,194.51,65
304960,5929,197.72,59
304960,5930,174.45,63
305072,5931,209.05,63
305088,5932,247.63,67
305152,5933,204.63,62
305184,5934,207.02,62
305200,5935,210.09,61
305344,5936,223.96,71
305408,5937,228.47,68
305424,5938,217.33,61
305472,5939,176.64,61
305488,5940,201.88,55
305600,5941,201.86,61
305792,5942,201.64,64
305824,5943,209.52,65
305856,5944,213.73,63
305904,5945,194.42,59
306048,5946,212.84,56
306064,5947,217.00,69
306112,5948,217.26,64
306160,5949,219.02,68
306208,5950,210.02,64
306288,5951,202.17,68
306304,5952,203.76,55
306368,5953,197.98,60
306416,5954,224.07,67
306416,5955,207.08,58
306416,5956,221.28,59
306576,5957,211.94,61
306768,5958,206.93,61
306816,5959,198.03,62
306832,5960,194.03,61
307040,5961,172.05,71
307104,5962,219.68,66
307136,5963,209.52,61
307136,5964,203.39,67
307136,5965,220.59,64
307152,5966,197.90,59
307312,5967,189.75,56
307328,5968,217.64,65
307360,5969,207.62,62
307408,5970,198.08,62
307424,5971,202.01,70
307536,5972,203.79,70
307680,5973,240.76,69
307840,5974,215.19,64
307872,5975,202.82,69
308000,5976,190.75,60
308080,5977,219.90,78
308112,5978,203.18,61
308176,5979,202.10,65
308192,5980,222.50,66
308224,5981,164.75,70
308224,5982,174.27,57
308256,5983,217.14,69
308336,5984,202.18,57
308384,5985,223.51,66
308416,5986,227.06,66
308464,5987,192.25,58
308544,5988,215.99,71
308736,5989,203.41,66
308832,5990,197.50,62
308880,5991,209.04,63
309024,5992,135.91,50
309120,5993,187.77,65
309152,5994,226.29,58
309168,5995,229.24,62
309168,5996,244.24,73
309216,5997,210.36,69
309264,5998,211.10,67
309312,5999,204.96,66
309360,6000,213.15,64
309376,6001,194.06,60
309392,6002,190.56,58
309456,6003,220.00,67
309568,6004,216.72,64
309744,6005,242.26,63
309888,6006,243.99,66
309984,6007,174.40,51
310016,6008,230.13,71
310032,6009,234.52,63
310128,6010,198.15,51
310128,6011,224.24,63
310224,6012,218.68,67
310272,6013,202.39,66
310320,6014,244.07,72
310336,6015,209.29,67
310352,6016,193.79,62
310384,6017,221.41,62
310400,6018,215.32,64
310560,6019,231.29,69
310640,6020,216.68,67
310864,6021,242.85,70
310880,6022,221.13,62
311008,6023,202.09,64
311024,6024,203.48,56
311040,6025,222.06,63
311168,6026,224.92,72
311216,6027,145.25,52
311264,6028,232.37,62
311264,6029,233.94,65
311296,6030,213.98,73
311344,6031,178.25,64
311424,6032,214.57,67
311424,6033,212.80,68
311520,6034,191.63,70
311552,6035,232.01,62
311728,6036,248.22,68
311824,6037,204.83,59
311888,6038,230.61,64
312032,6039,188.62,62
312048,6040,228.43,64
312064,6041,203.73,66
312160,6042,195.04,56
312256,6043,212.91,65
312272,6044,204.28,61
312272,6045,225.26,69
312384,6046,216.56,65
312416,6047,230.83,62
312416,6048,213.49,56
312512,6049,211.10,68
312560,6050,229.94,81
312624,6051,195.87,56
312656,6052,232.24,69
312864,6053,218.31,65
312912,6054,206.27,64
312928,6055,184.15,54
313008,6056,180.10,60
313040,6057,183.84,55
313168,6058,224.51,71
313264,6059,210.49,62
313312,6060,225.68,66
313328,6061,194.16,57
313456,6062,226.26,74
313472,6063,174.79,60
313520,6064,225.53,69
313616,6065,223.99,62
313632,6066,241.97,78
313632,6067,215.37,67
313680,6068,230.42,64
313840,6069,210.47,58
313952,6070,219.25,68
314016,6071,213.96,63
314016,6072,201.75,68
314048,6073,223.21,63
314272,6074,233.67,69
314304,6075,222.63,65
314320,6076,207.09,63
314336,6077,217.40,63
314400,6078,205.17,59
314464,6079,201.39,59
314512,6080,215.44,65
314672,6081,232.84,65
314688,6082,234.86,67
314704,6083,212.05,67
314768,6084,232.38,68
314800,6085,207.90,60
314816,6086,158.05,50
314880,6087,213.95,58
314944,6088,197.26,56
315008,6089,206.43,62
315200,6090,170.81,58
315296,6091,228.39,61
315296,6092,176.05,60
315392,6093,207.88,68
315472,6094,206.63,60
315488,6095,200.57,64
315552,6096,224.93,72
315648,6097,228.13,60
315728,6098,213.98,64
315776,6099,230.90,63
315808,6100,181.00,71
315904,6101,217.77,64
315920,6102,206.97,70
315936,6103,224.25,62
316032,6104,227.59,64
316080,6105,224.47,79
316096,6106,162.59,56
316272,6107,194.56,61
316384,6108,210.93,62
316400,6109,216.09,58
316432,6110,185.26,59
316448,6111,213.10,72
316496,6112,168.27,59
316592,6113,214.97,59
316672,6114,201.24,59
316768,6115,183.88,60
316768,6116,156.61,52
316832,6117,210.89,66
316848,6118,134.87,47
316864,6119,210.06,59
316912,6120,215.63,63
316944,6121,167.04,54
316976,6122,201.58,59
317248,6123,187.57,54
317280,6124,207.09,63
317392,6125,215.48,62
317536,6126,207.40,69
317552,6127,218.02,69
317600,6128,239.62,69
317664,6129,233.73,67
317712,6130,218.40,65
317808,6131,211.49,65
317840,6132,203.15,63
317856,6133,224.07,68
317856,6134,183.03,59
317888,6135,241.55,65
317968,6136,200.57,62
317984,6137,232.97,70
318096,6138,232.79,72
318288,6139,226.16,65
318304,6140,202.73,64
318432,6141,223.78,65
318560,6142,201.01,64
318576,6143,208.78,61
318592,6144,185.51,65
318624,6145,212.99,60
318656,6146,166.73,53
318800,6147,197.36,57
318848,6148,169.44,63
318864,6149,221.45,63
318864,6150,216.49,72
318896,6151,195.16,65
318976,6152,208.33,62
319024,6153,222.69,66
319120,6154,192.80,64
319264,6155,167.25,60
319280,6156,205.27,62
319376,6157,203.82,59
319488,6158,217.36,57
319568,6159,202.24,59
319664,6160,192.76,54
319680,6161,206.15,68
319696,6162,211.88,65
319728,6163,211.26,73
319792,6164,210.61,58
319872,6165,195.08,56
319888,6166,211.05,64
319904,6167,197.18,63
320016,6168,225.54,73
320048,6169,209.40,64
320192,6170,186.86,57
320224,6171,226.14,69
320256,6172,202.21,62
320464,6173,222.09,68
320464,6174,197.65,56
320544,6175,146.53,54
320640,6176,204.76,59
320720,6177,176.91,62
320752,6178,188.71,55
320752,6179,209.63,68
320800,6180,169.57,56
320816,6181,203.99,83
320816,6182,215.04,64
320928,6183,206.80,65
321072,6184,227.30,66
321120,6185,227.75,67
321184,6186,211.64,62
321280,6187,212.89,66
321344,6188,205.88,68
321392,6189,214.32,58
321408,6190,186.89,59
321520,6191,221.69,61
321632,6192,227.43,62
321728,6193,206.82,63
321744,6194,211.74,62
321776,6195,219.21,61
321808,6196,179.73,62
321808,6197,191.27,55
321856,6198,251.42,69
321888,6199,212.45,67
322112,6200,203.01,58
322176,6201,199.43,69
322192,6202,215.27,67
322224,6203,219.26,59
322352,6204,186.11,59
322352,6205,208.81,60
322384,6206,201.86,65
322496,6207,199.49,54
322560,6208,224.73,65
322720,6209,216.45,62
322784,6210,222.29,61
322816,6211,208.92,65
322816,6212,231.54,67
322848,6213,224.72,65
322896,6214,220.32,63
322912,6215,201.42,66
323200,6216,211.83,68
323200,6217,203.88,64
323232,6218,211.85,65
323296,6219,203.59,59
323312,6220,213.87,68
323456,6221,193.59,67
323472,6222,237.03,70
323488,6223,199.07,62
323584,6224,194.90,54
323712,6225,196.19,58
323760,6226,198.06,57
323808,6227,223.36,62
323824,6228,216.37,79
323856,6229,212.23,65
323920,6230,208.10,64
324016,6231,213.21,69
324064,6232,190.31,52
324160,6233,225.90,60
324208,6234,186.64,63
324240,6235,215.64,58
324288,6236,232.70,62
324448,6237,190.72,62
324448,6238,202.08,61
324560,6239,189.58,61
324576,6240,206.70,68
324704,6241,188.83,55
324768,6242,205.85,63
324832,6243,227.02,70
324880,6244,208.57,67
324880,6245,183.87,60
324912,6246,222.81,66
325072,6247,211.90,66
325104,6248,200.33,59
325296,6249,217.16,66
325312,6250,229.45,69
325344,6251,230.41,80
325392,6252,217.37,69
325408,6253,193.62,60
325488,6254,235.71,65
325648,6255,219.36,68
325728,6256,237.95,64
325776,6257,213.32,63
325776,6258,202.13,56
325776,6259,234.86,75
325856,6260,202.43,61
326000,6261,238.66,73
326000,6262,192.50,56
326048,6263,212.31,71
326240,6264,230.36,73
326272,6265,186.37,58
326336,6266,145.57,59
326384,6267,219.05,68
326400,6268,190.49,62
326448,6269,200.62,71
326560,6270,164.18,57
326576,6271,172.01,50
326640,6272,212.59,72
326736,6273,188.31,60
326752,6274,193.88,61
326784,6275,173.86,49
326848,6276,189.61,70
326992,6277,219.82,62
327088,6278,232.55,65
327184,6279,202.58,57
327280,6280,222.76,65
327360,6281,205.80,61
327408,6282,171.10,63
327424,6283,229.78,68
327488,6284,188.13,65
327584,6285,215.33,108
327600,6286,216.21,65
327600,6287,191.08,64
327648,6288,197.85,63
327680,6289,204.70,59
327760,6290,207.58,63
327776,6291,206.20,58
327888,6292,242.56,69
328032,6293,208.95,65
328144,6294,208.01,66
328224,6295,162.63,54
328256,6296,219.80,67
328304,6297,193.31,55
328336,6298,239.08,66
328448,6299,189.01,65
328528,6300,214.74,59
328528,6301,170.58,53
328528,6302,177.72,58
328544,6303,204.22,66
328608,6304,229.49,60
328656,6305,225.14,66
328704,6306,207.74,59
328752,6307,223.77,61
328992,6308,183.13,60
328992,6309,224.83,69
329184,6310,256.97,65
329184,6311,157.04,58
329280,6312,205.35,66
329360,6313,217.08,64
329424,6314,235.05,70
329424,6315,219.56,61
329456,6316,203.18,58
329520,6317,223.94,61
329536,6318,214.67,63
329552,6319,208.06,64
329680,6320,226.91,67
329728,6321,211.03,64
329760,6322,229.89,69
329760,6323,187.88,63
329936,6324,217.34,59
330144,6325,195.45,60
330208,6326,257.98,76
330224,6327,211.47,65
330224,6328,202.77,59
330320,6329,154.43,49
330336,6330,207.98,57
330336,6331,219.76,61
330432,6332,210.79,63
330480,6333,213.08,60
330544,6334,220.14,68
330544,6335,243.30,62
330608,6336,181.82,58
330784,6337,237.22,66
330864,6338,210.83,69
330880,6339,238.59,70
331040,6340,219.12,69
331088,6341,218.73,59
331184,6342,201.09,60
331216,6343,226.13,63
331248,6344,213.12,64
331264,6345,201.04,58
331376,6346,218.96,66
331456,6347,209.49,70
331488,6348,229.27,66
331616,6349,166.79,71
331648,6350,207.96,69
331664,6351,221.95,66
331680,6352,233.05,71
331856,6353,220.45,61
331856,6354,230.97,67
331904,6355,211.34,65
331984,6356,203.42,59
332064,6357,217.92,61
332096,6358,171.92,53
332128,6359,198.55,57
332208,6360,220.10,64
332304,6361,206.58,58
332352,6362,218.24,68
332464,6363,209.18,63
332576,6364,226.83,58
332608,6365,217.18,62
332640,6366,200.10,61
332672,6367,225.39,62
332704,6368,251.67,76
332768,6369,201.99,57
332896,6370,213.53,65
332928,6371,191.10,59
333040,6372,229.05,71
333104,6373,182.55,63
333120,6374,199.64,62
333120,6375,182.78,57
333168,6376,229.21,69
333360,6377,194.58,63
333456,6378,228.65,72
333504,6379,166.21,58
333536,6380,228.23,67
333536,6381,195.46,58
333600,6382,192.48,56
333712,6383,221.65,67
333760,6384,203.72,68
333856,6385,137.74,46
333872,6386,217.12,69
333888,6387,213.06,60
333984,6388,217.23,68
334000,6389,194.02,60
334112,6390,208.26,62
334208,6391,216.45,69
334224,6392,216.45,66
334272,6393,195.56,57
334432,6394,200.98,61
334432,6395,209.52,58
334480,6396,177.44,59
334528,6397,190.68,62
334608,6398,201.72,63
334656,6399,202.08,56
334704,6400,211.72,62
334896,6401,216.79,63
334928,6402,218.78,66
334944,6403,253.72,68
334976,6404,221.40,62
334976,6405,217.88,61
335136,6406,227.93,64
335184,6407,209.70,60
335264,6408,212.08,66
335264,6409,225.92,62
335424,6410,226.84,62
335520,6411,198.81,57
335536,6412,197.06,69
335536,6413,224.99,66
335616,6414,208.63,68
335712,6415,216.51,63
335808,6416,167.76,55
335856,6417,237.69,75
335888,6418,210.14,62
335888,6419,224.98,57
335952,6420,222.51,63
336064,6421,222.31,68
336144,6422,236.21,63
336240,6423,210.65,61
336288,6424,217.31,64
336336,6425,193.70,57
336336,6426,233.28,72
336448,6427,205.13,57
336464,6428,216.81,59
336560,6429,200.25,59
336624,6430,200.67,68
336768,6431,231.28,66
336800,6432,238.19,59
336832,6433,207.39,55
336864,6434,185.99,61
336896,6435,215.51,68
336928,6436,190.71,65
337024,6437,169.97,60
337104,6438,193.30,60
337184,6439,209.59,59
337280,6440,218.07,62
337296,6441,224.73,60
337376,6442,241.22,65
337488,6443,194.62,65
337504,6444,210.14,55
337536,6445,222.23,61
337536,6446,208.32,67
337744,6447,213.87,57
337808,6448,177.57,55
337824,6449,210.19,66
337872,6450,235.15,61
337872,6451,206.88,63
337888,6452,212.96,68
338016,6453,214.40,62
338080,6454,189.99,56
338224,6455,211.36,59
338288,6456,246.35,74
338320,6457,225.89,59
338320,6458,213.02,64
338368,6459,166.25,55
338384,6460,197.12,55
338464,6461,185.32,58
338528,6462,215.65,62
338656,6463,205.83,57
338752,6464,158.75,54
338768,6465,216.40,60
338816,6466,204.76,59
338944,6467,181.82,58
338992,6468,191.82,57
339040,6469,213.78,73
339104,6470,159.15,49
339120,6471,231.12,81
339264,6472,214.57,61
339312,6473,207.94,59
339312,6474,216.56,68
339328,6475,221.26,63
339392,6476,214.47,58
339408,6477,189.19,64
339552,6478,212.35,64
339696,6479,176.14,59
339808,6480,228.41,65
339824,6481,241.10,73
339824,6482,224.76,63
339984,6483,235.05,65
340032,6484,195.01,57
340064,6485,211.03,67
340064,6486,204.62,64
340224,6487,182.51,60
340256,6488,231.53,72
340336,6489,167.02,63
340368,6490,197.00,60
340368,6491,192.91,61
340400,6492,216.61,68
340448,6493,221.33,71
340496,6494,182.91,59
340672,6495,219.75,61
340816,6496,211.33,62
340880,6497,227.63,67
340896,6498,197.73,57
340992,6499,204.78,58
340992,6500,219.27,73
341072,6501,214.55,63
341088,6502,196.01,66
341184,6503,197.27,60
341280,6504,250.76,64
341296,6505,227.43,60
341344,6506,206.67,59
341488,6507,165.11,62
341504,6508,226.32,71
341520,6509,184.30,67
341520,6510,216.31,72
341632,6511,161.03,60
341888,6512,209.78,63
341968,6513,235.55,67
341984,6514,237.15,62
342016,6515,202.71,75
342048,6516,214.42,66
342064,6517,206.71,62
342176,6518,241.97,68
342208,6519,243.23,64
342224,6520,205.70,58
342272,6521,202.86,62
342400,6522,211.58,57
342416,6523,209.77,67
342464,6524,223.91,59
342512,6525,192.24,55
342528,6526,220.98,63
342528,6527,221.19,64
342800,6528,198.95,57
342928,6529,209.59,57
342928,6530,204.35,60
342960,6531,219.49,61
342992,6532,186.46,59
343088,6533,172.79,55
343136,6534,179.60,60
343168,6535,241.29,69
343200,6536,191.34,61
343280,6537,209.52,63
343328,6538,208.65,58
343392,6539,232.18,61
343584,6540,226.08,66
343600,6541,215.78,68
343600,6542,231.43,71
343600,6543,247.19,67
343808,6544,213.18,63
343856,6545,183.68,58
343952,6546,217.19,60
344000,6547,206.31,67
344016,6548,232.75,66
344096,6549,209.69,63
344112,6550,217.08,61
344160,6551,201.20,60
344208,6552,217.46,58
344384,6553,233.13,66
344480,6554,239.24,68
344496,6555,222.64,83
344576,6556,183.86,61
344640,6557,219.15,65
344672,6558,237.91,67
344688,6559,230.52,69
344880,6560,214.90,67
344944,6561,231.26,68
345040,6562,187.80,68
345072,6563,206.04,60
345072,6564,208.47,67
345104,6565,214.57,59
345120,6566,210.95,64
345136,6567,239.29,70
345360,6568,230.03,72
345472,6569,237.55,68
345488,6570,221.59,63
345504,6571,227.21,63
345536,6572,149.68,54
345568,6573,192.91,55
345664,6574,219.06,64
345744,6575,227.66,73
345904,6576,223.06,60
345936,6577,233.14,66
346000,6578,196.28,55
346032,6579,182.31,56
346032,6580,166.37,62
346080,6581,215.42,61
346112,6582,228.42,65
346304,6583,222.18,77
346304,6584,163.00,52
346336,6585,193.20,61
346432,6586,205.91,59
346560,6587,245.43,66
346640,6588,235.53,69
346640,6589,203.69,67
346704,6590,227.24,65
346848,6591,207.16,69
346928,6592,228.78,64
346928,6593,183.67,53
346944,6594,212.91,63
347024,6595,215.45,64
347088,6596,198.06,61
347088,6597,215.47,66
347088,6598,210.13,66
347184,6599,190.42,53
347296,6600,219.91,62
347312,6601,210.44,63
347504,6602,209.75,67
347568,6603,207.88,63
347664,6604,202.36,64
347664,6605,166.79,64
347744,6606,194.08,65
347888,6607,191.50,65
347952,6608,186.78,64
347968,6609,197.51,65
347968,6610,210.73,55
348032,6611,218.44,68
348096,6612,211.32,67
348176,6613,239.17,68
348224,6614,218.38,65
348256,6615,234.41,73
348288,6616,202.05,62
348336,6617,210.31,64
348544,6618,231.74,65
348704,6619,247.19,71
348720,6620,229.02,66
348784,6621,214.31,65
348912,6622,207.50,64
348928,6623,247.52,79
348976,6624,225.35,63
348992,6625,203.24,60
349008,6626,209.76,66
349008,6627,168.38,52
349008,6628,225.74,65
349072,6629,208.24,61
349200,6630,195.05,57
349232,6631,205.64,63
349296,6632,190.01,65
349344,6633,212.21,63
349472,6634,200.91,58
349648,6635,173.39,54
349696,6636,211.33,61
349776,6637,207.43,67
349936,6638,193.18,64
349968,6639,222.01,65
350000,6640,231.48,64
350064,6641,218.78,66
350128,6642,213.22,66
350128,6643,219.14,71
350160,6644,200.98,72
350192,6645,175.05,56
350240,6646,195.04,63
350272,6647,205.74,58
350304,6648,201.09,69
350304,6649,234.69,81
350576,6650,189.66,69
350640,6651,219.23,59
350704,6652,208.58,66
350816,6653,147.60,53
350896,6654,223.33,70
350944,6655,150.99,51
350976,6656,243.86,65
351136,6657,220.94,71
351136,6658,173.47,56
351136,6659,237.81,63
351168,6660,204.71,63
351184,6661,201.31,55
351232,6662,203.04,73
351248,6663,227.56,61
351328,6664,225.17,64
351392,6665,223.75,75
351680,6666,193.82,61
351712,6667,220.76,67
351712,6668,235.71,71
351888,6669,211.15,67
351904,6670,209.14,60
351936,6671,213.84,65
352048,6672,230.76,67
352064,6673,112.49,52
352112,6674,208.21,59
352112,6675,195.33,58
352128,6676,186.04,62
352160,6677,247.72,64
352192,6678,192.70,66
352240,6679,226.87,62
352384,6680,220.11,66
352496,6681,231.07,69
352576,6682,196.50,54
352640,6683,177.18,60
352752,6684,191.41,54
352800,6685,224.32,68
352880,6686,205.44,59
352928,6687,232.42,64
352960,6688,199.63,57
353088,6689,217.74,64
353136,6690,174.64,64
353136,6691,214.32,63
353168,6692,217.90,66
353264,6693,238.90,69
353344,6694,222.92,60
353344,6695,220.69,72
353344,6696,235.15,69
353536,6697,244.29,65
353616,6698,206.29,61
353696,6699,223.42,70
353744,6700,192.86,59
353808,6701,201.35,66
353856,6702,198.40,58
354016,6703,178.43,71
354032,6704,201.63,67
354048,6705,199.17,60
354080,6706,212.85,59
354096,6707,191.53,60
354176,6708,144.73,63
354320,6709,208.64,61
354400,6710,230.91,66
354416,6711,219.94,67
354496,6712,246.72,77
354528,6713,198.67,57
354560,6714,220.27,64
354608,6715,206.28,57
354768,6716,201.75,60
354784,6717,201.97,65
354912,6718,195.63,66
354944,6719,188.78,58
355040,6720,203.85,59
355072,6721,210.94,65
355120,6722,196.81,67
355120,6723,192.60,59
355184,6724,218.74,69
355200,6725,182.93,55
355440,6726,217.62,65
355552,6727,215.47,71
355584,6728,195.83,68
355632,6729,174.62,54
355664,6730,208.13,69
355696,6731,207.04,68
355760,6732,220.55,77
355888,6733,189.19,59
355904,6734,202.00,62
356016,6735,190.48,59
356016,6736,249.12,77
356016,6737,204.73,61
356064,6738,203.27,59
356160,6739,192.70,60
356176,6740,207.82,66
356240,6741,243.14,66
356400,6742,203.32,60
356544,6743,196.18,62
356640,6744,228.49,66
356656,6745,218.14,64
356688,6746,176.57,64
356752,6747,238.51,66
356784,6748,217.96,64
356832,6749,205.23,58
356848,6750,197.11,52
356928,6751,180.22,57
356944,6752,233.71,66
357056,6753,173.67,56
357104,6754,253.56,68
357104,6755,219.36,65
357280,6756,218.11,69
357296,6757,170.24,66
357472,6758,177.10,67
357552,6759,200.07,63
357744,6760,242.44,69
357760,6761,269.76,69
357760,6762,234.86,63
357792,6763,202.16,69
357824,6764,255.92,65
357888,6765,225.39,66
357888,6766,239.63,65
357936,6767,241.82,63
357936,6768,164.35,62
358000,6769,184.55,59
358048,6770,214.34,59
358160,6771,233.11,66
358288,6772,217.10,63
358384,6773,183.71,57
358400,6774,209.59,69
358576,6775,209.97,64
358736,6776,186.54,62
358736,6777,232.65,61
358752,6778,211.03,62
358768,6779,204.40,55
358800,6780,164.91,57
358880,6781,203.51,68
358880,6782,221.63,59
358928,6783,209.01,62
358960,6784,215.79,71
358992,6785,202.16,59
359088,6786,229.92,68
359104,6787,148.88,45
359184,6788,225.12,64
359264,6789,221.22,61
359424,6790,211.24,64
359632,6791,202.62,66
359648,6792,209.35,57
359664,6793,203.38,58
359744,6794,191.92,61
359856,6795,213.43,69
359872,6796,213.35,59
359920,6797,209.97,70
359968,6798,200.44,61
359984,6799,219.28,69
359984,6800,233.13,69
360016,6801,204.02,66
360096,6802,218.64,62
360112,6803,207.97,58
360160,6804,229.12,67
360224,6805,203.43,60
360432,6806,224.69,63
360592,6807,218.73,60
360656,6808,174.42,62
360704,6809,174.64,53
360784,6810,207.81,57
360784,6811,195.16,71
360832,6812,230.05,68
360928,6813,228.73,63
360960,6814,241.80,61
360976,6815,204.51,62
360992,6816,231.08,64
361152,6817,238.57,71
361184,6818,249.80,64
361216,6819,247.48,69
361328,6820,232.72,77
361360,6821,230.87,71
361472,6822,240.49,65
361552,6823,219.04,60
361664,6824,211.16,63
361744,6825,226.23,65
361776,6826,209.99,62
361776,6827,198.40,59
361824,6828,225.36,65
361920,6829,206.73,62
362000,6830,226.53,63
362048,6831,213.29,67
362064,6832,252.36,69
362160,6833,221.80,59
362224,6834,204.84,65
362320,6835,256.37,73
362336,6836,216.54,63
362448,6837,218.40,61
362480,6838,236.67,70
362640,6839,222.53,61
362656,6840,247.95,69
362704,6841,209.23,58
362816,6842,211.37,65
362816,6843,212.32,67
362880,6844,212.97,66
362912,6845,236.66,62
363024,6846,251.97,64
363056,6847,197.88,62
363056,6848,211.80,63
363072,6849,225.58,57
363104,6850,205.08,55
363424,6851,201.91,69
363488,6852,233.73,72
363552,6853,252.76,67
363552,6854,222.80,69
363616,6855,233.43,61
363664,6856,182.82,63
363728,6857,218.56,57
363776,6858,176.43,56
363824,6859,222.92,70
363856,6860,225.53,65
363856,6861,220.43,59
363936,6862,200.21,54
363984,6863,186.61,58
364048,6864,207.52,62
364144,6865,197.08,70
364240,6866,231.69,71
364432,6867,214.65,63
364448,6868,234.71,60
364592,6869,214.86,65
364608,6870,234.43,66
364656,6871,223.36,65
364688,6872,223.80,64
364704,6873,216.17,55
364736,6874,223.93,63
364784,6875,205.19,58
364832,6876,240.37,61
364848,6877,213.23,67
364992,6878,234.16,66
365072,6879,236.22,64
365104,6880,203.90,60
365104,6881,230.62,70
365328,6882,206.49,56
365344,6883,198.14,56
365440,6884,240.92,75
365600,6885,215.21,59
365648,6886,207.90,59
365648,6887,200.61,66
365664,6888,235.09,61
365712,6889,165.33,61
365744,6890,218.39,57
365744,6891,240.14,71
365888,6892,239.22,65
365904,6893,243.17,70
365968,6894,226.52,61
366032,6895,223.49,60
366096,6896,214.76,62
366304,6897,231.70,75
366304,6898,216.88,61
366416,6899,223.12,67
366448,6900,226.08,63
366544,6901,192.68,56
366576,6902,227.70,61
366672,6903,204.84,58
366672,6904,209.88,60
366752,6905,220.27,69
366816,6906,192.91,57
366848,6907,211.96,69
366864,6908,217.87,61
366896,6909,233.96,77
366928,6910,220.56,56
366960,6911,212.25,62
367104,6912,237.12,63
367280,6913,245.13,61
367344,6914,219.40,65
367440,6915,215.78,64
367568,6916,206.33,62
367584,6917,202.79,65
367648,6918,248.90,75
367648,6919,210.21,61
367696,6920,243.95,64
367840,6921,214.72,68
367856,6922,243.58,65
367856,6923,225.21,58
367888,6924,225.96,65
367904,6925,200.32,59
367920,6926,254.20,66
368064,6927,233.13,73
368112,6928,204.78,63
368320,6929,210.22,61
368416,6930,230.09,71
368480,6931,222.21,57
368528,6932,235.22,68
368560,6933,185.33,57
368560,6934,245.40,61
368656,6935,224.16,63
368784,6936,178.24,58
368816,6937,220.88,60
368848,6938,240.71,72
368880,6939,233.44,62
368912,6940,216.01,63
368928,6941,232.30,68
368992,6942,224.26,67
369120,6943,233.91,63
369152,6944,229.99,68
369344,6945,201.21,58
369376,6946,210.68,66
369440,6947,205.73,60
369520,6948,214.30,60
369600,6949,255.55,67
369616,6950,179.09,52
369632,6951,194.71,61
369760,6952,216.81,75
369776,6953,210.85,58
369792,6954,218.91,61
369872,6955,184.30,55
369872,6956,202.96,60
369984,6957,230.41,69
370016,6958,216.31,68
370064,6959,192.46,57
370272,6960,220.95,72
370272,6961,188.14,58
370352,6962,227.50,61
370512,6963,188.13,57
370512,6964,176.33,56
370512,6965,219.09,62
370576,6966,210.66,71
370672,6967,214.10,57
370688,6968,231.01,66
370720,6969,204.28,58
370880,6970,229.30,69
370992,6971,169.63,70
370992,6972,216.42,63
371008,6973,232.24,62
371008,6974,202.12,59
371024,6975,227.21,72
371216,6976,198.37,59
371216,6977,215.81,59
371360,6978,231.32,63
371424,6979,180.70,57
371584,6980,224.96,67
371600,6981,202.96,58
371616,6982,211.06,69
371696,6983,199.99,70
371696,6984,230.18,63
371760,6985,219.02,65
372032,6986,223.92,72
372048,6987,212.49,65
372064,6988,215.29,65
372080,6989,240.74,68
372096,6990,213.47,68
372096,6991,225.35,69
372272,6992,235.07,66
372304,6993,233.22,68
372384,6994,227.77,64
372384,6995,195.34,60
372608,6996,225.96,64
372688,6997,211.51,58
372688,6998,269.40,67
372752,6999,230.87,66
372800,7000,247.56,75
372800,7001,205.77,69
373008,7002,180.77,60
373024,7003,221.29,58
373088,7004,226.23,63
373136,7005,221.68,67
373152,7006,232.45,70
373200,7007,228.79,69
373248,7008,191.51,54
373280,7009,212.70,63
373360,7010,202.64,66
373488,7011,214.67,69
373504,7012,172.74,56
373648,7013,191.40,60
373664,7014,200.64,57
373744,7015,170.05,59
373792,7016,238.37,62
373792,7017,249.88,69
373984,7018,232.12,61
374000,7019,218.25,54
374032,7020,185.91,55
374064,7021,232.08,65
374128,7022,229.48,65
374272,7023,203.28,57
374320,7024,229.58,70
374352,7025,209.76,69
374432,7026,227.80,72
374464,7027,223.72,60
374528,7028,227.68,65
374544,7029,200.61,55
374656,7030,248.57,63
374736,7031,214.55,62
374768,7032,224.42,61
374864,7033,217.91,67
375040,7034,216.37,65
375072,7035,204.16,68
375072,7036,205.92,63
375072,7037,227.90,65
375200,7038,206.67,67
375232,7039,208.11,57
375312,7040,234.64,65
375344,7041,222.08,62
375408,7042,227.66,61
375504,7043,212.04,60
375536,7044,230.17,67
375552,7045,204.28,64
375632,7046,202.51,56
375632,7047,211.15,61
375808,7048,232.56,65
375952,7049,215.88,68
376032,7050,217.27,60
376032,7051,252.21,62
376048,7052,223.65,61
376128,7053,213.19,66
376192,7054,227.71,60
376288,7055,219.27,61
376288,7056,279.63,68
376368,7057,216.09,64
376400,7058,255.60,62
376448,7059,155.38,51
376464,7060,217.42,60
376480,7061,226.67,59
376496,7062,205.93,59
376720,7063,239.78,68
376784,7064,216.56,61
376848,7065,175.82,56
376944,7066,198.06,57
377056,7067,214.06,64
377120,7068,233.30,62
377184,7069,223.40,71
377184,7070,240.13,62
377360,7071,223.25,67
377376,7072,236.05,68
377424,7073,202.77,58
377440,7074,221.88,62
377472,7075,196.70,67
377488,7076,211.22,70
377536,7077,227.09,67
377536,7078,243.26,66
377760,7079,232.13,65
377808,7080,216.00,64
377904,7081,237.18,66
378000,7082,194.47,59
378032,7083,205.14,68
378048,7084,207.35,54
378192,7085,192.38,63
378208,7086,203.26,68
378256,7087,177.10,52
378288,7088,203.78,58
378336,7089,209.72,60
378368,7090,202.54,55
378432,7091,203.36,60
378592,7092,209.22,66
378592,7093,224.31,66
378592,7094,231.69,72
378800,7095,214.26,56
378864,7096,206.48,66
378992,7097,203.88,59
379008,7098,234.37,63
379008,7099,249.04,78
379040,7100,219.33,63
379136,7101,212.55,58
379248,7102,198.06,60
379264,7103,219.39,67
379312,7104,193.34,55
379328,7105,225.67,60
379376,7106,208.92,70
379440,7107,226.14,69
379520,7108,212.21,58
379568,7109,228.95,61
379584,7110,191.91,62
379760,7111,202.51,60
379856,7112,183.63,53
379904,7113,203.44,57
379920,7114,207.11,57
380016,7115,241.32,72
380032,7116,207.36,62
380032,7117,201.39,56
380240,7118,242.26,62
380256,7119,223.04,62
380304,7120,223.81,62
380352,7121,186.97,52
380352,7122,216.10,64
380352,7123,199.79,61
380464,7124,203.19,56
380480,7125,196.76,65
380608,7126,227.64,64
380656,7127,163.05,46
380720,7128,205.11,60
380912,7129,214.85,63
380992,7130,216.88,71
381024,7131,215.98,63
381056,7132,215.76,64
381120,7133,208.91,68
381184,7134,213.47,58
381184,7135,218.19,59
381344,7136,201.86,65
381344,7137,242.63,62
381392,7138,220.92,65
381472,7139,240.05,70
381536,7140,239.56,66
381552,7141,214.29,68
381632,7142,211.82,61
381664,7143,221.40,66
381744,7144,214.07,64
381888,7145,202.95,61
382000,7146,208.70,59
382016,7147,211.21,56
382048,7148,248.00,66
382064,7149,228.39,65
382080,7150,205.10,56
382080,7151,206.04,56
382288,7152,226.44,59
382416,7153,223.71,67
382432,7154,204.42,60
382448,7155,222.07,66
382464,7156,212.68,58
382528,7157,206.98,61
382704,7158,226.62,65
382736,7159,235.29,69
382784,7160,217.82,65
382848,7161,197.43,60
382960,7162,190.31,57
383008,7163,206.64,63
383040,7164,213.11,64
383056,7165,217.02,62
383088,7166,232.65,63
383136,7167,244.06,66
383312,7168,223.63,64
383424,7169,207.37,61
383440,7170,188.27,64
383504,7171,237.28,65
383520,7172,212.84,68
383616,7173,255.26,68
383616,7174,205.78,57
383712,7175,216.81,61
383728,7176,168.61,59
383920,7177,207.57,67
384016,7178,213.07,63
384080,7179,235.71,65
384112,7180,236.16,66
384112,7181,224.49,72
384144,7182,201.07,63
384304,7183,240.08,76
384384,7184,220.33,67
384416,7185,220.10,62
384496,7186,194.32,61
384544,7187,208.59,69
384592,7188,234.41,68
384608,7189,200.98,62
384656,7190,243.11,65
384752,7191,223.41,64
384880,7192,219.99,73
384944,7193,228.15,64
385040,7194,207.60,56
385104,7195,191.66,62
385104,7196,215.65,64
385120,7197,190.02,69
385152,7198,199.77,65
385168,7199,169.86,54
385312,7200,183.42,58
385440,7201,214.52,64
385552,7202,241.48,66
385568,7203,194.43,61
385584,7204,205.18,61
385616,7205,201.56,67
385680,7206,193.05,58
385824,7207,192.39,73
385872,7208,189.85,58
385952,7209,212.70,67
386016,7210,171.20,61
386112,7211,225.40,59
386112,7212,177.78,60
386112,7213,207.14,62
386176,7214,243.54,67
386224,7215,231.18,70
386256,7216,186.80,51
386336,7217,181.91,64
386528,7218,214.32,57
386560,7219,234.71,61
386560,7220,225.00,63
386688,7221,253.29,70
386816,7222,206.52,59
386896,7223,225.70,67
386944,7224,226.16,79
387040,7225,211.94,68
387056,7226,215.40,55
387072,7227,229.26,66
387088,7228,234.68,61
387184,7229,220.18,67
387200,7230,215.93,61
387216,7231,228.73,69
387264,7232,225.46,63
387408,7233,216.92,67
387568,7234,217.93,63
387584,7235,189.01,64
387632,7236,236.82,69
387712,7237,173.06,56
387840,7238,221.08,59
387904,7239,227.73,76
388000,7240,235.62,66
388032,7241,204.96,61
388128,7242,173.95,54
388128,7243,232.88,68
388160,7244,223.03,67
388160,7245,233.20,59
388256,7246,199.37,66
388272,7247,234.56,75
388304,7248,230.42,70
388320,7249,195.60,57
388464,7250,175.23,56
388592,7251,213.68,63
388608,7252,216.09,56
388720,7253,193.78,68
388896,7254,230.91,62
388944,7255,222.40,69
388976,7256,194.90,59
389024,7257,202.47,64
389104,7258,194.60,61
389152,7259,227.02,62
389152,7260,217.65,62
389200,7261,185.87,59
389216,7262,203.95,68
389248,7263,183.43,58
389280,7264,217.83,61
389344,7265,215.60,67
389536,7266,238.95,59
389536,7267,205.74,67
389664,7268,240.26,66
389792,7269,215.67,67
389936,7270,194.85,57
389952,7271,234.78,63
390000,7272,204.20,69
390016,7273,208.99,65
390048,7274,210.34,56
390080,7275,234.46,61
390128,7276,211.86,58
390160,7277,225.85,59
390160,7278,218.94,63
390272,7279,199.75,64
390352,7280,207.88,63
390384,7281,215.71,69
390448,7282,221.45,57
390560,7283,211.57,64
390624,7284,196.52,60
390752,7285,220.25,60
390928,7286,211.01,62
390944,7287,208.42,58
390976,7288,178.82,64
391024,7289,200.56,64
391056,7290,218.56,63
391136,7291,252.17,63
391184,7292,236.76,69
391248,7293,231.16,68
391248,7294,229.35,68
391360,7295,194.83,63
391360,7296,229.67,68
391408,7297,235.86,64
391504,7298,238.78,66
391616,7299,245.87,66
391776,7300,214.52,72
391824,7301,156.38,56
391872,7302,234.90,70
391904,7303,229.47,58
391984,7304,187.62,60
391984,7305,202.26,58
392064,7306,235.02,70
392128,7307,223.00,62
392160,7308,217.69,61
392272,7309,212.23,64
392288,7310,218.37,65
392336,7311,198.16,58
392336,7312,201.46,61
392448,7313,238.92,68
392512,7314,239.10,63
392784,7315,225.55,63
392816,7316,252.20,75
392928,7317,231.89,69
392928,7318,224.33,66
392960,7319,240.41,66
393024,7320,224.72,65
393088,7321,217.06,64
393168,7322,199.12,56
393216,7323,228.91,77
393216,7324,222.10,66
393232,7325,223.61,69
393312,7326,217.60,61
393328,7327,156.99,65
393344,7328,195.38,56
393360,7329,216.16,64
393392,7330,206.65,55
393840,7331,236.00,66
393856,7332,220.17,65
393984,7333,185.41,66
393984,7334,221.99,66
394064,7335,219.95,61
394096,7336,247.52,67
394096,7337,244.30,71
394112,7338,184.38,56
394208,7339,191.92,54
394224,7340,222.96,66
394224,7341,211.94,57
394240,7342,218.77,64
394288,7343,181.40,60
394320,7344,238.20,68
394384,7345,191.30,62
394496,7346,220.30,71
394704,7347,211.67,53
394912,7348,234.11,67
394928,7349,200.91,59
394944,7350,230.15,60
394992,7351,228.81,56
395024,7352,228.13,58
395072,7353,222.92,63
395104,7354,216.84,62
395184,7355,168.29,59
395184,7356,193.76,60
395216,7357,211.30,58
395248,7358,242.00,65
395248,7359,212.46,64
395360,7360,203.81,61
395424,7361,243.53,69
395568,7362,233.39,67
395616,7363,206.78,57
395872,7364,191.51,59
395872,7365,151.50,43
395936,7366,212.36,62
395936,7367,220.09,64
395984,7368,198.64,55
396016,7369,193.81,64
396016,7370,222.77,59
396016,7371,200.82,62
396112,7372,180.51,58
396240,7373,211.17,62
396272,7374,203.33,64
396352,7375,225.77,58
396352,7376,241.69,71
396352,7377,232.89,62
396512,7378,210.32,59
396592,7379,209.08,61
396832,7380,222.87,60
396880,7381,220.15,63
396912,7382,206.15,58
396976,7383,226.67,65
396976,7384,236.31,65
396976,7385,214.95,60
397056,7386,223.40,65
397104,7387,231.15,62
397120,7388,179.71,55
397136,7389,252.54,70
397248,7390,227.14,61
397296,7391,228.24,59
397376,7392,224.38,64
397488,7393,217.23,61
397552,7394,210.60,75
397568,7395,232.65,61
397744,7396,183.65,57
397824,7397,201.65,57
397920,7398,227.96,59
397920,7399,184.85,54
397984,7400,206.55,63
398016,7401,230.25,65
398096,7402,220.50,61
398112,7403,231.75,77
398112,7404,201.03,61
398144,7405,203.92,65
398288,7406,236.23,65
398352,7407,240.85,66
398400,7408,187.45,64
398464,7409,211.11,57
398480,7410,217.67,62
398544,7411,211.44,61
398720,7412,215.33,61
398816,7413,230.98,56
398848,7414,231.35,64
398896,7415,228.66,61
399040,7416,246.28,66
399056,7417,221.42,59
399072,7418,222.36,60
399104,7419,236.47,63
399152,7420,202.09,54
399168,7421,213.54,64
399200,7422,255.96,74
399296,7423,226.28,59
399328,7424,191.61,54
399328,7425,207.99,58
399504,7426,223.02,60
399552,7427,247.47,67
399712,7428,220.13,62
399760,7429,202.20,59
399872,7430,233.75,61
399904,7431,225.10,66
400016,7432,226.61,61
400080,7433,244.50,61
400096,7434,223.12,59
400128,7435,234.59,67
400144,7436,229.71,67
400176,7437,249.58,61
400208,7438,258.57,65
400240,7439,210.29,57
400272,7440,205.26,59
400336,7441,210.71,65
400400,7442,181.10,56
400608,7443,192.07,66
400688,7444,223.52,61
400768,7445,241.48,63
400848,7446,223.14,61
400928,7447,223.03,64
400976,7448,226.81,60
400992,7449,174.01,57
401072,7450,203.46,54
401104,7451,229.88,60
401104,7452,209.91,63
401120,7453,180.34,59
401168,7454,192.27,65
401184,7455,209.74,59
401184,7456,208.59,57
401264,7457,204.50,58
401520,7458,233.01,70
401648,7459,237.84,65
401792,7460,191.56,64
401824,7461,245.45,71
401872,7462,213.96,64
401920,7463,195.30,58
401968,7464,203.27,62
401984,7465,224.70,66
402016,7466,221.91,59
402064,7467,225.69,59
402144,7468,215.58,65
402160,7469,246.75,66
402160,7470,231.82,62
402176,7471,226.10,62
402192,7472,213.92,63
402256,7473,240.05,62
402496,7474,194.79,61
402640,7475,222.00,62
402800,7476,236.10,63
402896,7477,219.14,67
402896,7478,207.16,58
402928,7479,177.00,63
402976,7480,227.66,62
402992,7481,222.63,70
403008,7482,214.84,62
403088,7483,235.61,64
403088,7484,213.78,58
403136,7485,213.76,61
403136,7486,219.58,62
403152,7487,236.44,61
403216,7488,213.61,60
403264,7489,211.11,67
403488,7490,227.42,62
403600,7491,233.76,60
403792,7492,211.36,56
403808,7493,225.05,63
403888,7494,216.85,60
403920,7495,201.26,59
404000,7496,230.90,69
404016,7497,229.80,63
404032,7498,244.54,59
404048,7499,218.63,66
404064,7500,214.41,61
404112,7501,216.85,56
404128,7502,204.09,62
404176,7503,222.00,64
404192,7504,259.70,66
404256,7505,219.83,62
404448,7506,208.44,60
404576,7507,222.61,61
404656,7508,202.67,54
404864,7509,225.68,61
404880,7510,242.37,67
404928,7511,227.91,63
405072,7512,224.70,65
405088,7513,234.12,65
405088,7514,233.29,68
405104,7515,238.28,62
405120,7516,218.68,59
405136,7517,223.12,67
405152,7518,224.61,56
405152,7519,243.18,71
405168,7520,209.52,65
405168,7521,207.16,61
405392,7522,220.14,59
405568,7523,218.10,62
405632,7524,200.75,61
405888,7525,243.12,64
405904,7526,247.70,64
405936,7527,253.16,63
406064,7528,174.67,60
406064,7529,235.22,62
406080,7530,195.68,57
406096,7531,218.61,60
406096,7532,218.22,59
406096,7533,243.11,61
406112,7534,232.35,64
406160,7535,232.29,63
406176,7536,227.61,63
406368,7537,217.71,61
406400,7538,231.83,82
406592,7539,212.15,60
406592,7540,231.36,64
406880,7541,231.99,62
406880,7542,224.59,61
406880,7543,249.45,59
406944,7544,209.97,55
407040,7545,207.00,61
407056,7546,223.62,60
407168,7547,229.53,67
407184,7548,230.77,64
407200,7549,258.81,68
407216,7550,254.63,70
407248,7551,182.40,67
407264,7552,240.20,74
407312,7553,210.69,59
407376,7554,189.14,61
407488,7555,190.94,56
407504,7556,219.15,57
407696,7557,187.26,51
407936,7558,227.61,62
407936,7559,230.48,66
407952,7560,238.10,67
408016,7561,205.34,60
408064,7562,240.56,64
408112,7563,211.73,58
408160,7564,202.68,53
408176,7565,187.42,57
408208,7566,218.74,60
408208,7567,226.95,63
408240,7568,251.33,67
408240,7569,242.58,64
408400,7570,248.85,64
408448,7571,217.44,60
408512,7572,243.20,63
408720,7573,227.65,64
408880,7574,179.11,58
408896,7575,195.58,60
408912,7576,186.64,61
408912,7577,211.14,56
409056,7578,217.14,62
409088,7579,211.93,57
409120,7580,200.13,60
409168,7581,239.63,60
409184,7582,233.14,61
409184,7583,236.74,67
409264,7584,242.58,64
409280,7585,160.30,55
409312,7586,246.54,67
409504,7587,250.95,62
409520,7588,197.97,67
409712,7589,194.12,62
409936,7590,243.46,66
409952,7591,212.71,66
409952,7592,201.53,56
410016,7593,224.28,69
410032,7594,173.09,53
410064,7595,217.87,72
410080,7596,232.66,62
410160,7597,232.09,62
410176,7598,232.30,66
410176,7599,218.39,62
410192,7600,220.59,57
410272,7601,196.06,60
410416,7602,210.12,57
410448,7603,220.59,58
410496,7604,215.18,77
410784,7605,239.94,67
410880,7606,231.49,59
410928,7607,226.83,61
410944,7608,237.95,62
411008,7609,223.02,61
411008,7610,223.59,62
411136,7611,175.49,54
411168,7612,198.68,69
411168,7613,222.95,62
411168,7614,228.96,68
411168,7615,244.13,63
411200,7616,201.60,63
411232,7617,226.88,66
411408,7618,227.02,62
411456,7619,212.88,63
411568,7620,218.74,67
411824,7621,196.86,59
411856,7622,256.62,67
411920,7623,221.00,62
411952,7624,240.07,59
411984,7625,226.10,65
412000,7626,211.04,62
412112,7627,211.72,59
412128,7628,226.17,62
412192,7629,227.47,64
412208,7630,241.48,65
412208,7631,212.09,63
412240,7632,240.12,67
412288,7633,230.98,66
412432,7634,239.84,64
412496,7635,234.11,65
412544,7636,193.39,61
412784,7637,215.11,60
412800,7638,227.95,59
412848,7639,218.29,56
412944,7640,215.25,60
412976,7641,229.52,66
413072,7642,208.65,67
413104,7643,224.57,61
413152,7644,222.90,59
413152,7645,227.79,60
413216,7646,227.45,63
413232,7647,219.24,70
413280,7648,241.34,65
413360,7649,234.16,67
413392,7650,182.10,60
413552,7651,184.34,63
413568,7652,230.77,67
413712,7653,215.97,54
413840,7654,253.20,66
413904,7655,217.28,69
413936,7656,189.52,60
414000,7657,231.91,66
414096,7658,207.68,59
414128,7659,229.12,64
414128,7660,188.70,61
414192,7661,251.56,70
414240,7662,226.06,63
414288,7663,231.04,67
414288,7664,227.76,63
414320,7665,203.21,60
414416,7666,228.24,64
414512,7667,192.11,59
414528,7668,217.00,61
414640,7669,225.71,58
414832,7670,206.17,58
414928,7671,230.76,62
415024,7672,273.85,74
415056,7673,229.22,60
415072,7674,245.85,67
415088,7675,216.43,60
415104,7676,205.83,57
415216,7677,186.70,56
415232,7678,210.73,59
415232,7679,205.89,69
415248,7680,180.01,63
415312,7681,245.82,64
415360,7682,215.11,59
415472,7683,231.67,60
415520,7684,223.38,62
415680,7685,227.41,65
415824,7686,234.86,62
415936,7687,224.95,63
416032,7688,213.50,61
416064,7689,193.08,62
416096,7690,237.81,67
416176,7691,215.84,59
416256,7692,233.92,73
416272,7693,222.44,73
416288,7694,245.85,67
416288,7695,227.56,66
416304,7696,234.84,66
416320,7697,243.67,63
416352,7698,232.17,62
416480,7699,214.85,63
416496,7700,225.49,61
416672,7701,199.31,62
416736,7702,151.85,57
416848,7703,206.59,57
417008,7704,231.61,59
417024,7705,208.99,58
417168,7706,244.47,71
417200,7707,223.23,59
417200,7708,167.58,58
417232,7709,203.76,59
417232,7710,214.33,66
417248,7711,219.09,60
417264,7712,203.95,57
417296,7713,220.68,61
417376,7714,233.05,67
417472,7715,209.63,61
417600,7716,233.28,70
417648,7717,172.90,57
417664,7718,219.11,62
417968,7719,205.96,70
418032,7720,228.08,63
418112,7721,203.66,59
418112,7722,239.62,69
418192,7723,208.56,60
418208,7724,195.75,57
418224,7725,220.66,62
418240,7726,204.43,61
418240,7727,226.46,65
418320,7728,213.99,67
418336,7729,255.17,71
418384,7730,225.20,63
418576,7731,223.95,57
418608,7732,218.48,63
418640,7733,227.76,73
418656,7734,218.83,63
418896,7735,197.89,54
418944,7736,231.09,61
418992,7737,205.59,55
419088,7738,199.58,53
419120,7739,224.52,58
419200,7740,192.79,55
419200,7741,207.90,62
419232,7742,239.94,63
419248,7743,240.25,71
419264,7744,202.53,58
419312,7745,242.44,67
419360,7746,209.35,61
419488,7747,182.61,53
419584,7748,221.37,61
419600,7749,271.60,64
419632,7750,235.73,61
419872,7751,220.00,61
420000,7752,224.01,63
420032,7753,236.59,59
420048,7754,242.31,69
420096,7755,231.92,61
420176,7756,242.22,61
420208,7757,203.58,59
420240,7758,222.45,63
420240,7759,234.62,65
420288,7760,229.91,65
420352,7761,224.03,65
420496,7762,233.50,63
420528,7763,248.53,73
420544,7764,226.23,57
420640,7765,228.98,66
420656,7766,249.09,66
420832,7767,209.81,60
420944,7768,193.99,56
421056,7769,238.68,66
421104,7770,242.26,63
421152,7771,208.37,61
421184,7772,224.20,72
421200,7773,215.61,62
421216,7774,204.75,58
421216,7775,227.22,61
421264,7776,227.48,64
421328,7777,222.65,61
421440,7778,200.96,59
421552,7779,219.87,64
421584,7780,208.13,65
421616,7781,215.71,60
421728,7782,223.71,68
421760,7783,239.01,58
422048,7784,169.80,59
422064,7785,228.43,70
422080,7786,201.29,58
422096,7787,231.26,56
422096,7788,242.21,65
422224,7789,212.78,65
422224,7790,245.65,63
422272,7791,191.31,59
422272,7792,223.22,63
422288,7793,206.92,67
422352,7794,152.09,50
422480,7795,248.08,65
422608,7796,225.68,62
422640,7797,234.61,66
422736,7798,212.09,63
422768,7799,223.67,63
423072,7800,234.38,61
423088,7801,229.82,64
423104,7802,216.60,64
423104,7803,235.66,66
423120,7804,229.54,64
423184,7805,209.63,60
423248,7806,215.28,64
423280,7807,232.91,62
423296,7808,233.43,64
423296,7809,245.76,64
423312,7810,203.67,60
423536,7811,221.93,66
423648,7812,229.46,65
423744,7813,236.03,69
423792,7814,259.80,66
423840,7815,233.91,67
424080,7816,222.54,62
424112,7817,230.89,62
424112,7818,229.77,65
424144,7819,213.74,65
424160,7820,209.84,66
424192,7821,215.11,59
424208,7822,212.78,64
424256,7823,230.38,61
424256,7824,212.93,60
424256,7825,211.49,59
424272,7826,200.43,61
424608,7827,204.16,60
424624,7828,246.19,68
424720,7829,241.69,61
424784,7830,215.11,62
424816,7831,226.26,61
425008,7832,209.36,58
425056,7833,188.44,59
425056,7834,192.02,54
425072,7835,186.35,60
425136,7836,192.19,55
425152,7837,207.56,56
425168,7838,220.64,63
425184,7839,205.19,58
425200,7840,231.78,58
425232,7841,250.59,68
425248,7842,257.61,65
425616,7843,241.61,62
425712,7844,207.50,58
425744,7845,243.80,64
425744,7846,265.71,71
425760,7847,196.48,59
425936,7848,153.53,46
426016,7849,215.45,63
426048,7850,223.77,61
426064,7851,224.41,63
426064,7852,211.70,63
426064,7853,204.29,56
426112,7854,203.07,58
426128,7855,227.61,62
426240,7856,250.90,68
426240,7857,232.73,62
426240,7858,210.74,63
426512,7859,204.12,56
426752,7860,207.58,62
426752,7861,227.10,63
426848,7862,261.01,71
426864,7863,221.82,58
426896,7864,256.96,72
427040,7865,215.52,57
427056,7866,233.08,63
427056,7867,227.89,62
427104,7868,216.37,65
427120,7869,204.49,55
427152,7870,277.22,68
427152,7871,250.46,71
427184,7872,196.45,59
427232,7873,239.23,70
427248,7874,241.58,63
427584,7875,217.81,67
427776,7876,204.64,57
427792,7877,222.55,65
427840,7878,204.69,59
427872,7879,221.33,64
427872,7880,242.68,70
427968,7881,218.48,58
428000,7882,205.29,59
428032,7883,226.78,58
428096,7884,235.25,61
428112,7885,225.32,60
428144,7886,228.65,62
428192,7887,220.80,59
428192,7888,217.87,63
428208,7889,230.86,72
428240,7890,213.27,63
428608,7891,227.56,64
428736,7892,210.82,59
428752,7893,228.09,61
428800,7894,198.65,58
428800,7895,210.32,60
428848,7896,226.01,61
428944,7897,206.91,59
428944,7898,221.58,57
428960,7899,233.37,62
429056,7900,203.41,57
429088,7901,203.43,61
429120,7902,200.02,64
429184,7903,248.80,61
429232,7904,244.05,65
429232,7905,250.51,65
429264,7906,251.86,64
429584,7907,219.57,61
429600,7908,172.70,53
429680,7909,185.93,55
429696,7910,220.10,60
429792,7911,237.26,62
429872,7912,221.87,64
429920,7913,212.70,61
429952,7914,241.81,62
430080,7915,238.93,71
430096,7916,216.09,63
430096,7917,226.15,57
430128,7918,245.44,67
430176,7919,235.89,59
430192,7920,269.06,67
430272,7921,223.15,65
430304,7922,246.82,65
430592,7923,221.16,62
430688,7924,237.73,69
430688,7925,208.07,62
430704,7926,204.79,57
430768,7927,232.53,68
430864,7928,212.76,59
430880,7929,218.44,63
430960,7930,227.74,63
431024,7931,226.83,58
431088,7932,239.98,63
431104,7933,232.89,63
431136,7934,224.53,63
431136,7935,201.13,59
431184,7936,193.79,55
431232,7937,243.41,66
431408,7938,250.03,71
431552,7939,222.50,60
431664,7940,228.74,61
431664,7941,214.39,56
431680,7942,239.65,61
431680,7943,242.47,62
431760,7944,205.15,56
431888,7945,236.60,63
431968,7946,252.42,63
432032,7947,222.16,56
432048,7948,248.73,64
432080,7949,221.61,62
432112,7950,186.11,55
432128,7951,212.90,62
432144,7952,218.50,65
432176,7953,231.22,62
432320,7954,199.17,57
432592,7955,211.15,58
432624,7956,211.85,60
432624,7957,235.02,67
432656,7958,201.05,61
432656,7959,209.09,61
432784,7960,235.14,64
432928,7961,243.19,65
432992,7962,225.77,64
433072,7963,214.13,58
433072,7964,245.18,65
433136,7965,220.91,68
433168,7966,245.40,62
433184,7967,242.18,67
433200,7968,213.64,67
433216,7969,245.12,71
433328,7970,222.34,63
433584,7971,238.97,60
433648,7972,224.19,66
433664,7973,226.89,65
433680,7974,204.88,64
433728,7975,246.31,67
433808,7976,242.42,64
433920,7977,213.98,62
433952,7978,214.71,60
434064,7979,220.42,62
434096,7980,202.62,58
434112,7981,216.17,65
434128,7982,224.65,58
434144,7983,222.96,63
434208,7984,187.41,62
434288,7985,204.55,60
434384,7986,262.78,75
434560,7987,228.48,61
434624,7988,203.85,60
434688,7989,231.55,65
434752,7990,228.17,64
434784,7991,229.91,69
434864,7992,218.54,66
434896,7993,209.01,61
435088,7994,235.72,64
435088,7995,226.19,71
435104,7996,230.60,63
435120,7997,229.02,61
435152,7998,225.04,64
435168,7999,215.40,60
435216,8000,242.41,69
435328,8001,223.13,65
435488,8002,215.65,69
435520,8003,200.02,56
435632,8004,211.52,67
435712,8005,223.22,58
435728,8006,237.73,61
435744,8007,238.14,66
435888,8008,242.88,62
435952,8009,193.00,54
435984,8010,233.58,70
436048,8011,201.44,58
436048,8012,225.88,60
436128,8013,230.11,64
436144,8014,229.12,61
436288,8015,224.71,60
436288,8016,259.20,71
436288,8017,241.20,67
436432,8018,221.90,59
436560,8019,227.49,65
436720,8020,228.17,62
436736,8021,237.91,64
436768,8022,221.88,71
436864,8023,240.04,70
436928,8024,240.91,65
436944,8025,247.97,62
437008,8026,219.57,60
437008,8027,206.81,64
437104,8028,219.38,60
437120,8029,228.09,62
437152,8030,230.08,69
437280,8031,239.85,62
437296,8032,208.36,63
437312,8033,208.32,64
437520,8034,244.08,68
437520,8035,204.55,60
437664,8036,205.01,59
437696,8037,216.65,60
437744,8038,237.80,61
437904,8039,233.80,60
437920,8040,235.78,66
437968,8041,201.16,60
438016,8042,224.75,68
438016,8043,229.63,63
438112,8044,231.60,63
438144,8045,233.29,64
438176,8046,233.66,64
438256,8047,237.32,60
438336,8048,230.86,64
438448,8049,231.85,73
438528,8050,214.28,63
438576,8051,249.51,66
438688,8052,249.36,64
438720,8053,223.32,61
438848,8054,214.86,59
438896,8055,222.89,61
438944,8056,215.67,58
438960,8057,255.06,79
439040,8058,242.02,67
439056,8059,219.71,65
439120,8060,228.49,63
439280,8061,245.55,64
439280,8062,226.36,69
439328,8063,246.95,74
439376,8064,195.11,65
439440,8065,193.99,62
439520,8066,216.80,59
439568,8067,220.56,65
439712,8068,234.39,62
439728,8069,250.07,65
439840,8070,223.38,62
439888,8071,240.65,58
439888,8072,218.63,62
440000,8073,220.04,66
440048,8074,226.88,63
440080,8075,200.68,60
440080,8076,241.55,64
440176,8077,215.76,56
440208,8078,217.76,58
440320,8079,223.04,59
440352,8080,221.83,64
440432,8081,219.86,62
440496,8082,228.68,61
440576,8083,231.42,63
440800,8084,230.40,67
440864,8085,246.63,72
440896,8086,237.61,63
440928,8087,181.51,55
440944,8088,255.95,69
440960,8089,218.48,67
440992,8090,231.79,62
441040,8091,210.08,54
441088,8092,200.11,55
441104,8093,244.94,64
441136,8094,246.39,66
441312,8095,230.31,62
441360,8096,219.88,63
441424,8097,232.57,58
441504,8098,237.56,67
441600,8099,216.48,64
441744,8100,221.20,55
441872,8101,209.39,61
441888,8102,220.66,68
441968,8103,203.20,65
441968,8104,200.99,63
441984,8105,191.18,62
442000,8106,227.99,66
442080,8107,226.02,59
442096,8108,214.14,66
442112,8109,243.03,64
442224,8110,223.63,70
442272,8111,216.57,57
442320,8112,265.03,63
442400,8113,205.10,56
442528,8114,258.53,69
442608,8115,206.78,63
442704,8116,232.94,60
442832,8117,197.77,60
442896,8118,214.49,63
442928,8119,232.84,58
442928,8120,218.93,60
442960,8121,179.09,55
443008,8122,221.46,64
443024,8123,209.80,58
443136,8124,230.50,64
443168,8125,241.75,75
443200,8126,217.06,58
443216,8127,203.09,56
443376,8128,232.58,72
443568,8129,279.92,73
443584,8130,234.93,61
443600,8131,250.55,67
443728,8132,239.27,64
443824,8133,219.36,62
443840,8134,222.79,57
443856,8135,188.22,58
443888,8136,210.61,62
443904,8137,226.48,59
443984,8138,249.09,61
443984,8139,212.36,60
444112,8140,231.52,61
444192,8141,232.34,64
444208,8142,228.59,63
444272,8143,215.21,66
444448,8144,249.90,67
444448,8145,174.33,53
444464,8146,220.22,56
444640,8147,255.39,66
444720,8148,207.82,54
444816,8149,255.44,68
444816,8150,236.55,58
444864,8151,190.79,55
444880,8152,251.11,66
444896,8153,230.10,62
444912,8154,252.66,67
444928,8155,169.87,51
444976,8156,229.31,62
445072,8157,212.09,55
445136,8158,207.54,54
445184,8159,226.16,61
445440,8160,207.02,61
445440,8161,225.90,62
445472,8162,227.43,64
445552,8163,208.10,57
445728,8164,234.47,63
445776,8165,227.28,55
445824,8166,243.38,63
445840,8167,218.32,64
445872,8168,244.12,63
445872,8169,231.69,60
445888,8170,221.41,63
445936,8171,230.64,63
445984,8172,189.06,53
445984,8173,200.52,63
446128,8174,230.47,66
446272,8175,168.74,52
446288,8176,243.86,69
446480,8177,244.35,65
446496,8178,248.99,64
446512,8179,201.37,60
446656,8180,212.22,58
446704,8181,216.41,55
446736,8182,213.42,60
446864,8183,223.25,64
446912,8184,221.69,58
446928,8185,257.16,65
446928,8186,200.63,66
446960,8187,220.29,64
447024,8188,219.98,72
447040,8189,219.79,66
447104,8190,247.73,61
447264,8191,227.42,62
447344,8192,238.26,66
447440,8193,215.83,60
447456,8194,225.35,59
447536,8195,211.33,55
447616,8196,241.67,70
447728,8197,232.22,62
447776,8198,225.63,67
447872,8199,231.72,59
447888,8200,235.11,64
447920,8201,260.89,62
447968,8202,236.57,66
447968,8203,203.29,59
448000,8204,232.67,65
448064,8205,223.51,60
448064,8206,232.20,64
448320,8207,240.54,61
448352,8208,237.46,68
448400,8209,225.69,60
448496,8210,199.04,65
448512,8211,231.10,61
448560,8212,217.60,59
448608,8213,215.22,55
448768,8214,227.82,62
448848,8215,222.93,61
448944,8216,214.89,61
448944,8217,230.24,66
448976,8218,239.52,66
449008,8219,228.97,63
449024,8220,243.22,66
449104,8221,239.00,65
449120,8222,178.21,66
449344,8223,234.51,62
449408,8224,228.48,68
449472,8225,248.40,67
449536,8226,244.39,65
449600,8227,237.49,65
449600,8228,243.69,68
449616,8229,231.25,63
449792,8230,245.16,64
449840,8231,212.66,56
449888,8232,185.65,54
449904,8233,222.04,66
449936,8234,239.28,62
449968,8235,200.12,60
449968,8236,214.78,62
450032,8237,210.10,58
450064,8238,198.63,59
450352,8239,221.46,63
450400,8240,202.51,62
450480,8241,221.61,63
450496,8242,210.56,56
450512,8243,209.30,56
450608,8244,242.74,63
450640,8245,217.48,69
450704,8246,176.58,51
450784,8247,216.57,62
450880,8248,215.16,65
450928,8249,207.85,60
450928,8250,213.45,56
450944,8251,218.07,65
451040,8252,209.45,61
451056,8253,256.05,68
451072,8254,251.99,71
451328,8255,215.56,61
451392,8256,217.99,62
451408,8257,205.16,56
451440,8258,212.40,60
451536,8259,246.47,58
451552,8260,204.28,57
451568,8261,235.21,67
451696,8262,230.07,62
451808,8263,186.87,58
451856,8264,248.63,67
451936,8265,210.47,55
451952,8266,229.07,64
451952,8267,202.93,57
451968,8268,203.04,65
452064,8269,203.11,70
452112,8270,243.10,65
452272,8271,214.67,59
452384,8272,229.77,62
452416,8273,199.05,55
452464,8274,207.13,64
452528,8275,234.17,70
452560,8276,208.51,62
452672,8277,209.44,61
452688,8278,241.77,71
452752,8279,215.93,59
452848,8280,232.34,62
452912,8281,227.22,60
452944,8282,238.96,63
452976,8283,243.64,64
452976,8284,219.49,63
453056,8285,223.65,62
453104,8286,227.15,62
453248,8287,226.83,61
453312,8288,211.92,58
453488,8289,229.90,67
453504,8290,243.87,65
453536,8291,186.54,53
453552,8292,225.10,62
453584,8293,227.57,66
453696,8294,226.39,64
453808,8295,234.95,66
453824,8296,219.12,61
453920,8297,234.83,63
453968,8298,223.00,62
454000,8299,220.07,59
454032,8300,245.36,66
454032,8301,225.36,68
454064,8302,243.93,60
454144,8303,183.21,56
454288,8304,227.65,61
454416,8305,193.11,58
454448,8306,224.73,59
454448,8307,196.85,56
454496,8308,225.13,60
454544,8309,214.11,60
454688,8310,207.46,62
454736,8311,201.94,57
454880,8312,216.22,57
454912,8313,274.69,69
455008,8314,230.93,68
455008,8315,234.42,63
455040,8316,204.99,63
455056,8317,226.40,64
455136,8318,222.22,62
455184,8319,224.52,70
455248,8320,239.96,60
455360,8321,214.20,57
455472,8322,218.35,64
455504,8323,214.77,68
455536,8324,238.19,65
455552,8325,214.71,63
455744,8326,224.61,63
455760,8327,220.62,67
455872,8328,251.54,60
455904,8329,230.19,64
456048,8330,222.97,63
456064,8331,239.46,66
456112,8332,214.82,58
456144,8333,234.60,63
456144,8334,247.78,71
456144,8335,207.89,68
456272,8336,248.55,64
456384,8337,211.93,64
456432,8338,198.36,58
456544,8339,245.25,67
456672,8340,246.11,70
456688,8341,263.95,72
456704,8342,221.24,60
456720,8343,223.30,60
456800,8344,200.87,56
456864,8345,227.34,62
457008,8346,214.90,60
457056,8347,238.31,57
457120,8348,248.18,66
457120,8349,246.46,63
457168,8350,226.56,64
457184,8351,257.16,65
457280,8352,172.25,53
457344,8353,225.51,60
457376,8354,236.07,69
457552,8355,213.22,63
457600,8356,214.69,56
457664,8357,222.69,62
457680,8358,227.58,62
457744,8359,228.10,64
457776,8360,222.10,57
457776,8361,247.36,61
458032,8362,224.54,61
458048,8363,233.82,65
458144,8364,227.72,61
458144,8365,227.57,60
458224,8366,228.70,69
458224,8367,211.58,59
458224,8368,221.16,69
458272,8369,186.21,56
458352,8370,221.31,63
458496,8371,217.80,56
458512,8372,238.95,60
458688,8373,225.52,63
458704,8374,259.19,65
458736,8375,223.61,62
458800,8376,232.54,64
458816,8377,225.71,65
458976,8378,242.27,59
459024,8379,200.30,55
459024,8380,198.19,61
459072,8381,186.49,53
459168,8382,236.18,64
459232,8383,200.32,63
459248,8384,199.63,64
459264,8385,219.68,62
459456,8386,234.30,60
459488,8387,241.37,71
459520,8388,224.18,63
459648,8389,252.91,60
459680,8390,228.34,54
459728,8391,228.26,64
459744,8392,238.66,63
459760,8393,227.99,60
460000,8394,231.20,61
460048,8395,247.88,67
460080,8396,242.47,66
460128,8397,213.70,55
460160,8398,259.43,68
460192,8399,257.34,64
460208,8400,236.43,61
460272,8401,239.25,63
460368,8402,212.66,57
460496,8403,238.80,63
460608,8404,240.81,68
460640,8405,227.44,62
460656,8406,202.29,57
460688,8407,215.38,60
460752,8408,267.88,62
460784,8409,229.09,69
461024,8410,237.18,64
461072,8411,222.33,64
461088,8412,209.01,60
461152,8413,254.77,67
461168,8414,182.72,56
461184,8415,214.47,64
461200,8416,223.86,62
461248,8417,240.92,66
461280,8418,216.53,57
461440,8419,236.89,59
461600,8420,208.87,59
461600,8421,234.46,60
461632,8422,221.70,59
461648,8423,231.86,65
461712,8424,197.12,60
461728,8425,221.98,59
462080,8426,219.12,63
462160,8427,231.55,62
462176,8428,241.56,62
462176,8429,256.80,68
462176,8430,246.74,64
462192,8431,232.50,73
462192,8432,223.73,62
462208,8433,239.12,58
462288,8434,239.64,65
462496,8435,248.34,66
462528,8436,232.34,58
462576,8437,207.71,59
462624,8438,219.83,61
462656,8439,221.67,59
462688,8440,256.70,68
462704,8441,226.77,61
462944,8442,182.94,54
463120,8443,194.56,58
463152,8444,241.87,61
463168,8445,236.22,62
463216,8446,245.80,63
463264,8447,250.95,69
463280,8448,232.96,69
463328,8449,224.53,65
463328,8450,258.20,71
463424,8451,219.41,58
463472,8452,200.15,59
463616,8453,247.63,60
463616,8454,219.90,65
463632,8455,214.72,58
463680,8456,245.81,66
463712,8457,244.77,64
463968,8458,241.64,64
464112,8459,216.59,62
464128,8460,203.97,60
464144,8461,219.71,62
464256,8462,239.66,65
464272,8463,232.53,59
464304,8464,252.98,64
464320,8465,255.33,62
464368,8466,219.49,69
464400,8467,232.66,61
464448,8468,212.88,61
464496,8469,196.31,55
464592,8470,231.68,61
464672,8471,242.80,65
464672,8472,229.75,62
464752,8473,259.98,65
464944,8474,230.76,61
465024,8475,216.96,55
465040,8476,218.84,58
465136,8477,248.28,63
465184,8478,230.40,58
465232,8479,194.98,57
465264,8480,213.08,62
465280,8481,242.15,61
465376,8482,247.96,63
465424,8483,244.78,64
465424,8484,249.49,61
465520,8485,231.10,64
465584,8486,219.58,62
465584,8487,230.98,57
465728,8488,231.22,66
465728,8489,232.91,61
465920,8490,230.67,61
466016,8491,207.59,55
466032,8492,225.90,62
466032,8493,243.20,63
466080,8494,184.61,56
466192,8495,216.80,58
466240,8496,251.24,63
466304,8497,222.92,58
466336,8498,248.07,66
466368,8499,213.89,59
466416,8500,226.75,62
466592,8501,240.54,67
466608,8502,241.01,64
466720,8503,236.23,62
466720,8504,257.63,71
466768,8505,225.33,65
466928,8506,221.15,56
466944,8507,246.19,58
466960,8508,245.93,65
466976,8509,232.51,56
467072,8510,248.85,65
467232,8511,227.26,65
467248,8512,210.77,57
467248,8513,243.95,63
467312,8514,203.24,56
467360,8515,236.60,66
467440,8516,232.15,67
467584,8517,206.02,62
467616,8518,205.84,56
467648,8519,254.69,65
467712,8520,215.10,62
467744,8521,253.07,61
467936,8522,217.45,60
468016,8523,223.38,68
468032,8524,231.75,68
468080,8525,240.75,70
468144,8526,252.44,67
468192,8527,219.89,59
468304,8528,246.96,66
468336,8529,207.92,64
468368,8530,228.89,63
468416,8531,223.94,61
468496,8532,269.58,79
468640,8533,233.54,62
468672,8534,223.12,66
468704,8535,252.03,70
468720,8536,234.21,61
468784,8537,222.37,67
468960,8538,213.35,59
468976,8539,239.87,65
469008,8540,222.42,61
469056,8541,239.06,61
469104,8542,219.89,57
469168,8543,248.24,64
469216,8544,224.92,57
469312,8545,234.63,59
469360,8546,227.47,59
469360,8547,254.34,64
469472,8548,240.08,61
469712,8549,243.62,65
469712,8550,231.31,67
469712,8551,228.15,63
469776,8552,253.42,66
469856,8553,233.76,67
469872,8554,204.88,57
469936,8555,211.69,58
469936,8556,231.79,60
470064,8557,241.14,63
470080,8558,215.45,57
470160,8559,237.22,66
470320,8560,230.71,69
470320,8561,232.44,63
470352,8562,225.96,62
470368,8563,240.82,63
470496,8564,239.34,64
470624,8565,187.79,57
470656,8566,226.37,59
470736,8567,255.79,64
470784,8568,198.37,63
470800,8569,229.17,58
470912,8570,247.27,66
470944,8571,232.60,63
470960,8572,239.38,64
471024,8573,203.46,59
471072,8574,228.61,63
471152,8575,233.64,62
471296,8576,224.97,61
471328,8577,215.75,63
471376,8578,229.55,64
471408,8579,242.74,65
471584,8580,240.88,68
471616,8581,220.92,60
471664,8582,242.91,65
471744,8583,227.79,63
471760,8584,227.53,61
471760,8585,224.87,60
471936,8586,198.16,57
471952,8587,240.91,63
472000,8588,239.06,68
472032,8589,230.96,67
472176,8590,241.01,64
472208,8591,276.13,71
472288,8592,210.59,60
472368,8593,250.56,67
472416,8594,244.90,65
472416,8595,233.21,63
472544,8596,238.80,60
472640,8597,226.03,64
472688,8598,228.53,58
472720,8599,238.79,66
472768,8600,238.11,64
472768,8601,261.32,63
473008,8602,242.19,61
473024,8603,243.50,64
473056,8604,254.46,70
473152,8605,251.20,75
473216,8606,238.50,63
473216,8607,246.98,65
473280,8608,205.32,54
473296,8609,247.53,63
473392,8610,245.78,64
473392,8611,239.33,61
473616,8612,244.47,67
473664,8613,240.86,59
473664,8614,205.31,56
473728,8615,246.81,68
473760,8616,239.37,67
473872,8617,261.35,69
473920,8618,214.71,56
474080,8619,236.22,64
474080,8620,238.32,67
474096,8621,226.68,59
474192,8622,207.79,57
474208,8623,227.57,62
474224,8624,245.51,63
474256,8625,239.60,60
474304,8626,224.02,57
474432,8627,239.33,65
474560,8628,201.55,59
474608,8629,236.37,59
474656,8630,209.70,56
474704,8631,228.46,61
474736,8632,225.40,67
474832,8633,223.93,60
474928,8634,239.88,63
475008,8635,217.41,58
475008,8636,219.05,57
475072,8637,222.52,62
475136,8638,203.64,59
475168,8639,220.74,60
475168,8640,193.79,59
475280,8641,220.18,64
475312,8642,189.42,63
475408,8643,217.33,61
475472,8644,208.71,57
475536,8645,214.74,58
475552,8646,199.86,56
475744,8647,232.56,65
475856,8648,194.68,64
475856,8649,227.68,70
475920,8650,242.34,62
476048,8651,242.76,61
476080,8652,207.77,59
476096,8653,210.89,58
476112,8654,253.71,69
476128,8655,233.68,70
476160,8656,207.94,55
476256,8657,237.18,68
476288,8658,231.35,61
476368,8659,226.05,60
476496,8660,238.43,59
476544,8661,257.19,67
476608,8662,249.01,67
476800,8663,239.98,66
476832,8664,227.27,61
476880,8665,207.92,60
476896,8666,221.22,65
476912,8667,209.89,54
476928,8668,188.07,51
477104,8669,219.92,59
477136,8670,250.35,66
477136,8671,232.90,65
477264,8672,195.43,71
477280,8673,229.50,62
477312,8674,205.59,66
477440,8675,231.88,59
477456,8676,232.33,68
477536,8677,212.33,62
477648,8678,224.87,65
477760,8679,220.79,60
477840,8680,222.18,57
477856,8681,228.43,61
477904,8682,249.72,62
477920,8683,255.35,68
477936,8684,243.69,65
478016,8685,189.36,55
478064,8686,233.55,60
478160,8687,236.65,64
478304,8688,247.07,65
478320,8689,242.68,63
478432,8690,205.04,61
478432,8691,215.86,62
478464,8692,256.33,74
478592,8693,226.61,66
478640,8694,231.70,62
478768,8695,257.78,63
478816,8696,228.66,61
478848,8697,205.32,59
478912,8698,236.99,61
478960,8699,233.67,59
478960,8700,223.02,69
479024,8701,212.78,60
479056,8702,231.56,71
479232,8703,252.78,67
479248,8704,238.20,59
479264,8705,231.12,59
479408,8706,222.47,61
479408,8707,223.54,61
479408,8708,237.46,59
479584,8709,227.75,62
479664,8710,241.65,64
479776,8711,229.13,63
479776,8712,228.80,60
479840,8713,216.17,62
479856,8714,233.73,59
479904,8715,221.44,59
479984,8716,241.10,64
480064,8717,240.49,65
480176,8718,253.14,70
480240,8719,237.29,63
480256,8720,171.21,53
480288,8721,232.42,64
480304,8722,231.21,66
480352,8723,231.76,59
480368,8724,232.87,60
480560,8725,232.47,61
480624,8726,219.48,60
480704,8727,217.71,58
480784,8728,247.30,63
480848,8729,223.48,62
480896,8730,215.28,57
480912,8731,253.10,67
480960,8732,216.99,66
481120,8733,223.13,59
481168,8734,248.53,69
481184,8735,238.77,59
481232,8736,236.24,59
481296,8737,203.53,59
481344,8738,215.82,65
481376,8739,230.71,63
481376,8740,272.19,70
481584,8741,243.15,64
481632,8742,219.53,63
481648,8743,223.92,59
481760,8744,230.00,61
481760,8745,215.02,57
481808,8746,229.15,57
481984,8747,220.66,67
482048,8748,244.00,68
482064,8749,189.18,56
482112,8750,208.25,58
482160,8751,220.76,65
482240,8752,224.13,59
482288,8753,229.61,66
482336,8754,220.29,62
482352,8755,211.64,61
482448,8756,240.24,67
482576,8757,250.75,62
482624,8758,209.58,62
482656,8759,224.89,63
482672,8760,233.71,57
482752,8761,234.16,59
482768,8762,243.02,63
482944,8763,198.25,60
482960,8764,159.46,57
483056,8765,209.16,62
483136,8766,224.57,64
483184,8767,234.43,64
483280,8768,230.43,58
483296,8769,235.62,66
483296,8770,223.56,63
483312,8771,216.09,61
483504,8772,245.92,66
483568,8773,245.24,62
483584,8774,190.62,58
483648,8775,233.77,61
483744,8776,244.71,70
483744,8777,221.11,61
483760,8778,234.36,63
483952,8779,227.51,62
483952,8780,253.60,63
483984,8781,235.65,58
484096,8782,216.46,60
484128,8783,215.67,59
484192,8784,206.93,56
484272,8785,232.20,60
484320,8786,250.42,64
484368,8787,248.67,68
484464,8788,210.21,60
484512,8789,216.32,58
484528,8790,203.37,60
484656,8791,229.59,63
484688,8792,216.24,59
484688,8793,219.28,58
484704,8794,224.49,60
484928,8795,230.83,61
484976,8796,230.93,62
485040,8797,224.25,59
485056,8798,251.62,69
485104,8799,237.60,61
485184,8800,228.04,54
485216,8801,227.22,59
485232,8802,254.60,65
485376,8803,261.48,63
485440,8804,245.18,61
485520,8805,230.99,63
485520,8806,263.14,62
485600,8807,212.07,57
485600,8808,234.98,59
485680,8809,228.80,62
485744,8810,232.02,65
485936,8811,219.48,63
485984,8812,241.60,63
486032,8813,226.36,62
486112,8814,232.07,66
486128,8815,209.69,56
486144,8816,244.16,65
486144,8817,202.62,60
486208,8818,231.05,62
486256,8819,215.39,55
486496,8820,213.83,56
486512,8821,233.25,67
486512,8822,218.51,57
486528,8823,246.18,63
486608,8824,238.70,68
486656,8825,208.78,61
486848,8826,237.45,69
486944,8827,253.55,63
486976,8828,221.85,62
487008,8829,247.79,61
487072,8830,218.48,58
487088,8831,209.23,59
487104,8832,215.02,56
487136,8833,192.85,55
487136,8834,225.11,63
487168,8835,202.44,66
487408,8836,180.21,57
487424,8837,205.71,57
487520,8838,247.29,62
487552,8839,235.71,65
487632,8840,260.97,64
487680,8841,249.26,64
487760,8842,236.09,57
487904,8843,231.13,58
487968,8844,212.36,60
487984,8845,239.69,65
488000,8846,227.98,58
488096,8847,213.67,63
488112,8848,247.02,61
488128,8849,228.14,60
488160,8850,235.74,64
488160,8851,238.20,66
488432,8852,259.90,64
488480,8853,231.02,66
488576,8854,214.42,64
488592,8855,198.57,52
488592,8856,221.49,67
488608,8857,236.52,61
488720,8858,269.21,65
488944,8859,222.95,60
488976,8860,256.16,67
488976,8861,256.71,61
489024,8862,247.52,66
489056,8863,230.54,60
489056,8864,222.10,59
489200,8865,254.22,67
489248,8866,248.73,68
489264,8867,251.85,69
489408,8868,228.09,61
489488,8869,197.50,55
489536,8870,216.30,59
489536,8871,206.46,60
489568,8872,256.04,68
489664,8873,240.56,67
489840,8874,230.18,70
489936,8875,191.93,55
489936,8876,205.09,60
489968,8877,228.36,57
490000,8878,235.76,61
490096,8879,251.21,72
490192,8880,210.94,59
490192,8881,254.31,76
490192,8882,248.76,62
490336,8883,234.67,67
490352,8884,200.47,59
490432,8885,225.04,59
490448,8886,239.26,57
490512,8887,187.12,59
490560,8888,209.26,56
490576,8889,237.00,65
490848,8890,225.94,63
490848,8891,230.78,57
490992,8892,235.99,62
491008,8893,254.03,65
491008,8894,239.19,67
491120,8895,210.59,58
491168,8896,233.11,67
491200,8897,240.22,63
491232,8898,237.61,65
491328,8899,241.29,62
491360,8900,228.50,63
491408,8901,242.29,61
491424,8902,241.44,61
491552,8903,229.41,61
491568,8904,227.55,63
491632,8905,276.38,70
491712,8906,199.07,54
491872,8907,231.79,64
491952,8908,220.67,59
491968,8909,231.41,60
492016,8910,232.54,64
492048,8911,189.79,58
492096,8912,229.72,58
492144,8913,216.98,59
492208,8914,205.32,61
492240,8915,214.53,57
492304,8916,240.26,59
492352,8917,215.19,59
492464,8918,256.91,65
492560,8919,235.62,63
492640,8920,260.45,67
492640,8921,236.15,63
492656,8922,225.78,59
492832,8923,231.93,60
492912,8924,208.61,56
492944,8925,251.04,62
493040,8926,239.02,62
493040,8927,244.48,67
493088,8928,231.74,62
493088,8929,234.82,59
493104,8930,181.03,54
493264,8931,220.01,60
493344,8932,237.42,62
493376,8933,234.59,73
493488,8934,248.50,64
493568,8935,264.38,63
493616,8936,233.39,61
493696,8937,262.14,65
493744,8938,225.87,69
493744,8939,198.13,57
493952,8940,232.71,65
493968,8941,233.60,64
494048,8942,234.91,63
494096,8943,254.86,66
494112,8944,227.41,63
494144,8945,253.00,66
494144,8946,244.06,66
494304,8947,250.91,58
494304,8948,219.98,60
494400,8949,205.66,57
494432,8950,261.46,73
494528,8951,235.24,57
494576,8952,268.56,63
494720,8953,232.75,64
494768,8954,238.15,64
494800,8955,222.00,66
494848,8956,201.32,55
494976,8957,220.67,58
495024,8958,215.06,57
495040,8959,258.42,68
495088,8960,229.69,59
495088,8961,224.13,59
495104,8962,231.31,63
495232,8963,220.71,58
495344,8964,253.23,65
495456,8965,230.00,64
495472,8966,256.73,67
495536,8967,213.25,63
495552,8968,216.65,61
495712,8969,246.33,62
495776,8970,235.08,61
495824,8971,216.27,61
495872,8972,244.33,69
495984,8973,217.88,59
496000,8974,234.00,61
496000,8975,232.70,64
496032,8976,240.52,59
496064,8977,240.40,61
496208,8978,242.11,69
496240,8979,239.29,63
496304,8980,247.22,60
496368,8981,211.97,56
496416,8982,214.62,55
496464,8983,229.63,63
496528,8984,226.49,61
496720,8985,233.12,63
496720,8986,184.93,53
496736,8987,240.54,57
496800,8988,241.40,64
496944,8989,225.88,59
497008,8990,212.27,63
497024,8991,254.09,65
497024,8992,234.30,60
497104,8993,193.09,56
497232,8994,271.01,75
497264,8995,230.25,60
497328,8996,250.95,60
497360,8997,228.52,56
497376,8998,238.50,71
497424,8999,199.41,56
497456,9000,251.75,65
497664,9001,226.59,59
497712,9002,250.34,61
497728,9003,214.11,63
497744,9004,229.86,59
497936,9005,264.40,62
498048,9006,224.72,65
498080,9007,231.74,61
498080,9008,185.48,53
498096,9009,241.87,67
498096,9010,254.98,67
498272,9011,251.16,63
498336,9012,262.80,63
498352,9013,231.88,61
498368,9014,240.19,59
498480,9015,228.56,64
498496,9016,253.15,71
498704,9017,223.05,62
498752,9018,269.25,68
498752,9019,234.41,63
498768,9020,224.07,65
498880,9021,225.11,59
499024,9022,207.55,58
499024,9023,209.84,59
499024,9024,237.85,59
499152,9025,248.81,66
499168,9026,283.58,70
499296,9027,223.48,59
499328,9028,235.59,62
499328,9029,249.17,66
499328,9030,223.04,60
499472,9031,245.88,61
499520,9032,234.98,65
499696,9033,222.72,58
499728,9034,220.68,61
499728,9035,235.99,61
499856,9036,232.13,61
499888,9037,222.24,74
499936,9038,216.71,57
499952,9039,203.61,58
500048,9040,241.75,64
500112,9041,211.63,59
500176,9042,234.42,64
500272,9043,238.17,59
500272,9044,231.24,61
500288,9045,214.86,60
500320,9046,234.70,62
500416,9047,228.28,59
500496,9048,242.67,61
500624,9049,182.82,56
500672,9050,242.45,61
500736,9051,228.46,63
500784,9052,222.67,58
500864,9053,235.26,57
500944,9054,250.69,66
500960,9055,240.81,64
501040,9056,260.94,62
501120,9057,217.77,63
501216,9058,219.80,65
501264,9059,239.57,62
501280,9060,228.28,60
501280,9061,194.40,62
501344,9062,243.05,67
501344,9063,215.86,58
501504,9064,225.70,63
501648,9065,253.62,61
501664,9066,204.86,55
501696,9067,188.62,60
501776,9068,249.84,72
501808,9069,216.41,59
501872,9070,231.21,57
501888,9071,184.64,59
502080,9072,250.34,65
502160,9073,240.11,65
502192,9074,233.73,61
502240,9075,230.93,60
502256,9076,229.03,57
502256,9077,231.69,61
502272,9078,236.69,63
502368,9079,228.18,64
502528,9080,204.02,64
502528,9081,197.64,54
502672,9082,237.62,61
502752,9083,217.86,59
502816,9084,264.90,73
502816,9085,219.20,58
502864,9086,270.24,68
502928,9087,253.10,66
503152,9088,222.48,67
503152,9089,236.98,62
503248,9090,227.75,63
503264,9091,223.75,62
503264,9092,252.41,67
503264,9093,212.62,63
503360,9094,242.73,69
503408,9095,246.46,65
503472,9096,227.57,59
503600,9097,252.43,58
503696,9098,269.69,73
503696,9099,222.40,59
503744,9100,230.12,58
503888,9101,243.37,67
503904,9102,243.23,65
504000,9103,242.19,67
504112,9104,208.00,53
504112,9105,198.30,53
504160,9106,220.49,63
504208,9107,236.57,66
504256,9108,195.13,56
504272,9109,249.54,63
504352,9110,233.25,69
504400,9111,229.83,62
504528,9112,249.83,66
504624,9113,245.89,64
504688,9114,234.60,62
504736,9115,236.14,65
504736,9116,237.34,62
504832,9117,217.02,58
504896,9118,225.02,63
504976,9119,218.13,61
505040,9120,194.43,58
505120,9121,212.06,63
505184,9122,245.32,57
505216,9123,230.49,63
505296,9124,269.73,71
505296,9125,270.55,65
505312,9126,247.79,60
505520,9127,267.18,70
505536,9128,259.37,63
505568,9129,198.96,59
505664,9130,226.46,58
505680,9131,228.25,59
505712,9132,235.87,64
505840,9133,221.01,63
505920,9134,241.66,64
506032,9135,238.35,62
506032,9136,250.01,66
506112,9137,183.20,58
506144,9138,241.33,64
506224,9139,211.82,57
506272,9140,234.71,66
506272,9141,229.94,61
506320,9142,251.09,64
506496,9143,213.77,58
506528,9144,220.32,62
506528,9145,254.02,63
506656,9146,249.21,62
506672,9147,247.11,60
506688,9148,219.25,63
506864,9149,231.95,64
506960,9150,240.47,65
506976,9151,199.57,54
507040,9152,232.34,63
507040,9153,250.34,63
507104,9154,211.77,55
507152,9155,251.68,63
507264,9156,240.62,62
507264,9157,248.92,62
507328,9158,245.27,63
507424,9159,219.84,58
507568,9160,233.08,65
507600,9161,233.33,67
507648,9162,211.66,62
507664,9163,259.57,62
507744,9164,259.90,66
507792,9165,225.95,58
507968,9166,226.34,63
508000,9167,245.27,60
508000,9168,234.14,64
508064,9169,237.60,64
508096,9170,253.63,62
508128,9171,229.74,61
508288,9172,235.88,64
508304,9173,246.08,61
508416,9174,225.72,62
508432,9175,245.78,73
508544,9176,222.96,59
508560,9177,189.09,56
508592,9178,234.03,59
508608,9179,249.09,65
508704,9180,209.50,57
508768,9181,229.20,64
508976,9182,209.48,61
508976,9183,241.23,63
509024,9184,248.81,64
509056,9185,222.95,60
509136,9186,241.14,63
509168,9187,258.48,69
509312,9188,252.69,64
509360,9189,221.86,59
509408,9190,274.17,69
509440,9191,204.16,56
509488,9192,247.76,66
509520,9193,208.34,60
509600,9194,261.11,63
509616,9195,262.90,63
509712,9196,252.21,63
509776,9197,214.92,63
509936,9198,210.24,60
510000,9199,218.26,61
510016,9200,155.36,60
510032,9201,201.57,56
510128,9202,272.03,72
510160,9203,235.49,62
510336,9204,218.54,56
510400,9205,255.11,68
510416,9206,213.11,58
510416,9207,231.67,63
510512,9208,259.82,72
510528,9209,237.17,63
510592,9210,238.97,62
510624,9211,211.91,63
510720,9212,230.66,59
510736,9213,243.70,64
510912,9214,215.06,56
510960,9215,254.15,64
511024,9216,227.75,64
511056,9217,213.63,58
511072,9218,215.72,57
511088,9219,237.49,66
511152,9220,156.42,47
511344,9221,217.06,58
511392,9222,251.06,66
511408,9223,240.36,62
511456,9224,221.72,59
511600,9225,227.52,61
511616,9226,232.50,64
511664,9227,263.55,71
511728,9228,253.72,62
511840,9229,229.48,58
511840,9230,253.10,70
511968,9231,241.02,63
512016,9232,234.43,62
512032,9233,269.68,60
512032,9234,206.64,55
512112,9235,222.07,64
512144,9236,249.42,68
512352,9237,237.57,60
512368,9238,236.81,57
512368,9239,213.98,64
512400,9240,254.50,62
512528,9241,258.64,58
512528,9242,227.82,54
512720,9243,258.98,69
512752,9244,212.55,64
512800,9245,202.71,60
512896,9246,246.70,66
512976,9247,240.93,63
512976,9248,211.87,59
513024,9249,217.60,62
513072,9250,221.37,60
513120,9251,246.43,69
513136,9252,224.15,62
513280,9253,214.57,58
513296,9254,233.93,58
513376,9255,241.13,61
513488,9256,203.15,60
513488,9257,238.47,70
513536,9258,225.34,63
513712,9259,210.36,62
513824,9260,211.49,64
513856,9261,246.60,69
513872,9262,218.98,56
513968,9263,228.65,62
513984,9264,237.71,68
514032,9265,237.38,63
514048,9266,231.45,61
514080,9267,223.25,60
514176,9268,208.12,55
514192,9269,214.36,57
514192,9270,216.46,66
514304,9271,225.66,58
514496,9272,220.41,63
514496,9273,232.12,60
514544,9274,239.18,66
514608,9275,212.33,56
514816,9276,232.59,62
514848,9277,247.29,61
514864,9278,221.95,56
514864,9279,257.32,63
514992,9280,246.69,60
515056,9281,215.82,63
515088,9282,225.73,57
515104,9283,223.26,70
515136,9284,207.40,59
515184,9285,252.97,62
515232,9286,265.77,72
515312,9287,187.04,63
515472,9288,247.05,61
515536,9289,233.41,65
515616,9290,229.70,63
515680,9291,252.70,71
515808,9292,231.80,59
515808,9293,212.70,62
515856,9294,208.99,62
515904,9295,245.57,66
515952,9296,232.90,60
516016,9297,240.40,60
516032,9298,219.71,58
516080,9299,224.78,59
516096,9300,223.98,63
516128,9301,239.96,59
516208,9302,258.93,61
516304,9303,240.88,62
516448,9304,223.54,61
516544,9305,233.52,58
516624,9306,277.71,68
516688,9307,231.21,63
516704,9308,212.30,56
516800,9309,222.11,62
516848,9310,234.52,62
516960,9311,222.54,66
517008,9312,235.77,66
517008,9313,249.66,62
517056,9314,220.36,64
517104,9315,208.59,64
517152,9316,251.28,66
517152,9317,232.29,59
517280,9318,217.87,61
517280,9319,230.56,72
517392,9320,238.19,59
517520,9321,225.40,61
517600,9322,220.40,57
517616,9323,187.04,57
517616,9324,231.84,62
517792,9325,227.93,62
517888,9326,233.03,65
517904,9327,212.11,59
517968,9328,231.78,60
518000,9329,236.40,62
518048,9330,244.17,59
518080,9331,217.69,58
518144,9332,246.68,68
518160,9333,249.23,63
518256,9334,233.80,61
518272,9335,230.95,62
518368,9336,230.39,61
518512,9337,236.36,62
518544,9338,229.32,58
518608,9339,225.99,62
518608,9340,264.10,63
518720,9341,219.24,58
518912,9342,224.06,63
518912,9343,255.35,64
519040,9344,256.64,67
519056,9345,232.04,66
519072,9346,257.45,64
519088,9347,218.42,58
519120,9348,216.89,61
519120,9349,262.15,65
519216,9350,233.37,59
519216,9351,193.46,53
519280,9352,251.12,64
519488,9353,239.19,61
519504,9354,235.06,60
519600,9355,253.87,62
519696,9356,237.44,61
519728,9357,236.03,70
519904,9358,233.73,62
519952,9359,227.91,65
520000,9360,233.06,60
520080,9361,221.60,60
520080,9362,221.17,62
520080,9363,228.66,63
520144,9364,240.11,68
520208,9365,239.39,62
520240,9366,243.02,70
520256,9367,243.75,65
520272,9368,231.80,62
520480,9369,250.49,61
520496,9370,244.86,63
520640,9371,258.36,65
520672,9372,235.44,61
520800,9373,214.85,67
520912,9374,199.77,57
521008,9375,245.32,69
521024,9376,244.45,67
521024,9377,218.16,59
521056,9378,228.87,61
521072,9379,250.30,62
521072,9380,211.76,58
521168,9381,240.70,60
521184,9382,214.02,58
521216,9383,240.34,61
521264,9384,222.97,62
521392,9385,221.64,56
521536,9386,209.86,56
521648,9387,229.82,73
521648,9388,245.36,61
521792,9389,211.12,62
521968,9390,213.30,59
521968,9391,230.13,66
521984,9392,263.14,61
521984,9393,244.85,58
522000,9394,219.83,58
522000,9395,225.52,58
522112,9396,251.14,68
522176,9397,228.82,63
522208,9398,260.02,62
522224,9399,246.29,65
522320,9400,261.57,66
522336,9401,233.06,59
522496,9402,222.36,60
522704,9403,241.48,66
522736,9404,243.95,59
522736,9405,220.15,68
522912,9406,220.56,58
522928,9407,250.16,60
522928,9408,218.47,59
522960,9409,230.82,60
522992,9410,275.10,64
523040,9411,238.18,65
523120,9412,219.14,57
523136,9413,224.36,57
523168,9414,214.58,62
523264,9415,264.98,72
523328,9416,239.38,62
523392,9417,248.81,67
523472,9418,225.91,61
523696,9419,237.24,60
523712,9420,235.50,63
523712,9421,217.60,61
523888,9422,224.15,58
523904,9423,244.12,61
523920,9424,251.17,63
523968,9425,218.78,58
524000,9426,214.06,63
524016,9427,231.16,68
524032,9428,210.86,57
524096,9429,202.37,58
524176,9430,229.99,65
524224,9431,230.67,60
524304,9432,211.38,57
524304,9433,230.41,61
524400,9434,215.56,58
524704,9435,263.14,63
524752,9436,241.09,65
524768,9437,239.24,66
524848,9438,233.30,60
524960,9439,257.84,65
524976,9440,240.98,67
525024,9441,244.05,66
525024,9442,254.03,64
525072,9443,246.93,66
525120,9444,226.41,68
525136,9445,215.16,65
525152,9446,243.06,61
525232,9447,259.96,63
525280,9448,231.56,61
525376,9449,242.00,61
525424,9450,232.02,70
525616,9451,219.72,57
525792,9452,228.45,65
525792,9453,236.62,64
525840,9454,276.10,62
525872,9455,243.87,57
526000,9456,216.51,61
526032,9457,246.91,60
526080,9458,253.16,66
526080,9459,268.28,69
526080,9460,232.42,60
526096,9461,212.25,60
526160,9462,211.98,58
526176,9463,217.57,56
526256,9464,261.26,69
526352,9465,220.58,61
526496,9466,277.06,67
526560,9467,228.26,59
526704,9468,233.13,57
526768,9469,215.82,58
526784,9470,234.81,62
526928,9471,236.65,56
526944,9472,247.20,67
527040,9473,268.47,65
527088,9474,244.64,63
527088,9475,243.44,62
527104,9476,224.49,59
527120,9477,255.88,65
527136,9478,249.60,66
527168,9479,222.27,62
527200,9480,223.31,59
527280,9481,231.19,58
527408,9482,229.13,57
527584,9483,257.30,64
527776,9484,266.85,67
527872,9485,272.79,68
527888,9486,249.59,70
527936,9487,230.90,63
527952,9488,237.85,63
527984,9489,225.72,59
528032,9490,240.41,58
528080,9491,249.63,62
528080,9492,236.23,59
528096,9493,256.45,63
528192,9494,246.84,62
528208,9495,245.18,68
528224,9496,250.14,66
528288,9497,243.84,63
528352,9498,209.54,59
528624,9499,246.95,65
528736,9500,233.80,60
528848,9501,238.92,60
528928,9502,203.74,61
528928,9503,245.90,62
528976,9504,246.43,69
528992,9505,230.17,57
529024,9506,225.91,58
529056,9507,253.50,67
529056,9508,241.16,64
529056,9509,224.30,61
529136,9510,239.23,59
529216,9511,253.25,63
529216,9512,224.97,62
529248,9513,220.63,60
529264,9514,233.38,57
529632,9515,242.37,63
529808,9516,247.74,67
529856,9517,233.51,58
529856,9518,242.81,63
529936,9519,265.84,63
529968,9520,226.67,62
529968,9521,255.98,61
530032,9522,232.54,63
530048,9523,258.22,62
530064,9524,224.88,58
530112,9525,230.12,66
530160,9526,212.45,59
530192,9527,254.64,61
530208,9528,265.31,72
530224,9529,262.07,61
530224,9530,246.13,60
530624,9531,255.67,62
530736,9532,223.47,58
530784,9533,222.98,58
530912,9534,210.39,61
530992,9535,279.95,71
531024,9536,242.63,66
531040,9537,231.28,61
531056,9538,244.71,68
531072,9539,228.29,57
531088,9540,245.63,61
531088,9541,241.62,66
531104,9542,248.41,66
531168,9543,212.27,60
531200,9544,226.77,63
531216,9545,257.42,62
531264,9546,261.71,65
531632,9547,234.15,63
531712,9548,229.29,61
531840,9549,243.65,66
531888,9550,222.44,61
531968,9551,228.30,55
531984,9552,200.08,59
532016,9553,251.36,62
532032,9554,229.43,60
532096,9555,246.22,69
532096,9556,270.09,65
532096,9557,242.47,62
532128,9558,226.12,58
532128,9559,249.53,65
532144,9560,211.59,61
532240,9561,235.94,64
532256,9562,247.36,62
532608,9563,244.39,61
532704,9564,238.25,62
532752,9565,215.01,57
532848,9566,219.76,60
532896,9567,220.87,57
532896,9568,240.43,58
532992,9569,225.97,61
533040,9570,245.26,63
533072,9571,228.49,61
533168,9572,253.91,64
533168,9573,273.86,65
533200,9574,281.45,69
533216,9575,245.92,68
533232,9576,256.66,71
533280,9577,246.32,65
533312,9578,251.13,66
533552,9579,234.57,59
533648,9580,214.66,59
533856,9581,229.31,60
533856,9582,251.89,69
533920,9583,229.97,58
533936,9584,211.34,65
533952,9585,201.66,57
533984,9586,280.07,71
534112,9587,214.53,55
534144,9588,214.81,61
534160,9589,282.05,68
534160,9590,215.37,60
534192,9591,250.34,64
534208,9592,226.72,62
534304,9593,189.13,64
534336,9594,251.55,64
534528,9595,234.45,61
534576,9596,227.80,58
534768,9597,244.22,57
534896,9598,242.37,61
534912,9599,242.66,66
534912,9600,246.32,60
534976,9601,275.47,65
535056,9602,231.47,59
535072,9603,269.88,68
535104,9604,236.30,60
535120,9605,248.31,60
535136,9606,227.21,61
535280,9607,245.84,68
535296,9608,260.76,68
535312,9609,226.32,63
535344,9610,275.23,63
535552,9611,263.67,64
535568,9612,218.74,62
535824,9613,220.53,66
535856,9614,255.02,60
535872,9615,240.72,60
535920,9616,249.38,63
535968,9617,232.75,62
536048,9618,222.62,61
536048,9619,237.29,59
536080,9620,274.18,64
536112,9621,201.47,61
536128,9622,253.27,63
536288,9623,255.99,63
536288,9624,229.17,59
536336,9625,241.87,65
536416,9626,269.51,69
536480,9627,234.34,58
536544,9628,207.13,61
536736,9629,232.53,57
536848,9630,245.61,62
536912,9631,214.47,62
536976,9632,226.32,69
537008,9633,234.77,60
537008,9634,241.36,65
537024,9635,246.83,61
537088,9636,243.19,63
537088,9637,214.78,60
537200,9638,257.16,68
537312,9639,245.28,64
537344,9640,253.17,66
537408,9641,232.26,62
537408,9642,268.82,67
537440,9643,218.21,60
537600,9644,271.47,66
537712,9645,218.22,61
537760,9646,206.09,57
537888,9647,216.16,61
537920,9648,228.89,56
537936,9649,227.93,58
538000,9650,248.49,62
538032,9651,238.47,66
538080,9652,246.02,62
538144,9653,265.95,66
538272,9654,240.10,67
538304,9655,215.45,60
538416,9656,259.75,63
538432,9657,245.23,70
538464,9658,255.94,64
538512,9659,272.00,69
538544,9660,237.52,59
538768,9661,241.91,63
538816,9662,260.66,69
538880,9663,225.25,60
538912,9664,266.15,64
538944,9665,215.43,57
538960,9666,237.93,64
539024,9667,236.27,64
539024,9668,223.19,59
539104,9669,245.45,60
539200,9670,220.64,56
539296,9671,258.94,64
539376,9672,246.62,60
539440,9673,253.64,61
539488,9674,255.06,66
539536,9675,242.17,62
539568,9676,259.67,66
539712,9677,234.80,56
539744,9678,224.53,61
539920,9679,240.43,61
539920,9680,256.16,65
539920,9681,255.66,63
539920,9682,230.41,60
540000,9683,225.22,61
540064,9684,222.53,60
540144,9685,254.99,70
540144,9686,246.78,59
540320,9687,262.23,64
540352,9688,220.67,57
540352,9689,251.19,61
540432,9690,207.37,56
540512,9691,251.97,59
540576,9692,260.95,68
540656,9693,204.78,57
540736,9694,254.04,64
540896,9695,253.10,61
540976,9696,278.17,66
540976,9697,244.29,66
540992,9698,236.18,67
541008,9699,251.84,63
541120,9700,237.10,66
541136,9701,244.89,62
541184,9702,255.63,65
541248,9703,216.82,58
541392,9704,245.35,65
541408,9705,213.28,61
541408,9706,232.87,66
541616,9707,244.10,69
541696,9708,273.62,70
541728,9709,235.12,67
541744,9710,233.72,63
541856,9711,242.17,60
541904,9712,231.75,58
541984,9713,235.35,61
541984,9714,252.98,63
542016,9715,208.10,56
542032,9716,227.76,65
542160,9717,242.82,64
542336,9718,285.78,68
542368,9719,256.13,74
542368,9720,240.62,60
542448,9721,273.23,65
542464,9722,253.09,67
542640,9723,224.79,59
542688,9724,242.26,59
542800,9725,265.01,74
542832,9726,227.22,58
542848,9727,206.63,54
542912,9728,294.77,74
542944,9729,243.10,60
542944,9730,242.82,68
543072,9731,244.38,65
543184,9732,257.58,73
543248,9733,269.93,68
543296,9734,203.47,58
543312,9735,228.93,59
543360,9736,235.63,64
543392,9737,233.36,59
543568,9738,235.41,69
543616,9739,243.76,61
543744,9740,240.11,66
543760,9741,228.19,58
543808,9742,251.89,63
543872,9743,232.55,58
543888,9744,208.56,61
543968,9745,209.53,64
543984,9746,247.09,71
544112,9747,243.64,65
544192,9748,242.71,59
544272,9749,200.29,60
544288,9750,210.00,69
544320,9751,241.46,60
544368,9752,264.46,67
544400,9753,258.28,63
544576,9754,255.93,63
544656,9755,206.11,56
544656,9756,238.57,65
544720,9757,228.68,61
544752,9758,214.14,55
544784,9759,246.57,61
544864,9760,228.43,61
544944,9761,206.06,61
544976,9762,240.19,62
545104,9763,246.21,57
545152,9764,246.85,65
545232,9765,235.07,60
545264,9766,263.65,61
545328,9767,247.62,63
545392,9768,241.95,62
545392,9769,254.94,64
545584,9770,243.01,63
545616,9771,228.95,60
545616,9772,216.99,60
545648,9773,210.42,58
545760,9774,229.88,61
545776,9775,215.09,64
545856,9776,245.41,62
545904,9777,236.76,58
546016,9778,245.65,67
546080,9779,211.33,58
546160,9780,254.86,66
546208,9781,257.67,61
546320,9782,247.10,66
546352,9783,250.87,64
546432,9784,260.10,65
546512,9785,268.99,70
546528,9786,238.55,59
546528,9787,233.35,57
546608,9788,269.92,62
546640,9789,223.97,62
546752,9790,229.62,62
546768,9791,236.54,62
546800,9792,223.31,59
546976,9793,231.52,67
546976,9794,259.06,60
547040,9795,244.41,60
547104,9796,248.19,59
547184,9797,250.99,61
547344,9798,238.69,62
547360,9799,219.80,65
547360,9800,221.54,58
547456,9801,218.22,58
547456,9802,249.41,59
547488,9803,215.73,60
547600,9804,240.98,60
547664,9805,261.66,66
547696,9806,223.31,58
547744,9807,243.73,62
547760,9808,203.46,60
547904,9809,237.00,58
547936,9810,251.00,60
548016,9811,239.53,61
548096,9812,259.65,62
548112,9813,213.37,58
548352,9814,240.58,63
548400,9815,219.92,59
548400,9816,245.29,65
548432,9817,232.95,59
548432,9818,277.12,67
548448,9819,219.06,62
548592,9820,242.48,62
548640,9821,238.63,59
548688,9822,237.98,64
548720,9823,239.41,61
548768,9824,241.31,63
548944,9825,244.72,63
548960,9826,235.26,66
549040,9827,225.66,59
549120,9828,284.58,69
549232,9829,227.46,70
549312,9830,205.17,57
549392,9831,223.76,62
549440,9832,241.37,62
549456,9833,197.91,69
549472,9834,245.59,65
549552,9835,264.07,70
549552,9836,228.33,57
549584,9837,242.01,62
549632,9838,236.17,59
549744,9839,252.11,64
549872,9840,240.93,69
550000,9841,211.35,60
550048,9842,254.46,69
550048,9843,236.09,58
550048,9844,246.30,68
550272,9845,234.37,65
550336,9846,272.88,64
550336,9847,208.75,56
550368,9848,217.81,61
550464,9849,225.69,57
550480,9850,239.80,63
550544,9851,253.96,68
550608,9852,225.00,61
550624,9853,280.20,67
550704,9854,259.48,70
550768,9855,253.92,64
550848,9856,228.26,61
550928,9857,239.05,58
550944,9858,219.31,56
551056,9859,234.40,63
551136,9860,274.75,68
551200,9861,230.38,58
551312,9862,257.72,59
551328,9863,257.36,62
551376,9864,255.71,65
551456,9865,239.90,61
551472,9866,217.44,63
551552,9867,254.58,63
551632,9868,218.89,63
551632,9869,254.90,64
551664,9870,228.74,60
551744,9871,260.61,61
551856,9872,221.68,63
551920,9873,249.00,62
551936,9874,232.30,62
552064,9875,256.17,63
552176,9876,241.25,61
552224,9877,251.46,68
552288,9878,244.53,61
552320,9879,218.99,54
552352,9880,207.25,55
552416,9881,243.60,68
552448,9882,223.33,67
552576,9883,236.94,64
552624,9884,240.13,62
552672,9885,239.38,65
552672,9886,251.86,63
552688,9887,238.07,59
552848,9888,227.70,62
552896,9889,222.41,61
552992,9890,253.45,66
553040,9891,248.00,61
553104,9892,230.63,58
553248,9893,263.39,64
553264,9894,248.61,59
553280,9895,254.80,62
553344,9896,243.00,58
553456,9897,234.55,69
553456,9898,229.91,63
553504,9899,229.01,58
553616,9900,218.86,58
553648,9901,241.92,61
553648,9902,242.71,64
553728,9903,241.71,66
553792,9904,227.78,59
553840,9905,247.03,59
554000,9906,218.04,60
554016,9907,249.69,64
554064,9908,238.10,60
554288,9909,222.84,59
554288,9910,245.90,65
554304,9911,234.52,64
554400,9912,204.98,71
554416,9913,236.77,60
554512,9914,248.49,66
554624,9915,246.17,63
554640,9916,230.49,62
554672,9917,290.26,73
554704,9918,249.70,66
554704,9919,217.92,61
554768,9920,196.33,58
554912,9921,264.98,70
554992,9922,257.99,62
555024,9923,237.41,63
555120,9924,244.07,66
555216,9925,232.07,58
555232,9926,229.88,58
555248,9927,232.87,60
555344,9928,204.65,59
555440,9929,251.72,64
555536,9930,238.80,64
555600,9931,224.27,61
555664,9932,238.90,60
555696,9933,249.45,62
555696,9934,258.01,66
555808,9935,241.01,71
555856,9936,248.21,68
555904,9937,225.00,62
556016,9938,240.26,62
556048,9939,215.41,58
556176,9940,242.91,74
556256,9941,259.29,65
556272,9942,231.78,65
556304,9943,234.17,60
556336,9944,267.58,68
556496,9945,247.79,66
556608,9946,259.91,67
556624,9947,257.23,64
556720,9948,242.94,66
556752,9949,240.36,59
556848,9950,232.16,62
556864,9951,238.05,73
556896,9952,236.26,62
556896,9953,249.32,75
557024,9954,219.21,61
557120,9955,253.49,69
557120,9956,221.65,59
557280,9957,239.22,61
557280,9958,234.97,63
557280,9959,227.85,64
557344,9960,262.81,63
557520,9961,238.19,64
557568,9962,227.54,60
557616,9963,210.41,56
557712,9964,263.06,68
557712,9965,245.19,60
557840,9966,222.94,62
557872,9967,264.37,63
557904,9968,251.79,63
557920,9969,239.13,64
558080,9970,240.73,60
558128,9971,247.29,63
558144,9972,248.36,70
558240,9973,249.72,60
558256,9974,217.75,57
558304,9975,251.95,64
558352,9976,261.65,67
558464,9977,230.81,59
558576,9978,248.12,60
558576,9979,256.46,63
558720,9980,249.98,63
558736,9981,253.74,64
558800,9982,228.18,60
558864,9983,253.36,62
558928,9984,268.72,64
558944,9985,262.18,64
559056,9986,237.24,57
559072,9987,246.89,62
559184,9988,252.63,59
559184,9989,258.71,66
559264,9990,261.46,60
559296,9991,245.09,65
559360,9992,240.55,63
559520,9993,259.61,66
559568,9994,218.58,62
559616,9995,250.87,65
559616,9996,231.19,56
559776,9997,241.31,57
559776,9998,239.25,61
559856,9999,253.11,70
559904,10000,237.76,61
559984,10001,272.96,65
560096,10002,211.41,57
560096,10003,253.16,64
560144,10004,262.48,68
560176,10005,243.11,57
560208,10006,253.98,64
560336,10007,264.31,65
560384,10008,244.14,64
560416,10009,214.04,56
560592,10010,259.26,64
560656,10011,255.71,65
560720,10012,266.26,69
560752,10013,246.83,61
560800,10014,259.92,64
560832,10015,253.69,61
560912,10016,243.72,63
560944,10017,232.47,60
561008,10018,223.98,54
561088,10019,236.04,62
561104,10020,248.62,58
561136,10021,265.44,65
561152,10022,231.18,59
561296,10023,218.15,60
561456,10024,261.94,65
561456,10025,260.35,67
561552,10026,250.95,60
561632,10027,201.27,57
561664,10028,261.67,63
561696,10029,188.51,56
561728,10030,255.72,61
561776,10031,233.97,59
561936,10032,250.14,58
561952,10033,271.76,65
562000,10034,263.51,66
562048,10035,180.44,56
562064,10036,241.45,60
562176,10037,220.94,55
562208,10038,263.21,70
562288,10039,273.82,72
562432,10040,246.06,61
562464,10041,245.82,63
562560,10042,244.28,58
562608,10043,247.03,66
562640,10044,247.31,61
562688,10045,254.93,62
562720,10046,231.06,59
562720,10047,229.25,62
562832,10048,211.00,56
563008,10049,279.30,66
563008,10050,231.88,59
563056,10051,272.98,66
563072,10052,235.09,64
563200,10053,243.02,62
563280,10054,271.98,69
563312,10055,253.15,64
563472,10056,245.77,65
563552,10057,214.01,62
563584,10058,250.70,70
563664,10059,259.64,61
563664,10060,264.44,59
563664,10061,223.57,59
563696,10062,245.02,66
563712,10063,211.04,55
563760,10064,281.35,72
563904,10065,225.57,56
563984,10066,241.59,61
564080,10067,224.13,63
564112,10068,267.51,66
564192,10069,241.45,62
564256,10070,248.63,61
564336,10071,257.59,64
564448,10072,244.88,61
564480,10073,231.79,56
564560,10074,260.73,63
564656,10075,229.97,62
564736,10076,254.80,67
564752,10077,270.74,68
564768,10078,248.85,66
564784,10079,250.67,64
564800,10080,285.78,69
564944,10081,245.62,60
565024,10082,244.41,70
565024,10083,236.87,59
565152,10084,239.87,60
565216,10085,224.81,60
565248,10086,254.07,71
565440,10087,228.72,60
565488,10088,268.94,72
565536,10089,240.52,61
565536,10090,248.57,68
565664,10091,243.07,57
565712,10092,228.12,58
565712,10093,226.83,61
565728,10094,261.73,67
565728,10095,214.28,58
565728,10096,255.59,60
565936,10097,233.72,62
566032,10098,240.26,63
566032,10099,259.90,63
566224,10100,272.18,67
566224,10101,228.35,63
566272,10102,262.33,64
566464,10103,242.43,64
566480,10104,253.58,59
566496,10105,266.62,63
566544,10106,261.81,63
566624,10107,235.58,60
566672,10108,215.77,59
566688,10109,225.13,60
566736,10110,252.84,64
566768,10111,253.26,66
566800,10112,243.08,67
566944,10113,244.09,63
567008,10114,244.81,61
567072,10115,241.78,65
567216,10116,245.45,62
567280,10117,270.80,66
567408,10118,215.27,57
567440,10119,208.40,60
567456,10120,231.68,62
567504,10121,269.11,77
567584,10122,239.32,65
567632,10123,216.95,60
567648,10124,249.58,64
567792,10125,254.03,66
567808,10126,247.16,70
567904,10127,190.60,60
567920,10128,271.95,72
567952,10129,263.36,72
567968,10130,242.70,60
568144,10131,238.63,58
568144,10132,270.28,67
568304,10133,210.04,54
568336,10134,260.61,66
568400,10135,231.34,62
568416,10136,184.72,57
568432,10137,218.43,61
568592,10138,230.49,60
568608,10139,259.68,64
568624,10140,265.41,61
568832,10141,261.64,64
568848,10142,257.28,66
568880,10143,207.09,60
568896,10144,228.42,59
568896,10145,257.70,62
569040,10146,271.83,67
569136,10147,214.31,62
569136,10148,219.28,62
569328,10149,263.83,64
569344,10150,237.78,59
569360,10151,248.36,64
569376,10152,240.30,59
569424,10153,237.65,63
569600,10154,247.40,62
569616,10155,252.55,64
569840,10156,248.46,63
569856,10157,274.99,77
569856,10158,234.48,60
569856,10159,230.73,63
569888,10160,255.51,62
569888,10161,240.16,63
569984,10162,241.09,59
570080,10163,248.61,59
570112,10164,243.63,61
570272,10165,229.99,59
570336,10166,241.84,62
570384,10167,244.98,60
570400,10168,244.13,65
570416,10169,250.74,65
570640,10170,233.88,64
570656,10171,250.42,66
570752,10172,243.19,57
570800,10173,212.47,59
570816,10174,231.63,58
570848,10175,251.52,62
570880,10176,220.32,64
571024,10177,261.30,71
571040,10178,253.55,60
571040,10179,267.68,66
571184,10180,219.03,57
571184,10181,244.00,67
571360,10182,234.99,60
571360,10183,258.32,64
571424,10184,265.59,63
571440,10185,263.93,66
571568,10186,243.67,58
571744,10187,254.35,62
571744,10188,245.65,58
571744,10189,264.34,68
571792,10190,234.26,62
571808,10191,231.91,58
571824,10192,244.60,61
572000,10193,236.93,61
572016,10194,241.64,61
572016,10195,237.41,61
572112,10196,224.81,58
572144,10197,247.45,60
572240,10198,205.70,55
572320,10199,237.96,60
572400,10200,261.09,61
572544,10201,259.00,61
572544,10202,273.01,69
572624,10203,215.27,55
572720,10204,256.23,61
572752,10205,221.67,59
572768,10206,244.61,64
572784,10207,252.61,62
572800,10208,247.39,61
572992,10209,242.89,61
573024,10210,177.57,57
573056,10211,257.24,66
573104,10212,252.25,68
573104,10213,241.89,60
573280,10214,249.44,65
573312,10215,237.79,62
573408,10216,263.91,63
573536,10217,258.31,62
573552,10218,264.22,63
573632,10219,273.67,63
573760,10220,246.37,65
573776,10221,238.38,62
573776,10222,240.66,63
573824,10223,265.59,67
573872,10224,261.15,67
573952,10225,228.24,58
574032,10226,251.57,65
574064,10227,229.37,60
574080,10228,275.56,64
574112,10229,260.52,63
574272,10230,244.33,62
574272,10231,253.36,60
574320,10232,216.96,57
574512,10233,223.22,60
574528,10234,240.62,62
574608,10235,241.63,61
574704,10236,220.01,58
574752,10237,250.07,62
574816,10238,272.93,65
574880,10239,261.61,66
574976,10240,278.81,69
575008,10241,252.54,59
575024,10242,257.42,67
575056,10243,237.01,59
575072,10244,248.88,62
575136,10245,264.11,69
575264,10246,245.50,62
575280,10247,251.01,60
575328,10248,242.61,66
575488,10249,264.04,61
575632,10250,250.12,69
575760,10251,208.87,59
575792,10252,270.09,68
575808,10253,259.39,66
575824,10254,279.73,76
575840,10255,239.83,60
575968,10256,242.73,62
575968,10257,229.70,57
576016,10258,235.75,62
576048,10259,240.79,65
576080,10260,230.16,63
576144,10261,247.18,63
576176,10262,201.02,57
576240,10263,223.88,57
576272,10264,228.28,62
576448,10265,236.83,60
576624,10266,270.92,62
576704,10267,223.68,56
576736,10268,223.66,61
576848,10269,265.33,63
576864,10270,232.48,67
576880,10271,242.72,66
576896,10272,239.84,58
576992,10273,253.64,64
577024,10274,252.55,61
577056,10275,242.49,65
577088,10276,233.47,59
577152,10277,255.09,67
577168,10278,223.35,58
577248,10279,233.29,61
577280,10280,268.59,69
577408,10281,232.96,60
577680,10282,259.07,66
577680,10283,245.65,61
577712,10284,206.80,54
577808,10285,238.09,67
577888,10286,225.08,62
577904,10287,242.94,65
577920,10288,241.18,58
578000,10289,261.41,70
578016,10290,245.81,62
578128,10291,233.91,61
578160,10292,228.25,62
578176,10293,273.43,70
578192,10294,224.44,57
578192,10295,266.33,69
578240,10296,254.23,62
578384,10297,225.57,61
578560,10298,194.35,55
578624,10299,200.98,57
578688,10300,246.06,63
578816,10301,235.93,63
578864,10302,228.10,59
578864,10303,224.35,61
578864,10304,248.93,60
579024,10305,238.19,64
579072,10306,249.18,66
579168,10307,270.60,62
579168,10308,248.60,63
579168,10309,257.98,65
579200,10310,254.68,60
579216,10311,236.69,64
579312,10312,274.16,70
579360,10313,235.82,61
579456,10314,196.43,52
579616,10315,285.69,66
579696,10316,285.54,63
579792,10317,239.53,61
579856,10318,218.55,62
579872,10319,252.10,63
579872,10320,246.67,63
580016,10321,245.86,62
580016,10322,225.91,59
580080,10323,202.84,57
580128,10324,240.40,60
580160,10325,240.08,60
580224,10326,251.41,66
580240,10327,233.41,64
580304,10328,244.42,62
580320,10329,245.19,60
580448,10330,262.73,62
580576,10331,242.57,60
580656,10332,222.21,60
580752,10333,254.28,60
580784,10334,237.10,57
580848,10335,255.11,62
580864,10336,218.57,62
580960,10337,237.27,59
581008,10338,252.07,62
581088,10339,269.99,63
581104,10340,233.17,61
581168,10341,217.24,59
581200,10342,244.12,65
581280,10343,248.37,65
581296,10344,246.49,61
581296,10345,217.42,62
581408,10346,252.95,60
581552,10347,246.79,61
581632,10348,224.57,61
581664,10349,212.35,57
581696,10350,228.81,57
581824,10351,236.99,60
581888,10352,264.25,65
581936,10353,232.49,58
582000,10354,256.80,65
582032,10355,240.02,59
582080,10356,247.85,61
582176,10357,225.80,61
582176,10358,211.89,63
582304,10359,266.79,63
582320,10360,265.34,64
582448,10361,239.59,73
582464,10362,220.59,57
582480,10363,242.81,67
582672,10364,252.19,65
582688,10365,253.63,64
582736,10366,252.93,65
582848,10367,237.39,64
582896,10368,234.62,60
582944,10369,236.99,66
582960,10370,231.18,60
583040,10371,251.17,63
583104,10372,204.33,58
583200,10373,256.85,70
583200,10374,238.70,64
583328,10375,257.22,64
583344,10376,248.72,64
583392,10377,251.97,59
583472,10378,260.76,63
583520,10379,237.27,65
583696,10380,245.82,63
583712,10381,209.83,54
583712,10382,254.57,65
583712,10383,223.67,61
583840,10384,233.84,59
583856,10385,238.13,56
583888,10386,215.86,59
584016,10387,253.96,61
584064,10388,221.41,60
584192,10389,237.99,62
584224,10390,244.59,64
584352,10391,258.48,63
584384,10392,248.73,62
584432,10393,259.40,69
584480,10394,230.59,60
584512,10395,260.17,65
584656,10396,239.50,60
584672,10397,237.44,60
584768,10398,223.25,66
584784,10399,230.59,59
584800,10400,252.58,68
584880,10401,246.64,64
584896,10402,239.84,63
585072,10403,252.26,66
585136,10404,233.25,57
585168,10405,257.13,61
585232,10406,237.56,73
585392,10407,234.33,63
585408,10408,271.60,66
585472,10409,234.12,62
585472,10410,260.09,65
585552,10411,245.81,65
585584,10412,210.23,57
585696,10413,254.81,65
585744,10414,237.00,60
585808,10415,252.56,65
585856,10416,249.80,66
585984,10417,283.34,69
586016,10418,255.65,70
586048,10419,241.79,61
586064,10420,228.58,58
586176,10421,235.36,59
586256,10422,239.40,68
586400,10423,241.44,62
586416,10424,243.99,64
586464,10425,234.78,62
586496,10426,236.04,64
586528,10427,219.20,59
586672,10428,267.74,70
586688,10429,236.13,62
586736,10430,227.07,58
586800,10431,259.13,66
586848,10432,258.66,62
586976,10433,229.43,62
587024,10434,255.17,61
587136,10435,266.30,67
587168,10436,270.36,72
587184,10437,244.56,63
587264,10438,246.74,63
587360,10439,260.77,59
587376,10440,230.27,61
587440,10441,231.06,59
587472,10442,214.10,63
587584,10443,265.08,66
587680,10444,251.16,62
587696,10445,242.42,64
587760,10446,234.87,60
587792,10447,246.51,66
587952,10448,255.65,61
587952,10449,240.55,58
587968,10450,250.63,70
588112,10451,257.04,61
588176,10452,256.61,63
588256,10453,238.89,62
588336,10454,266.56,72
588336,10455,241.58,60
588384,10456,225.81,59
588432,10457,267.09,67
588464,10458,260.24,62
588624,10459,277.14,65
588704,10460,256.95,64
588720,10461,224.83,60
588752,10462,248.12,66
588800,10463,230.64,63
588896,10464,235.18,59
588944,10465,232.40,61
589040,10466,238.23,58
589120,10467,271.89,73
589168,10468,242.21,62
589344,10469,272.64,63
589344,10470,252.30,68
589360,10471,227.33,61
589376,10472,257.23,65
589392,10473,235.23,58
589440,10474,250.38,63
589648,10475,237.84,64
589680,10476,211.96,58
589696,10477,240.81,61
589760,10478,228.42,60
589824,10479,263.03,70
589872,10480,233.98,58
589904,10481,236.29,63
590080,10482,242.04,65
590176,10483,246.14,63
590208,10484,261.91,68
590256,10485,244.01,57
590320,10486,224.80,59
590368,10487,258.84,63
590384,10488,256.85,62
590432,10489,290.37,68
590448,10490,250.96,63
590592,10491,229.31,59
590640,10492,232.12,59
590704,10493,257.67,64
590704,10494,249.90,59
590800,10495,245.06,58
590800,10496,220.58,56
590816,10497,230.81,62
591120,10498,257.95,65
591120,10499,208.32,57
591152,10500,238.47,61
591216,10501,240.62,60
591328,10502,217.64,63
591360,10503,258.32,61
591376,10504,220.96,58
591392,10505,227.40,60
591472,10506,279.49,69
591600,10507,247.38,63
591648,10508,244.95,59
591712,10509,241.88,63
591776,10510,237.99,61
591792,10511,264.58,72
591808,10512,252.65,63
591856,10513,246.55,65
592064,10514,225.81,57
592176,10515,284.89,66
592224,10516,266.32,63
592240,10517,253.18,70
592304,10518,251.43,61
592320,10519,246.47,60
592432,10520,237.16,60
592496,10521,243.52,70
592544,10522,159.65,56
592544,10523,263.80,72
592688,10524,250.25,61
592736,10525,249.76,71
592736,10526,217.93,60
592736,10527,226.42,55
592784,10528,247.32,62
592800,10529,246.16,62
592976,10530,203.44,57
593200,10531,262.03,60
593216,10532,265.80,65
593216,10533,251.16,62
593248,10534,259.81,59
593312,10535,219.93,62
593408,10536,225.00,57
593408,10537,255.19,61
593488,10538,235.94,59
593536,10539,270.12,62
593696,10540,256.01,60
593712,10541,221.46,57
593744,10542,261.73,63
593744,10543,270.31,63
593760,10544,233.69,61
593968,10545,270.96,62
594080,10546,248.23,87
594176,10547,219.24,60
594240,10548,249.19,64
594256,10549,244.77,63
594272,10550,240.71,67
594320,10551,260.58,63
594416,10552,243.42,63
594416,10553,224.69,58
594512,10554,261.62,69
594528,10555,251.78,62
594720,10556,236.79,61
594752,10557,270.72,63
594768,10558,280.71,67
594816,10559,253.21,66
594864,10560,249.94,72
595024,10561,269.07,66
595072,10562,249.92,62
595168,10563,228.73,57
595184,10564,206.76,57
595200,10565,248.46,64
595296,10566,256.62,61
595312,10567,267.08,67
595376,10568,223.39,60
595488,10569,250.40,67
595504,10570,242.69,62
595600,10571,258.24,67
595712,10572,229.22,62
595776,10573,245.83,60
595792,10574,264.24,64
595808,10575,250.28,66
595824,10576,254.63,60
595936,10577,223.73,57
595984,10578,222.06,57
596096,10579,213.46,56
596192,10580,263.02,64
596256,10581,284.27,67
596336,10582,271.38,64
596336,10583,258.38,60
596448,10584,234.26,72
596464,10585,239.63,61
596496,10586,249.91,62
596592,10587,222.14,55
596624,10588,239.97,64
596704,10589,224.57,56
596720,10590,233.46,59
596816,10591,259.95,64
596832,10592,265.54,63
596912,10593,259.91,61
596992,10594,247.67,63
597152,10595,238.75,60
597168,10596,276.26,67
597232,10597,221.76,56
597232,10598,234.61,61
597376,10599,275.60,65
597440,10600,236.81,62
597552,10601,221.27,66
597552,10602,256.14,58
597616,10603,240.85,64
597616,10604,268.28,72
597664,10605,236.39,59
597680,10606,256.51,61
597808,10607,242.76,61
597824,10608,253.78,63
597840,10609,240.18,58
597936,10610,225.33,59
598176,10611,240.95,64
598208,10612,259.70,61
598224,10613,276.69,62
598336,10614,273.65,73
598416,10615,273.69,65
598512,10616,278.45,67
598560,10617,243.63,63
598576,10618,238.11,64
598592,10619,210.10,58
598688,10620,246.06,67
598688,10621,241.48,67
598688,10622,250.27,63
598736,10623,267.09,58
598832,10624,206.27,63
598960,10625,265.22,64
598992,10626,265.76,72
599152,10627,235.21,58
599216,10628,239.72,63
599264,10629,275.40,68
599408,10630,230.90,67
599472,10631,271.84,66
599488,10632,225.06,56
599504,10633,240.36,59
599536,10634,268.46,64
599568,10635,256.31,62
599616,10636,236.90,58
599728,10637,221.44,65
599856,10638,239.11,64
599872,10639,253.20,74
599872,10640,278.78,71
600000,10641,263.08,65
600032,10642,280.28,65
600112,10643,268.89,60
600176,10644,237.07,60
600208,10645,241.88,59
600416,10646,238.18,63
600496,10647,265.22,62
600528,10648,265.94,65
600544,10649,249.63,61
600560,10650,261.49,68
600576,10651,249.84,65
600624,10652,241.07,63
600720,10653,239.67,62
600800,10654,231.56,58
600832,10655,241.05,61
600864,10656,235.96,62
601120,10657,241.28,59
601120,10658,240.30,68
601120,10659,240.37,63
601184,10660,238.44,61
601264,10661,261.40,79
601392,10662,228.01,61
601488,10663,233.60,62
601504,10664,254.48,60
601520,10665,254.63,60
601600,10666,275.14,67
601616,10667,257.14,62
601712,10668,269.73,71
601728,10669,228.57,58
601760,10670,265.88,65
601824,10671,254.11,60
601840,10672,235.44,63
602000,10673,214.31,55
602096,10674,250.99,61
602112,10675,238.40,62
602208,10676,241.02,64
602208,10677,251.92,59
602288,10678,237.76,56
602416,10679,235.33,58
602464,10680,244.84,59
602576,10681,242.10,60
602576,10682,297.61,67
602624,10683,290.45,64
602656,10684,211.53,59
602656,10685,231.98,58
602800,10686,234.87,61
602896,10687,284.84,66
602912,10688,255.49,72
602976,10689,267.54,61
603072,10690,248.82,60
603200,10691,279.95,69
603200,10692,242.11,62
603312,10693,240.55,64
603312,10694,246.10,69
603360,10695,259.54,59
603456,10696,239.55,62
603632,10697,266.34,66
603632,10698,267.13,66
603664,10699,239.91,65
603712,10700,251.09,66
603712,10701,269.15,66
603792,10702,254.11,62
603808,10703,228.15,56
603952,10704,264.59,66
604048,10705,265.98,67
604064,10706,231.25,62
604192,10707,254.08,62
604256,10708,238.47,66
604336,10709,263.04,64
604384,10710,266.06,64
604400,10711,220.93,59
604464,10712,257.53,72
604656,10713,248.84,64
604656,10714,264.34,64
604736,10715,245.06,64
604768,10716,250.42,69
604816,10717,230.88,63
604832,10718,288.06,70
604912,10719,247.98,70
604960,10720,245.33,63
605040,10721,250.66,62
605056,10722,262.36,62
605232,10723,240.27,65
605296,10724,254.21,65
605312,10725,249.67,61
605360,10726,227.42,56
605392,10727,267.96,63
605488,10728,256.85,68
605600,10729,231.80,59
605728,10730,247.09,67
605744,10731,248.59,63
605760,10732,235.28,58
605776,10733,245.52,63
605840,10734,257.51,64
606000,10735,229.76,65
606000,10736,230.81,59
606096,10737,262.50,74
606112,10738,271.53,67
606288,10739,267.14,66
606384,10740,273.62,64
606384,10741,257.06,67
606432,10742,272.31,65
606432,10743,289.15,71
606480,10744,256.61,62
606560,10745,240.40,60
606720,10746,262.46,61
606736,10747,254.19,63
606736,10748,243.82,60
606800,10749,265.45,65
606880,10750,268.04,65
606960,10751,221.25,60
607040,10752,243.33,59
607040,10753,244.37,65
607104,10754,238.91,62
607328,10755,235.58,56
607328,10756,230.18,59
607360,10757,253.27,61
607392,10758,283.11,69
607488,10759,229.77,58
607504,10760,269.18,67
607504,10761,224.12,64
607696,10762,217.54,60
607696,10763,252.15,61
607760,10764,251.53,64
607776,10765,228.43,61
607856,10766,247.79,61
607968,10767,253.13,63
608016,10768,238.80,61
608016,10769,253.04,61
608144,10770,236.09,65
608256,10771,258.52,58
608320,10772,243.00,62
608336,10773,267.34,61
608368,10774,232.18,61
608432,10775,231.18,58
608480,10776,262.81,62
608608,10777,258.66,69
608688,10778,238.94,62
608720,10779,244.03,60
608736,10780,268.49,65
608752,10781,241.44,61
608832,10782,231.43,61
608928,10783,244.63,60
608944,10784,227.16,58
608944,10785,249.10,58
609120,10786,249.63,61
609312,10787,271.67,66
609376,10788,285.37,65
609392,10789,283.55,67
609408,10790,205.21,61
609424,10791,225.39,59
609440,10792,294.88,67
609632,10793,276.68,64
609632,10794,214.99,57
609648,10795,259.17,60
609696,10796,233.37,60
609776,10797,262.95,64
609872,10798,288.64,65
609904,10799,236.29,60
609936,10800,246.14,63
610016,10801,250.88,67
610176,10802,244.88,66
610304,10803,257.63,62
610320,10804,234.63,58
610368,10805,231.15,60
610384,10806,260.70,63
610400,10807,240.80,60
610416,10808,232.88,62
610576,10809,228.14,59
610576,10810,234.70,59
610592,10811,217.34,56
610736,10812,229.93,60
610736,10813,239.92,68
610912,10814,272.71,65
610912,10815,234.76,61
610944,10816,257.44,65
611008,10817,257.71,62
611200,10818,253.50,64
611312,10819,248.03,62
611328,10820,228.96,60
611360,10821,238.18,66
611376,10822,246.59,61
611424,10823,232.26,65
611456,10824,236.76,65
611552,10825,226.87,61
611568,10826,237.96,61
611712,10827,274.90,71
611760,10828,249.89,64
611824,10829,252.14,68
611920,10830,257.36,63
612048,10831,270.02,69
612080,10832,271.40,67
612080,10833,285.37,73
612272,10834,238.97,59
612304,10835,236.33,62
612304,10836,241.73,59
612336,10837,267.12,71
612448,10838,268.09,62
612448,10839,283.72,67
612464,10840,216.56,57
612496,10841,228.17,58
612528,10842,265.45,69
612704,10843,267.07,62
612752,10844,259.95,58
612816,10845,271.13,66
612960,10846,247.27,65
613008,10847,243.48,60
613072,10848,247.62,62
613232,10849,249.46,58
613280,10850,289.06,75
613312,10851,264.94,65
613376,10852,229.51,55
613408,10853,218.31,67
613408,10854,260.91,60
613440,10855,231.34,62
613456,10856,271.07,72
613488,10857,264.37,64
613536,10858,251.02,63
613696,10859,265.02,62
613760,10860,247.40,59
613856,10861,266.95,69
613952,10862,253.49,62
614000,10863,267.68,62
614080,10864,261.54,63
614176,10865,222.14,59
614288,10866,247.37,61
614336,10867,249.15,66
614352,10868,238.95,61
614384,10869,247.20,61
614384,10870,235.70,61
614448,10871,260.28,63
614528,10872,243.12,65
614592,10873,237.00,66
614688,10874,276.50,77
614720,10875,233.91,64
614736,10876,227.46,55
614784,10877,263.31,64
614992,10878,260.80,65
615104,10879,260.14,69
615136,10880,212.86,60
615152,10881,234.56,67
615344,10882,253.84,56
615360,10883,255.01,64
615360,10884,231.81,63
615360,10885,266.57,61
615408,10886,238.64,64
615440,10887,287.87,72
615536,10888,237.36,63
615696,10889,241.47,60
615696,10890,260.71,69
615712,10891,268.71,62
615728,10892,279.66,65
615888,10893,279.92,69
616000,10894,247.56,63
616064,10895,238.85,57
616096,10896,252.73,62
616208,10897,251.17,67
616256,10898,242.86,57
616304,10899,245.01,59
616416,10900,234.30,66
616464,10901,263.50,66
616464,10902,249.87,64
616480,10903,247.73,70
616592,10904,274.67,66
616640,10905,236.82,58
616672,10906,255.35,61
616704,10907,235.68,61
616768,10908,259.10,67
616912,10909,244.83,64
616960,10910,246.94,60
617120,10911,242.04,66
617120,10912,255.35,64
617248,10913,259.39,65
617280,10914,261.69,64
617376,10915,246.73,67
617440,10916,242.00,61
617472,10917,234.05,62
617504,10918,254.55,65
617520,10919,245.46,69
617568,10920,242.48,61
617648,10921,244.96,63
617664,10922,238.48,62
617712,10923,235.83,63
617840,10924,259.20,67
617952,10925,239.79,62
618032,10926,277.07,70
618160,10927,240.79,65
618160,10928,259.26,65
618224,10929,242.10,61
618256,10930,231.93,61
618416,10931,272.24,65
618416,10932,244.73,59
618416,10933,243.66,61
618496,10934,240.25,62
618624,10935,238.44,66
618656,10936,259.08,63
618672,10937,237.09,72
618688,10938,253.03,64
618720,10939,256.78,63
618928,10940,223.31,61
618928,10941,236.09,68
619040,10942,244.21,63
619168,10943,247.92,63
619184,10944,261.43,64
619264,10945,209.96,53
619296,10946,206.11,55
619360,10947,262.00,69
619376,10948,266.82,72
619488,10949,281.29,67
619568,10950,274.47,67
619600,10951,246.88,61
619600,10952,234.14,59
619648,10953,241.27,61
619744,10954,262.27,66
619792,10955,248.97,67
619904,10956,238.10,61
619968,10957,270.96,65
620048,10958,242.71,63
620112,10959,245.19,59
620144,10960,220.74,55
620208,10961,224.78,64
620288,10962,245.57,62
620352,10963,243.98,62
620384,10964,165.59,49
620400,10965,263.33,64
620528,10966,256.93,65
620592,10967,242.81,62
620624,10968,236.11,61
620640,10969,261.61,67
620704,10970,211.46,60
620784,10971,245.69,62
620960,10972,270.45,62
620960,10973,269.11,66
621040,10974,237.45,58
621072,10975,249.93,64
621104,10976,240.60,60
621232,10977,229.74,59
621248,10978,268.10,65
621360,10979,247.45,61
621408,10980,250.20,63
621408,10981,266.31,66
621536,10982,228.50,57
621600,10983,235.40,60
621616,10984,268.13,68
621696,10985,263.24,69
621712,10986,279.95,63
621760,10987,243.28,61
621856,10988,233.09,56
621952,10989,244.94,62
622016,10990,213.81,61
622032,10991,229.51,60
622096,10992,255.47,62
622272,10993,243.82,65
622336,10994,240.34,61
622384,10995,256.82,71
622416,10996,234.18,63
622416,10997,223.80,63
622528,10998,258.60,62
